subject,label,t_start_s,ecg_hr_mean,ecg_hr_std,ecg_sdnn,ecg_rmssd,ecg_pnn50,eda_mean,eda_std,eda_min,eda_max,eda_slope,eda_scr_count,resp_rate,resp_std,temp_mean,temp_std,temp_slope,acc_mag_mean,acc_mag_std,acc_x_std,acc_y_std,acc_z_std
S2,baseline,306.54714285714283,82.66560282206125,8.674395794039416,79.74100973060219,70.31440568090227,40.0,4.931498441696196,0.2714256132137279,4.5048223855976826,5.717066826043312,-0.9193987067993731,0,19.448446182342046,2.571493465254006,29.15655839102609,0.07528098761357335,-0.11382013640902594,0.9407373505756869,0.024140595422570788,0.12705536701561784,0.042168888745103016,0.24606053601151315
S2,baseline,336.54714285714283,74.98769207628469,7.7150115070745695,79.73388529711359,63.66317131254781,36.36363636363637,4.499269035410251,0.23210632669970221,4.085678465616773,4.8770006633697145,-0.8008001769774884,0,21.94958066844188,1.92267346581716,29.025112439836775,0.13310227339299804,-0.4407359923071122,0.9514260076419013,0.02156862061413174,0.06681669611334584,0.015888341428250786,0.1650859906175719
S2,baseline,366.54714285714283,70.61450425015575,5.41473029949678,63.23428099310947,49.209270033872095,28.78787878787879,4.104212631097889,0.21982683235918782,3.7646206428405677,4.504815489858863,-0.75927643844091,0,22.508038585209007,1.5294450854830186,28.85825229535784,0.07298834537336796,-0.22875017706502848,0.9527991148482905,0.004684007993114763,0.006468295052626336,0.008386648870164395,0.007589680985640103
S2,baseline,396.54714285714283,70.311825837734,5.045447362441463,58.93318644292698,57.548716248903055,36.76470588235294,3.768287366951856,0.17027851500273397,3.4652602968409925,4.085659761165188,-0.5892334188223367,0,22.375564462935714,1.4636389479603338,28.804537307739256,0.039775140640798505,-0.0023401295258590154,0.952485967382998,0.004301351753184219,0.005610033272539603,0.005043683399005396,0.00704931899825101
S2,baseline,426.54714285714283,74.3042370893431,6.085728720603676,65.74888175395111,69.20258187427447,43.47826086956522,3.4979766997018387,0.14539887829781525,3.2941221969823213,3.7646170304783575,-0.47879796548434855,1,23.439283630552243,1.8089764468284064,28.80382717895508,0.03800517715365912,0.003948454206400522,0.9503027168290326,0.008648905456409653,0.07659441095127752,0.042727524689187495,0.19316142971928496
S2,baseline,456.54714285714283,74.70153950793413,5.574731440074696,59.65981585334591,65.14607162168228,43.47826086956522,3.264061224034872,0.12886736539411137,3.0158652412501397,3.4987266489536517,-0.42143841353347977,1,23.576501598613724,1.8139284359994214,28.78527010672433,0.055872716491341304,-0.09784011630515256,0.9473597755585142,0.008587787935358639,0.07335375330415017,0.05196141212582455,0.18967597531135916
S2,baseline,486.54714285714283,72.71630607129171,4.867698145097032,54.034273344731595,61.088384693547106,43.66197183098591,3.0234000376811707,0.15457241242809885,2.77116267103872,3.325023915992298,-0.5345366691629813,0,22.67293899899746,1.420080130689464,28.732266123453776,0.06976831020127279,-0.19391459381648166,0.9469468048568145,0.004630360439235594,0.0053822616916120326,0.006760224917964618,0.0069249090339420895
S2,baseline,516.5471428571428,72.821922120995,4.785368409979628,52.72183453498838,55.914359843221014,38.028169014084504,2.7817108243786595,0.12611828422671487,2.57856880541804,3.0158521618694514,-0.4359140388008939,0,22.483940042826553,1.3610555307469707,28.627706545148577,0.08005067673763823,-0.24065640013825854,0.9475516314341139,0.004231793027495282,0.0043870965928052095,0.0058611170507405054,0.006318955487928441
S2,baseline,546.5471428571428,72.98282141731252,5.137864623715362,57.19272627687878,57.86054411771175,42.857142857142854,2.583078380641918,0.10350833372083355,2.412549811222476,2.771345316433874,-0.35821336629019584,0,22.48777044951203,1.4039394329828268,28.572530613490514,0.03966732264108384,0.04948506295620482,0.9481463793869095,0.004801242080786227,0.004851901457344547,0.006074641702164063,0.0065102341928331255
S2,baseline,576.5471428571428,72.71150958719464,6.676058309498689,75.05707413183433,64.3855434028456,45.588235294117645,2.4175518940775143,0.08752704329425665,2.2744981568406226,2.5796305787567744,-0.3027671783365936,0,23.12485922366544,1.4380279227413328,28.572627563476562,0.04216195908914307,-0.03325984460979863,0.9486018783458967,0.00528965486775623,0.006394961208448748,0.007355602869279242,0.007703255653443847
S2,baseline,606.5471428571428,71.26104800220439,5.914896160873652,68.92629830873916,62.32792333628605,44.776119402985074,2.278339509583156,0.07302211593471189,2.1593368850797408,2.4125450911649327,-0.25255235616418437,0,22.125225767609873,1.4264790243177747,28.51556743367513,0.05913169789957337,-0.1701548700690865,0.9488649073578636,0.004955058523527425,0.006454767927377917,0.00651843771328121,0.0078043465867028835
S2,baseline,636.5471428571428,72.60471854616014,4.994501091072046,56.4394889773043,61.71669496431079,41.42857142857143,2.1591844078522113,0.0644994860508014,2.04702619927057,2.275388365714453,-0.22332837526924829,0,22.41537053979872,1.434297714944124,28.444981266566685,0.04383149121361384,-0.10034529645123404,0.949142809347823,0.00484107555521824,0.006183137819411463,0.005491171438711435,0.0075705582714862656
S2,baseline,666.5471428571428,72.61442674838852,5.072757306889423,57.72286900184223,60.466601628803694,41.42857142857143,2.05027233551697,0.061386475382833004,1.9450836317233753,2.1593279921009545,-0.21252627199449586,0,22.49655664949242,1.443106310802642,28.418334406534832,0.036867424965425596,0.003512006977807987,0.949519996334484,0.004853656302039661,0.005201971404310641,0.005085761902007002,0.006639285634566261
S2,baseline,696.5471428571428,70.69590956956745,4.68997640161891,56.16255632350312,68.82023314255714,47.05882352941176,1.9482352406078511,0.05588405367975902,1.856058203049896,2.047016933424803,-0.19339714976978628,0,21.505376344086024,1.4063850741885007,28.460421065557572,0.05685058728688236,0.15328459341675824,0.9497771659327754,0.004374314291615989,0.004438383778100272,0.004039464808863829,0.006127222055699825
S2,baseline,726.5471428571428,72.10102071443991,4.795370022150707,55.30377916189294,68.60224647614933,42.857142857142854,1.8569461917599315,0.04883700073918475,1.7752790257297992,1.945081842728285,-0.16910181781548583,0,21.545301316657305,1.3727009221831663,28.50162730480376,0.03388802571141798,0.005177368774903786,0.9499449838868966,0.004176322021280208,0.004083885014499688,0.0035363376640189124,0.006064694369457666
S2,baseline,756.5471428571428,74.11426312487758,5.422234673764556,58.68986008157827,58.20564255634349,45.83333333333333,1.779486701764757,0.04040908397843573,1.7140582202087442,1.8560537493443352,-0.1393529479997866,0,22.546483822165825,1.4210575900876221,28.499309962681362,0.033083755046855665,0.0017591941615436653,0.9503743353146619,0.0055615133110785,0.006994684256511866,0.006436086283260841,0.008293772850704434
S2,baseline,786.5471428571428,72.60856416120708,5.856049706211934,64.79975411455574,66.64710597388216,50.0,1.7151203038565612,0.033576706134634385,1.6573067472567398,1.775272844470294,-0.11616483409727182,0,22.707378610782143,1.3868325321243098,28.471283601306734,0.04611659210266724,-0.10950323254264506,0.9509289113439459,0.00549254686395707,0.006612280086206337,0.006745067261948189,0.00785470341965971
S2,baseline,816.5471428571428,70.53163275728457,4.625540006230776,55.418865745217445,78.1255492177574,52.94117647058824,1.658866210322442,0.03111011108844686,1.6059260427765893,1.7142734363562424,-0.10769898338501004,0,21.33929478711513,1.3421256137528281,28.419880127679733,0.04351099446719408,-0.09362500084097138,0.9511196276703682,0.004199514573087264,0.004424893171081897,0.004983606563253127,0.006160858880367096
S2,baseline,846.5471428571428,72.55663570960797,4.77343577893144,54.67205500039363,69.07278452966999,50.0,1.6072433496604637,0.028566176275009673,1.5584145188218625,1.6578822537158286,-0.09888937281169553,0,21.817615126879822,1.3678347408914462,28.38674102347238,0.03571667102753508,-0.04096579680038704,0.9509824502326693,0.004341010742680106,0.005406424549233486,0.006270089753224139,0.006831775965076517
S2,baseline,876.5471428571428,73.79869911597216,5.9194564631453135,64.89966768740588,65.7125603638236,51.388888888888886,1.5595893870540627,0.026128523610263292,1.5181782422029073,1.6059947909625538,-0.0902368935077518,0,22.524708225860003,1.3828130847599351,28.368945682343984,0.03586582428164831,-0.03447616343333883,0.9509798502195308,0.004822805557301978,0.006392135243521033,0.0075716048866612045,0.007580353851452215
S2,baseline,906.5471428571428,72.05712419605472,5.434452292956259,62.220710627295745,66.29094806923769,51.42857142857142,1.5170438060873057,0.022497088163710478,1.4784234589824898,1.5584141775236504,-0.07782693589471479,0,22.02931997587265,1.3566072086404934,28.378827998570035,0.04664708668297391,0.08234010528255865,0.9512545895733584,0.0046760165451569715,0.004616975856116321,0.0052176917309026075,0.006444020015618555
S2,baseline,936.5471428571428,70.67162935618984,4.296201655303173,51.22050964291518,58.88317782340443,49.275362318840585,1.4792797375290256,0.020946761803798286,1.444018117996011,1.5181785952460902,-0.07244443366414496,0,21.22337603274464,1.3113573468928164,28.42624548775809,0.05219775070643362,0.12663444998896886,0.9512547512738441,0.004226690381496522,0.0041321854913340065,0.003662220650245869,0.006065938029812961
S2,baseline,966.5471428571428,69.88877287045834,4.4689575225928,52.889812387209126,53.95060614603922,45.45454545454545,1.4450531201969086,0.0187087690177974,1.4115004725898885,1.4787306783193173,-0.0647309572459452,0,20.476239351329163,1.3464357340557636,28.440434729439872,0.04325712397945825,-0.06576755940688853,0.9510933614334635,0.00415895220795527,0.0038897657555897395,0.003353619247810918,0.0058944467917871205
S2,baseline,996.5471428571428,70.66007308782716,5.6363681576491445,64.82129835392158,71.96345571378485,50.74626865671642,1.4121009486156526,0.0195044897791593,1.3774606477581253,1.4446360603336288,-0.0675052409003757,0,20.620687873071653,1.457929831107858,28.396133770897276,0.049740126433864225,-0.12055900191483264,0.9514286880368353,0.004562789298525092,0.007547989206652167,0.003979253602568394,0.008606652227413083
S2,baseline,1026.547142857143,71.49287188991264,5.75661644333532,66.402606292592,78.0613975056705,56.52173913043478,1.376946143396118,0.021021334574241254,1.3405235287070811,1.4134671819186677,-0.07273808033024895,0,21.02838832423772,1.4888078650436734,28.344079934983025,0.04169562929210949,-0.07129270239941642,0.9518164438668031,0.004609930165304207,0.007967083285457435,0.00719462841397517,0.008966824381766427
S2,baseline,1056.547142857143,69.86420040126734,5.369880423912607,65.78880381842805,64.11823718672392,50.74626865671642,1.3398557740500059,0.02163548495941482,1.3036377249181714,1.3775584698242724,-0.07480652603530963,0,20.24250418548019,1.4161961947092125,28.301717371622722,0.042714631152017665,-0.07406087848968745,0.9516507965449157,0.004191254472542399,0.004803064472166499,0.006065815445232838,0.006598749520319964
S2,baseline,1086.547142857143,69.5481358252739,4.651045031055787,58.311078170797515,54.513046612622446,46.26865671641791,1.304514534133932,0.01924934079275322,1.2706694116785238,1.341086538704998,-0.06648433504108488,0,20.209694575292506,1.3764194897008695,28.235490563528877,0.06179269704480015,-0.17500821392825228,0.9516495644787972,0.004089735824463586,0.0049107163431891514,0.003436495963517733,0.006573065238162321
S2,baseline,1116.547142857143,70.37465911885553,4.290389833129531,53.27506365096597,63.88436808010231,45.588235294117645,1.267873033319997,0.022700995847479977,1.2306625768231696,1.3040677627596229,-0.07825411038937628,0,20.228136882129277,1.3969957631337115,28.204005817958286,0.04591461058266533,0.059016567157570865,0.9516756336651103,0.004106911462095518,0.006563746486075831,0.004154812083562714,0.007706493754156058
S2,baseline,1146.547142857143,71.28725129163158,5.414685876003357,63.51710009198905,66.64699171546522,49.25373134328358,1.233503064504914,0.016936860405303854,1.2100168642861882,1.2713071292028757,-0.057653931349927294,0,20.997375328083987,1.5007253626023016,28.259143251691548,0.056951991970241714,0.15089412838221822,0.9517637023220578,0.004615982252751565,0.007509648214308471,0.009121271664291188,0.008689412423607285
S2,baseline,1176.547142857143,71.79067282976419,6.651718668529013,76.22666586864433,76.48711194139464,51.515151515151516,1.2094945267484263,0.01245539719893073,1.1871557790206444,1.2316549578634721,-0.04188229532066576,0,19.086571233810496,2.231002255786609,28.313300982520694,0.03715628859015642,0.04126492275096619,0.952320236869872,0.004954850149538027,0.007973980405821115,0.009368272762823699,0.008955305086218543
S2,baseline,1206.547142857143,70.47464737339439,5.732782648133608,66.27968939606448,71.0000331660214,43.07692307692308,1.1946178852873073,0.00962716051960594,1.1763013056987746,1.2315490435590442,-0.028476352745623226,0,19.409499358151475,2.1498786394354203,28.324388899303617,0.03631101505263345,-0.002755002387577165,0.9527740760574684,0.004891950694634543,0.006851630526711189,0.007220419425277749,0.007643561830378565
S2,baseline,1236.547142857143,71.10659337744495,4.404662067910303,52.33698619370565,69.6352809731907,51.515151515151516,1.178532384282867,0.012585381691313909,1.1587053408968826,1.201049926263977,-0.04290872318755484,0,22.22726241778181,1.3634542010717832,28.350712175641743,0.0534613934475482,0.13252491282604284,0.9529596222247226,0.004462122801237513,0.005565845473201643,0.0035677525177783623,0.006664338774912379
S2,baseline,1266.547142857143,72.36746053125941,5.379550561729447,61.772445869670456,68.49827878847134,53.62318840579711,1.1646354684687183,0.00911807293359005,1.1462264504727084,1.1845984072312488,-0.014429082269743649,0,22.240714123609955,1.4324056504967244,28.45573055666969,0.09277347008169977,0.2953417971781441,0.9531559883545032,0.005014433606308203,0.006755359367938217,0.00857759070376349,0.008003013451152632
S2,baseline,1296.547142857143,74.41732578012612,5.384631043354889,58.97427547285767,55.77358449835678,36.61971830985916,1.1533742394979467,0.01186167032328725,1.135947584811718,1.1845984072312488,-0.02897168811930061,0,19.73941878378026,1.6397512633112359,29.850113027663458,1.572927506495807,5.0204365459357945,0.9535085555847561,0.005423799464156392,0.007412009908004392,0.008546736728566628,0.008767835654250027
S2,baseline,1326.547142857143,75.23018976035736,5.143316820166021,54.337484307991986,59.21558816750909,36.986301369863014,1.1404991952065913,0.005687628875601794,1.1296644805617042,1.1569673778603533,-0.017638795013094174,0,18.65330997557305,1.6954819862413175,32.33371048990885,1.4714949780897586,4.852522630383124,0.9529164277769095,0.004951621780240983,0.004400704084856308,0.009279493938841109,0.006600966770351002
S2,baseline,1356.547142857143,75.0236800220593,5.838254426681621,62.27939379056528,62.22285491255917,50.0,1.128893553411565,0.008022541364144828,1.1141112251397203,1.1440643466012843,-0.02569302172445931,0,21.493270559336782,1.6871326541294112,33.553071525937035,0.5561603871883528,-0.024034255142402174,0.952242763244243,0.006064729177609714,0.034060091415786704,0.023754571296819894,0.06614036471773796
S2,baseline,1386.547142857143,78.77484139424817,6.92730540999182,67.08339488785538,51.95748891333646,41.0958904109589,1.1112444573006337,0.01676767143688623,1.0804440672251088,1.1473440486699515,-0.04852515901397736,0,18.944519621109606,3.4728631002243397,32.18671683102562,1.5651134823762944,-5.327848862283258,0.9485648494543718,0.011869384635300339,0.08713749095855187,0.04490100290100905,0.1801744259720097
S2,stress,2273.5457142857144,82.21343643205282,5.79604768365632,50.79784050025941,50.11482552634022,30.37974683544304,1.2124968642469998,0.028371596224215985,1.179439476480789,1.270317343138546,-0.09325117588893815,0,15.365719810803046,3.935497159946162,31.334572743007115,0.05024350397453335,0.12064892316363958,0.9282804870832058,0.011655274954446923,0.012325187857363371,0.014193896836177274,0.021248591676074145
S2,stress,2303.5457142857144,80.22764831786431,6.619283710721685,61.123553661875754,56.320752932505734,32.0,1.1841810224636207,0.008555636031605718,1.1738793284998759,1.2635518994673076,-0.011734514053109513,0,14.241001564945229,4.4309705511067055,31.349056098574685,0.031038747477980588,-0.06577585709267586,0.9290967790940278,0.012063060779982692,0.014084212514817387,0.011597656986581386,0.03050044683132225
S2,stress,2333.5457142857144,79.42730659321931,7.4895101615359,72.20520341468115,57.02964976554698,31.944444444444443,1.2335025153071686,0.054790872788998524,1.1738793284998759,1.320551524352136,0.16609390977568886,0,10.76923076923077,4.243810154811373,31.269055076235816,0.07300848831919947,-0.21886474184263394,0.9295656960486264,0.012228528550830491,0.01497935845312777,0.01299038750736609,0.03357297296439202
S2,stress,2363.5457142857144,79.64965310383235,7.213055596762762,70.07030703579728,45.975148566527594,21.333333333333336,1.2803610555213418,0.014533283730162806,1.2576412656657927,1.320551524352136,-0.01873443834197759,1,12.421992842566027,2.907749972819323,31.247523456391836,0.052715855657050566,0.14792265659403997,0.9298204746846994,0.010541308327815396,0.012154516295185455,0.011937165833679361,0.024092013974460362
S2,stress,2393.5457142857144,78.97002346904007,6.825307225838249,66.30633823995888,38.58843162650673,18.571428571428573,1.2684132051398203,0.008026534199749878,1.2553499110737125,1.2895542996930618,-0.022509612053086478,0,14.485832537408472,2.4968038499907146,31.296033520653133,0.028092881733247824,0.043239043033699846,0.9302202941755705,0.010483284535544308,0.011387440959982082,0.013582334319541188,0.017273546179906677
S2,stress,2423.5457142857144,79.7237666849574,7.401664949424182,71.73635535375212,39.51735460772575,16.666666666666664,1.3085343051443061,0.06373094490248575,1.2553499110737125,1.4576154590542632,0.18010569737398507,1,13.88697544981126,2.264748537533072,31.345334807623,0.05128709987704443,0.15406251606107485,0.929553851107557,0.01332298875582271,0.016608274167883602,0.02053344642170946,0.04111808374588157
S2,stress,2453.5457142857144,84.71125750004363,6.5565830259662645,55.612465829929995,43.4156159165409,21.73913043478261,1.3884596584939597,0.05590615824991221,1.272588877382856,1.4576154590542632,0.14872534719581393,1,15.110631408526713,2.7143610469759354,31.39225755818685,0.02022414814121838,-0.0016181729591286948,0.927763401179832,0.013689977806857911,0.017129329057117462,0.019289143376119054,0.04308637433583769
S2,stress,2483.5457142857144,82.29289919948857,7.350224942295149,64.01502510503424,51.67630067081436,28.125,1.4257553387093096,0.018118233603477096,1.3938852950005625,1.486865630157505,0.028722861196287183,0,18.98251461823112,2.9846210081300155,31.34625392150879,0.08986309618824846,-0.23296284727205432,0.9276156646396493,0.018106577959020924,0.02013864656246839,0.01940647742746982,0.03532922496338756
S2,stress,2513.5457142857144,73.72603092444595,5.717413255393706,64.16029950506012,47.01000691867366,29.03225806451613,1.4670393611142858,0.05281630720797237,1.3938852950005625,1.6307916854713518,0.14902757219032484,2,17.37062503231143,3.009896277462221,31.183884267171223,0.13915639439549848,-0.45024271696755275,0.9287265274715563,0.017452862792993493,0.019844986350699832,0.01752025270837776,0.037389681408283824
S2,stress,2543.5457142857144,74.34795417210114,5.557507382686463,60.40391673531188,41.460474776214966,23.943661971830984,1.5034345762635832,0.03373704571077101,1.4278888048086997,1.6307916854713518,0.013508173406077843,1,22.3178702375259,2.417937310048654,31.06900596836635,0.0298946146695943,-0.030982421397369987,0.9294839903895576,0.009712241459177371,0.011265129720375598,0.00934184824584835,0.021953264000686916
S2,stress,2573.5457142857144,76.29878178756724,4.398464677901541,44.72703809227631,36.24737280549593,13.513513513513514,1.5400294796195675,0.09571826404869502,1.4595585909939348,1.9062050945294569,0.2012767563745273,1,18.60602480803308,2.416284358503856,31.070881474086217,0.02475802375982039,-0.011950239795979376,0.9297986119623423,0.008071245401460501,0.009303326912730111,0.00837485916070236,0.01768895995442981
S2,stress,2603.5457142857144,74.2060334405573,3.8024055289690337,41.18531878213346,36.88709254430175,11.11111111111111,1.681623366918959,0.14255725553299586,1.4595585909939348,1.9062050945294569,0.4336448956855179,2,17.858929464732366,2.37965545711983,31.075784342447918,0.019715701195108102,0.00580656846322105,0.9307551412092445,0.008412152504876824,0.010850261713134765,0.01883321372853071,0.026247267882193497
S2,stress,2633.5457142857144,73.03796104141927,4.32650125609732,47.35787592061652,41.43545292021654,20.588235294117645,1.8187195041243913,0.0733899656044095,1.6635986925588218,1.99735169205091,0.1320730941827924,3,21.85564864442941,1.841229127367858,31.132108367919923,0.06885810686001376,0.2060271451633722,0.9304996168736133,0.010697888723555532,0.01493169169102064,0.020610213239614223,0.039428673842974875
S2,stress,2663.5457142857144,74.59084373402591,4.7511726762851385,49.81147735936679,40.72592028537083,17.142857142857142,1.9360360180885283,0.1525869960119227,1.7766520619288153,2.3219873390704575,0.36444793607916875,2,22.795999069551062,2.136879240742469,31.237042420160204,0.06839276471583504,0.20130204801235999,0.9301022237398641,0.009101353136579017,0.010795574026235419,0.011195892187592066,0.024372316210816473
S2,stress,2693.5457142857144,74.10839220378149,4.820538680205437,50.51978778043225,41.68740980265411,16.666666666666664,2.193588604514648,0.21657731770255575,1.881644592514986,2.5267419096116086,0.6652555660554689,4,21.327375209465295,2.2714377419432354,31.281187518165225,0.020327746224000964,-0.03777345054476303,0.9306627553877949,0.005906711243884452,0.006522551876326816,0.004822958375325568,0.013192125991476017
S2,stress,2723.5457142857144,74.66956846187969,6.065464243796974,63.17816249762592,52.079785445560404,30.434782608695656,2.46909642591404,0.13563054762054566,2.2549612092358697,2.830081869455842,0.34896402044741365,6,19.698839792643792,2.5474239363139195,31.241530894688196,0.06169707961076669,-0.1613351806781024,0.9302760167417071,0.013135332989174185,0.015091604374738471,0.013288587909625367,0.02315285078786326
S2,stress,2753.5457142857144,76.43113247501604,6.404393278539215,64.29241587643932,56.16366635684616,37.83783783783784,2.624743665285281,0.10290441302129225,2.3664117748092566,2.863224124978893,0.14671502330785538,5,18.997445721583652,2.523950597482971,31.14119811866397,0.08726924847673934,-0.24943950622534075,0.929779943072037,0.013444344466322622,0.015574529217387872,0.014274413620734214,0.025508722478325727
S2,stress,2783.5457142857144,74.42912218491728,4.6197535277719854,49.10033078286556,48.65946736424821,34.72222222222222,2.7677419429182635,0.14109822486180423,2.5926328364528093,3.13332338192607,0.3131128198697688,3,18.746745356708907,2.284136536586412,31.096578155517577,0.032463131775797176,0.09029357553845412,0.9296918256499813,0.006607744108347683,0.007283579381748575,0.006330754023826391,0.012625983876285538
S2,stress,2813.5457142857144,74.21917309021025,3.8824720057336144,41.960561517365626,41.056760665837764,25.0,2.8865941306735077,0.10676762421269445,2.629700606010313,3.13332338192607,0.18000656950873223,4,18.294089010735608,2.208337313967624,31.11475887552897,0.01905778224372223,-0.016793826169804998,0.9298822229680586,0.006153967424311045,0.006681417880495494,0.006113580431506572,0.010765578305725774
S2,amusement,4763.547142857143,64.83549575086073,5.223027774030673,75.21646388862811,94.83040260220506,54.23728813559322,0.7640747208342545,0.013212811419139285,0.744831067906178,0.789659450105376,0.04160427744224661,0,22.32515756701344,1.753991746065458,31.779399197533017,0.09377491750570856,0.3139275925238012,0.9264522220805934,0.0025903711398310818,0.002664706285839951,0.004424738110146987,0.009803514816328825
S2,amusement,4793.547142857143,66.7578981846007,3.78642592624312,50.14042780032894,61.82857687745437,36.507936507936506,0.7959958849335498,0.02624659798158607,0.7589085411115476,0.8405780007523938,0.08468235484570016,0,22.71556608632945,1.8178116925496037,31.976956444876535,0.12317577066112212,0.41335144754102965,0.9258613742129286,0.002708288386097869,0.002751830450593735,0.004697011684423086,0.009324311231705823
S2,amusement,4823.547142857143,68.07976930388264,5.082746411882604,61.8545805235746,58.84274052289626,31.25,0.8445706930707907,0.033754304921084465,0.7840196830532512,0.9120189405796644,0.10355487669076723,1,21.386562110140797,2.140230858711473,32.14862644667853,0.07544818666224543,0.2327882207864994,0.9255851354593013,0.006151024961600391,0.006127689853002945,0.004289578662117765,0.013798611980739676
S2,amusement,4853.547142857143,70.41152577235479,5.317315155122528,63.75494231796776,66.35172206060793,35.9375,0.8521498173775996,0.027141560608829593,0.7964279960466756,0.9120189405796644,-0.07437646569923889,1,22.671773385085984,2.1263825309196096,32.09275542849586,0.12667470182512072,-0.3863490861262403,0.9255673884736458,0.006111220166818059,0.006093081295149047,0.004108906969748383,0.013597324663569053
S2,amusement,4883.547142857143,68.37019819689732,5.125839516211007,66.51364578615247,61.94031827742007,38.70967741935484,0.803943521685301,0.0320014225899914,0.755012535226221,0.8612623681778463,-0.10934072165130249,0,21.862528815407877,1.9072807251177828,31.962184719267345,0.05765253909802429,-0.07360654017652199,0.9255050354966952,0.0026314566030833774,0.002642845467223444,0.0032332099302008087,0.007809412828311626
S2,amusement,4913.547142857143,65.41092188762518,5.158735578591618,71.20600244769045,81.7201103270368,43.54838709677419,0.755792962846086,0.02346874375823319,0.7153701739308848,0.7971796232811844,-0.08083827725347513,0,20.207135803094374,1.8853202249711156,32.029087033226375,0.09555096551917132,0.31743380091061507,0.9254336496713452,0.00263350894728785,0.0026346534993772685,0.0030961841812100614,0.00806272674416342
S2,amusement,4943.547142857143,65.62535042500679,5.239741045571932,71.73877858363623,93.86619417809545,51.61290322580645,0.7214308266716593,0.018070922648450543,0.6900315302376435,0.7575825282307501,-0.06121161058143422,0,20.78612174728452,1.9570867965766587,32.148719138009206,0.07637225414586785,0.20928218755538672,0.9254895951736334,0.002612226402290832,0.00260248797041719,0.003247616822313223,0.008411885875490794
S2,amusement,4973.547142857143,68.42518493362527,5.93519027240613,75.52198598257544,64.50496050492852,39.34426229508197,0.7066409272422807,0.017031616985833383,0.6819999881379717,0.747370680407545,0.004722079640615118,0,20.619568952820465,2.144790806185562,32.258880164010186,0.0934932715875973,0.2905231432792488,0.9258652685207652,0.004997236129183769,0.007683870017915536,0.020126795666744295,0.055949766277710214
S2,amusement,5003.547142857143,67.86794121745952,6.3727549673929555,82.00308991501986,56.78972518244277,35.714285714285715,0.7018667012144402,0.02059346326168105,0.6759387414627277,0.747370680407545,-0.010808933523404677,1,19.52328073754616,2.1289860267911234,32.40385692705427,0.09113794660820793,0.28902862427382336,0.9273463549092984,0.005107996891420106,0.007847522826792505,0.020538092746112423,0.05710191717925416
S2,amusement,5033.547142857143,66.31785947665875,6.082144744373237,83.17721187982065,78.58462737766837,50.81967213114754,0.6540156232315213,0.05342484964210777,0.5564255407264272,0.740027590705635,-0.17849172435955585,0,19.859199327519175,2.084541822364923,32.5687908942813,0.11042140055895366,0.3688441048052632,0.9285364737639304,0.005969590611649343,0.0062824541880100275,0.0043523591756675,0.010728326566643836
S2,amusement,5063.547142857143,66.51019549643522,6.494020747670952,89.14343295068582,82.28258843899042,53.96825396825397,0.5931326287549686,0.033324728823747735,0.5513075095511573,0.6759209997496137,-0.07887311893870032,0,20.564360262852723,2.0534150575526717,32.7058122660319,0.05669596692853051,0.1855420409703443,0.9288090464978466,0.006093136800511155,0.006372070684624387,0.0052651407759516065,0.010876236571228376
S3,baseline,352.8542857142857,55.45941360230567,5.189864633447376,99.29616805111398,106.19120221831669,68.0,8.001742572812754,0.4744750021621472,7.043830269063355,8.727871671820282,1.6307697205553153,1,12.34435953615134,4.339073498814275,32.54116959853399,0.26114637722220185,-0.8975726294452245,0.9197935628621314,0.008859970772446374,0.015872059193295245,0.01750822787544358,0.1225410167687767
S3,baseline,382.8542857142857,56.22821677898567,5.371626663385708,100.0917912332912,106.21396280947064,70.37037037037037,8.603531430865935,0.24149863239741706,7.990331990973385,8.841715856472108,0.7495395263287075,1,13.492892137177737,2.0253484597173386,32.16112852042062,0.17002169202788978,-0.5823771263931071,0.9204554868952936,0.004013468639118645,0.006449843943402008,0.008094432839210767,0.014600916286063676
S3,baseline,412.8542857142857,58.17847508678269,5.20003741601842,90.66878949095495,104.34241040398169,65.3061224489796,8.711564615716997,0.1021145916881691,8.478445483710866,8.841715856472108,-0.3009690952418232,1,14.444062326393482,2.6720441303779445,31.943224468412854,0.08945738934251832,-0.2985850240349866,0.9209247310164697,0.004778543694985046,0.007331628243956913,0.011334379827039751,0.016253161376819827
S3,baseline,442.8542857142857,55.79494359486134,5.1040530553113905,98.67044470541894,112.16048542065032,64.58333333333334,8.42484575456951,0.23737708127134988,8.002654185489144,8.750539929914668,-0.8147239636491626,0,13.988522238163556,2.611872823484086,31.77429012698219,0.10726934910348294,-0.3618617744911634,0.9224995807845657,0.006397914551897618,0.009643950279817603,0.012501308658706032,0.021837802609825013
S3,baseline,472.8542857142857,53.50295918733598,4.606444170628728,93.95081648590046,119.02736465211122,65.3061224489796,8.040889362783837,0.2050654493951429,7.747105390418822,8.478393520475151,-0.7020257726786568,0,13.075625891814763,2.027977477686686,31.64764722842262,0.04493467065332669,-0.12694065402329882,0.9241190290051231,0.005932031741387291,0.007683967606676588,0.012544388860347006,0.014804950917344274
S3,baseline,502.8542857142857,53.34868960728243,4.674208177335473,94.53635170153282,134.07790845931117,71.73913043478261,7.758654783682296,0.12421495111188355,7.571302719164465,8.007670121957164,-0.4252871731379951,0,13.3989100093048,2.741411660193604,31.57810437447684,0.057611965229710356,-0.1727833802296312,0.9251247426789284,0.0039223838180285665,0.0060977311493755175,0.010453405990011844,0.012410647814346656
S3,baseline,532.8542857142858,53.05227141617289,4.8178048307994965,100.72482144037293,121.28384008347098,61.702127659574465,7.546416719888922,0.11850527957274873,7.334179097936401,7.748544904935122,-0.40647052357425906,1,13.08716989950923,2.739144631604282,31.4109445778983,0.14588231504098842,-0.49877991157256485,0.9259415274009459,0.004247522683877639,0.009667938757962716,0.015322387607380339,0.02099501498982422
S3,baseline,562.8542857142858,54.608257900251076,4.947283163808435,97.44028191132816,109.50122696793399,58.333333333333336,7.344790354933652,0.1114556902259105,7.161792428239826,7.577870997523761,-0.38324730550407327,1,14.59709051189117,1.923582647012052,31.13553746686663,0.16778957339902328,-0.5753177379587804,0.9263158403395256,0.005057375470147399,0.006774171899141665,0.016165964959727597,0.012455083336742563
S3,baseline,592.8542857142858,56.16757234814076,5.247521945761402,95.8685481982265,103.64942689939473,62.264150943396224,7.183493646540147,0.07372119587698768,7.09184262617972,7.342375319456485,-0.24796447479526396,0,15.181637448039039,1.882570584582846,30.979302342732748,0.051260386922798315,-0.055158801109244836,0.9275288154030016,0.005158977742592433,0.010453027815720184,0.02439089256176364,0.023154186868984517
S3,baseline,622.8542857142858,59.20060759219682,6.0187861460789165,101.93380234089668,98.32507665752648,67.85714285714286,7.084106374031659,0.042616796287173346,6.99117330783006,7.166598387961127,-0.1438068028005944,0,14.40481215702828,1.8183349462117258,30.92525046575637,0.06647769614595232,-0.1698854842882494,0.928414009179785,0.003963705738584554,0.011104043560198992,0.017943672969922216,0.025510510811141127
S3,baseline,652.8542857142858,58.96421356260869,6.936715576660795,120.009243241491,99.10161932269801,72.91666666666666,7.025044906009714,0.03253557455021728,6.969611880429809,7.095364832952088,-0.10380193966989681,0,13.148969475606574,2.497892984623617,30.851847676595053,0.05384402781343016,-0.10537422623271571,0.9281066715591101,0.004006750891084653,0.00817406359231613,0.01271858898955924,0.017646758211896197
S3,baseline,682.8542857142858,50.84924722760174,4.045735292644269,90.36102686075004,108.8324824317829,66.66666666666666,6.97584323993773,0.029433561028064534,6.915724502483208,7.026477787073008,-0.09663661679488608,0,13.299205741879305,2.42999432768213,30.855647568475632,0.04064195764124288,0.12401783905983137,0.9282054438362639,0.003985585709344886,0.007572552686362538,0.015937066709170045,0.015793747372072425
S3,baseline,712.8542857142858,52.98759703359158,4.716621825311223,96.59184809831324,107.50758589397459,63.829787234042556,6.911397670259922,0.04788796586904503,6.817067731080713,6.980173073646723,-0.1617684691075462,0,14.28235109471867,1.6718193477854915,30.887796344575428,0.021713410602638955,0.02652864011859714,0.9280390781470865,0.0044126901452929915,0.007032660872687877,0.024793016174447735,0.013691085104067625
S3,baseline,742.8542857142858,53.459767186433545,4.550581457341651,92.11317351331392,106.83590627907192,77.55102040816327,6.833864598251007,0.04590342676556516,6.763969235175139,6.927789646415397,-0.15339440059172943,0,14.590932777488273,1.926505294655939,30.912327063424247,0.033662122364051056,0.07510478610041606,0.9284632336984728,0.004949190606185886,0.007370579651353566,0.024759844250616853,0.014238837716774755
S3,baseline,772.8542857142858,52.334053961072854,3.8583692967972376,80.81127797137178,109.88224216340483,70.83333333333334,6.768977073216628,0.03030007254796088,6.714414728273125,6.824520471007803,-0.1026208312452901,0,14.95890410958904,1.7908635880642043,30.87112628173828,0.0697809203238693,-0.20992686417309753,0.9287388964262576,0.004255727548301165,0.006892139974071262,0.015283455475296462,0.014281825958715107
S3,baseline,802.8542857142858,52.73125953498866,3.702193712883141,76.36478043378249,116.00087965887434,66.0,6.718927214794273,0.02756209793837382,6.663564032171593,6.779178611065452,-0.09210414470078507,0,14.402586586978884,1.7359367202556282,30.817287731352305,0.028760133652169242,0.027018839764239855,0.9285350604685794,0.003906290459727755,0.005387578468713018,0.008041054186229503,0.01068645744903412
S3,baseline,832.8542857142858,54.14523070862061,4.049579841436554,79.57914448325259,112.3229565967325,70.58823529411765,6.684500949015732,0.0174903461367978,6.643694770625076,6.721408198320731,-0.05127251270691561,0,14.785757392878692,1.8372093458542553,30.846313355218797,0.029454775745497968,0.07025843310727584,0.9284631911546317,0.004185415020917308,0.005949661063942232,0.008989121178737685,0.01233873202861844
S3,baseline,862.8542857142858,54.18472862754436,4.891220851099568,97.71049995422118,131.75244223772754,70.2127659574468,6.656601164846818,0.02096642776303853,6.613553294178919,6.692431719775633,-0.055439679395858255,0,13.712420078900829,2.0667360425523738,30.894925808134534,0.0406129674890052,0.11045317755489678,0.9280189540583281,0.005057250372216803,0.006984623756161805,0.01607963589787867,0.013362188770526346
S3,baseline,892.8542857142858,59.567285432566095,6.084541006535006,102.84013311497702,110.41114963205007,54.761904761904766,6.6333413043530545,0.02049378190435789,6.576767489628854,6.678840662866551,-0.03736667439563794,1,12.320657101712092,2.9275471838421585,30.94547410656157,0.03559911686055942,0.08104997309940203,0.9264036990652493,0.006405066539593024,0.009423698832021323,0.02870404427030701,0.01784646039275405
S3,baseline,922.8542857142858,59.91822266572918,5.477539632867903,91.63264089303695,89.07198909860783,52.38095238095239,6.59189494304516,0.03979404359560301,6.533162768135623,6.668792843319526,-0.13448446429869743,0,11.360562618339193,2.8522158270485267,30.988913299560547,0.04119308933938134,0.09511317144091189,0.9253017121915651,0.005569719126592984,0.009676644244292164,0.01878414879264417,0.02013902135513283
S3,baseline,952.8542857142858,54.73655365231071,5.107039161960643,100.18867506981464,113.18198810906205,65.3061224489796,6.54350419156724,0.017053487589971522,6.517257146543707,6.583155128334058,-0.055545553673073574,0,13.88047369870559,1.948201517625735,31.096904155912853,0.09560057139348763,0.323270091485087,0.9252953022798259,0.003697735943506794,0.0064300831864844655,0.011031080554597754,0.013795860875075235
S3,baseline,982.8542857142858,55.184548548527964,4.796413920286928,92.77752543836225,95.92788205589646,71.15384615384616,6.531864170744138,0.012967977076988674,6.510854047007338,6.572660026461269,0.012964207044520826,0,14.360862703840084,2.941076377023186,31.232991514660064,0.06127013589735619,0.20209814484415625,0.9248852302789076,0.005127575317859485,0.00744677149506967,0.005350418994551352,0.015006084172115065
S3,baseline,1012.8542857142858,54.81761423976324,5.10875185113033,98.88199983473976,93.1804326949327,68.62745098039215,6.55072147466483,0.02172329945358043,6.510854047007338,6.583622337500492,0.0689194334289301,0,12.71988491532696,2.924612071821315,31.301388443719773,0.0295024960817577,0.0810333098610771,0.9248288901302814,0.00514594930169903,0.0077551455320158105,0.00668981893614252,0.01580259644064045
S3,baseline,1042.8542857142857,52.43586373592348,4.250033057872362,87.8035170095488,112.37987770128672,71.73913043478261,6.560888133272415,0.011737715924967784,6.537354128935012,6.586172146792245,-0.020698646360585746,0,13.04482865721089,1.902489164349769,31.308884115309944,0.02339198974316572,-0.032942740950636915,0.9254636337332517,0.005439141374589855,0.00902354894632358,0.014528255254446983,0.01874401561396038
S3,baseline,1072.8542857142857,50.94684388854569,3.5404925331694144,78.52022951243787,118.85675757107211,82.92682926829268,6.5464507088024915,0.013000995176570568,6.513852236523658,6.586172146792245,-0.03678878537333737,0,13.533471174243441,2.329568225848661,31.306180361066545,0.022215241344838845,0.02371054847283328,0.9261917631158879,0.005448131065815299,0.00858671511550124,0.013732065458208296,0.017227575635435057
S3,baseline,1102.8542857142857,51.90213474312599,3.846043381590817,82.75342288841017,115.43677642176841,72.72727272727273,6.542464461985572,0.011464727691767805,6.513852236523658,6.566433984934358,0.005320130944885691,0,14.531324852291476,2.249108482485615,31.326212964739117,0.021949013868391477,0.04595625096301758,0.9285522184851714,0.00474859868268239,0.008764564864457794,0.036139940925659725,0.02004054715092781
S3,baseline,1132.8542857142857,53.24594008566895,4.152605242231145,84.8733865377496,98.29087922475571,66.66666666666666,6.544382319604097,0.008587807188141417,6.520715840297713,6.566433984934358,-0.0004117435213121006,0,14.799154334038056,1.8094550139868306,31.37548163423084,0.04645801970913209,0.13640865823752268,0.9308870774848431,0.004309445537395395,0.009148560283418787,0.021826624950307454,0.021324782941738837
S3,baseline,1162.8542857142857,52.55511954163771,4.6373581976133265,99.71471139105029,122.7277186387627,70.2127659574468,6.5429072091793445,0.006093839341320569,6.527608364623116,6.567515869977537,0.004637424131034225,0,14.653110047846889,1.7363528523534486,31.44185222516741,0.04077541624659201,0.12399351133072083,0.9305809623866861,0.0040430081730871825,0.006557000861913219,0.012814306018931059,0.013152869951107952
S3,baseline,1192.8542857142857,51.61017026586502,4.560936861473053,96.1426671486706,110.27163290764646,72.72727272727273,6.548623996086971,0.009457473558515622,6.527608364623116,6.576845640783816,0.012983582259808392,0,14.154611914761237,2.4949411041752474,31.46179692586263,0.021621299079800146,-0.03040003403700049,0.929238953004152,0.005580906215788545,0.010825607368503706,0.012044643544620941,0.023891056800894928
S3,baseline,1222.8542857142857,51.980741631248115,3.594924271344596,75.64654050858829,79.85345939793223,63.04347826086957,6.55806420966286,0.00934664308454855,6.539833560389174,6.58228798631344,0.013101154898515469,0,12.66427117621931,2.394466023512772,31.45799306960333,0.019249573939365983,0.009663234031359977,0.9283383734057783,0.005016159542385751,0.008145194353404895,0.009933341645520451,0.017506209584239336
S3,baseline,1252.8542857142857,53.55532818898779,3.7941776758996966,77.45882909056677,102.80975584808421,61.224489795918366,6.568267791480163,0.009385938006202604,6.541174897594621,6.586560387415715,0.025512067738412608,0,14.405192201145026,1.4562126838881344,31.49300751531692,0.037205280930409985,0.1117313439777277,0.9284835517939136,0.00323699943651288,0.0053775600363355925,0.0030863013709249727,0.011284662483903812
S3,baseline,1282.8542857142857,53.82377715976323,4.687018032293092,93.87513851513523,128.86390239651965,65.95744680851064,6.572569090363315,0.007231234533205653,6.553900266093513,6.59948941496045,-0.0021640022514168473,0,13.678039981963025,1.7757575521689792,31.55673495992025,0.04246300037239607,0.13797450782612253,0.9284809987461353,0.003452910496720306,0.006480028145113308,0.0036298092317692903,0.013465396158536945
S3,baseline,1312.8542857142857,51.48970955206308,3.304285114827951,72.30346729735689,97.04875120946822,68.18181818181817,6.5781936493383295,0.011101925810434555,6.553900266093513,6.60088236286783,0.029475146643019045,0,12.835205134082054,1.9641703838485538,31.599380267188664,0.019359929258615637,0.033336985995928055,0.9280742781298348,0.003397447653529002,0.006357514322155793,0.004768947283149492,0.013635960821186757
S3,baseline,1342.8542857142857,51.997916434609095,3.362589427679572,72.63214557913439,95.25169970859363,65.3061224489796,6.590348783431032,0.010346759039334042,6.567263920943086,6.616187929634855,0.023418907494123006,0,13.178537809852525,1.7127254609418234,31.613545224870954,0.01842865442904484,0.025569601048611296,0.9279091833483177,0.003165618600754931,0.005111317386454747,0.0034122122349960872,0.011056766316284014
S3,baseline,1372.8542857142857,53.348120459605305,3.66143302272583,75.96763637991296,101.16540305613479,58.333333333333336,6.609252828234621,0.018468851167198846,6.575980737115327,6.659255023115546,0.055433572385509264,0,12.956631275868274,2.450065054626882,31.65443816266741,0.04149910522103846,0.13398777431774261,0.9274755313143748,0.0043906941400264615,0.00668735597166151,0.021116153289085917,0.013602338707399096
S3,baseline,1402.8542857142857,53.31165172232413,3.361102028980309,70.44384587361444,89.26309237228983,54.166666666666664,6.6247793190766116,0.010198935301886692,6.605626669319537,6.659255023115546,0.005543714287034793,1,13.141769445386037,2.381288285588071,31.69420189993722,0.02381339495787405,0.017242254780112837,0.9263022968867711,0.004280215422976532,0.006731623151797623,0.020917641513647386,0.01376760478608823
S3,baseline,1432.8542857142857,53.253693388686884,3.2720897139419285,68.39156461416236,90.20739964093853,64.70588235294117,6.621539651154251,0.007874090012792677,6.603662955244022,6.6401634403694265,-0.014033077904545629,0,13.35747137684705,1.5410032762771775,31.68576257033575,0.023269215953965205,-0.05656130787673698,0.9259634212064444,0.0029788854264194225,0.006142724085318524,0.0030143590825224462,0.01336737361016821
S3,stress,2243.8542857142857,121.15113162490337,9.471383646206545,40.88125774483875,9.128357775193146,0.0,6.94229618190422,0.05331475434307374,6.884182967289382,7.128210363989769,0.166661020944989,0,10.7395516663352,4.858271269318886,32.07149164980934,0.0316669037525891,0.09501690747396388,0.9102658047687349,0.022151120833613733,0.022249474747172145,0.04951796741518747,0.043159116267139606
S3,stress,2273.8542857142857,104.20103753595345,8.946726586119382,50.52398737951359,22.632367823601452,3.061224489795918,7.222302761305678,0.3082031301771392,6.913062347009402,7.8871038196371686,0.9797516580945618,0,10.1422055272337,4.504294899123841,32.13378464108422,0.049033152176283575,0.1613502515450596,0.9099217945742275,0.01918646555215725,0.019940917797829742,0.05570612246662012,0.03904949910024839
S3,stress,2303.8542857142857,96.3979574816194,7.180660148397721,47.31026093617573,29.675911203242975,9.30232558139535,8.976440730241695,1.797679361427501,7.128256558978805,12.049363099708922,5.827318278839389,3,12.468087632844504,3.9008291468830376,32.25966986156645,0.12494167339706301,0.3786437404564645,0.909762217604717,0.017054094443680917,0.01814307972350317,0.050473837284135244,0.0315392436193435
S3,stress,2333.8542857142857,89.97044394501611,7.858774464659924,60.30856443758203,41.785668035642445,22.727272727272727,10.403555944500052,1.123179539360346,7.8871276903308445,12.049363099708922,0.1883693377064044,7,13.755083103627085,3.626182679232974,32.899015914190386,0.6464077439076293,2.1505029940080687,0.9093038525720225,0.014049975361328997,0.014868015438554925,0.04236056768206149,0.02642304353069693
S3,stress,2363.8542857142857,87.20474473446193,8.559854705201019,68.84635477574336,44.146569151261694,23.52941176470588,9.2494782425623,1.2241253079214136,7.991524716416435,11.545935376592178,-3.87782628928909,8,12.434061793519216,3.6868418197674826,33.87277420988537,0.5353599787367194,1.590051808515448,0.9096358782936638,0.018770438963376806,0.019279003581302044,0.05308347312492882,0.028954295069193534
S3,stress,2393.8542857142857,96.90412935165797,9.573810287499063,64.15241912678425,32.38396048678154,8.450704225352112,8.094143415759952,0.2163159058885823,7.704915395656649,8.80197521503547,-0.4490950438558457,7,10.73482428115016,4.461894543230818,34.07583126903715,0.234749958881011,-0.7707969650027551,0.9102905485945516,0.023811117671829057,0.024081599967425277,0.05734273756067863,0.027590756959213585
S3,stress,2423.8542857142857,95.0732043598736,10.319510982352252,71.26858574949462,37.132033054868934,13.636363636363635,8.113144846326511,0.23576695563693634,7.704915395656649,8.80197521503547,0.2829790243282227,8,10.61290956565685,4.8734415720339985,33.72210016668411,0.1617864312081971,-0.5472023182905384,0.910132637258811,0.025296114568105953,0.02559502893387963,0.053042231511895875,0.03142195898467597
S3,stress,2453.8542857142857,84.28347526299162,8.971602647118324,77.91359872628703,58.09035888956417,28.78787878787879,8.263718382025706,0.30407748250236155,7.683927049397005,9.399546932629267,0.08631040063548873,10,10.932944606413995,4.5772535589207255,33.49651503354027,0.12646008208466447,-0.31278419616362907,0.9108042804050149,0.020848073607958185,0.021412422532471914,0.04859188020737545,0.03574051979678603
S3,stress,2483.8542857142857,76.53518167701958,8.243119306975634,85.04782018840514,59.79886324863424,42.10526315789473,8.046783544198979,0.4257615526733941,5.802888219535553,9.399546932629267,-0.9073098666061891,13,12.572968118545129,4.3770058813235915,32.89286287943522,13.618833944987687,-1.7848570888180006,0.9326742618169566,0.46744160039598864,0.33388157396585594,0.296312309025037,0.2962126045349415
S3,stress,2513.8542857142857,74.05933737416615,8.952418313465246,100.4191867185972,79.9328122694374,48.97959183673469,8.107678161547735,0.4380135374909334,5.802888219535553,9.051316988713095,1.2058324353027454,10,14.755161604150903,4.262786168370864,32.82188025120326,13.616709768186087,0.9075209902694427,0.9319512597555447,0.46750994174786803,0.3338705964731889,0.29714769580345024,0.2959676301166992
S3,stress,2543.8542857142857,83.50974209862122,8.835517265840526,77.55569646661533,56.8001222832052,33.89830508474576,8.838408106204787,0.49534694745774194,7.876381102374458,9.549861007604667,1.6764826316482069,2,14.289079061003376,3.8282989298853476,32.99653895278204,0.30832287490151233,-1.065704599026078,0.9098119383551455,0.013154161446204387,0.013217748039426666,0.0309922766184368,0.03179179280980898
S3,stress,2573.8542857142857,93.4607600820116,7.637687840003501,55.60237344089726,28.61689142271517,6.8493150684931505,9.409332501944977,0.2252287471269357,8.811517591705693,9.660675688258527,0.6885130323361464,1,13.756267163840668,3.110417312674382,32.51737035333542,0.2432193953575487,-0.8368334977313887,0.9104312951497765,0.010880078736039552,0.010783272419612255,0.030180951531806225,0.02841137798475299
S3,stress,2603.8542857142857,98.64136042153365,6.090430367362813,39.02872615556379,24.701823253128733,5.88235294117647,9.478810660728797,0.1199191973559405,9.165990276896144,9.660675688258527,-0.33663223119367996,2,12.090759205464394,3.884201659811034,32.18159556288946,0.1476732240449215,-0.5032684047974861,0.911126038876205,0.010857094787028823,0.010784931169838774,0.025155472109650752,0.022650468361771425
S3,stress,2633.8542857142857,97.58030655481812,6.130780359229591,39.5153063770086,22.64769156295403,2.127659574468085,9.129213263237125,0.28868217175012995,8.645756975681278,9.532558248339958,-0.9850966963066352,2,11.793536529330678,3.86285928401741,31.992274045671735,0.07781235231125441,-0.2603675570517052,0.9111964938328677,0.009554254070867896,0.009574370339882786,0.009960893732175827,0.017798954194803856
S3,stress,2663.8542857142857,94.54617146131585,6.036489672183611,42.64387496163005,26.91010333433497,5.88235294117647,8.705609917076726,0.20047691265767875,8.464901785471389,9.1659825625892,-0.6445929783124917,2,13.85294565382859,3.467689292130262,31.89324557785761,0.04439912801854329,-0.14443316720211713,0.9110580451060467,0.015843423180947926,0.015734526008102392,0.026557803740413527,0.023866116114269267
S3,stress,2693.8542857142857,86.63902757053158,9.034006115592831,75.07147849447172,44.57779967879031,19.718309859154928,8.417232193659025,0.14519365043473606,8.1419667633651,8.660716005871256,-0.47068725530127814,1,15.384615384615381,3.3157133575961435,31.830334570748466,0.03541381908926692,-0.11017727443147964,0.9110818937812198,0.01578313907534456,0.015628943459401873,0.0297912070231699,0.02634202433338464
S3,stress,2723.8542857142857,80.67440391471872,7.059646693513743,66.83833021650767,52.60210470535799,22.388059701492537,8.146056157198965,0.17193470654017065,7.866411292743816,8.47093413329587,-0.5932434803662034,0,14.478534114714538,2.8565741190355247,31.800957755679175,0.01727030656218659,-0.007630831374827008,0.9110137378080861,0.007906999452341641,0.007832866364046145,0.015608950677132272,0.017418199775261788
S3,stress,2753.8542857142857,80.54844414848698,7.046297761985813,66.91413902149564,52.27830852227446,26.38888888888889,7.890236966836384,0.12650918858811794,7.712838727254731,8.142669328533668,-0.4314857336465024,0,13.14485420687497,3.248849908066087,31.815065754481726,0.02351084600303862,0.060272622767116674,0.910978672038434,0.01279183441566691,0.012861416562246035,0.02421703874688651,0.02657421730072337
S3,stress,2783.8542857142857,78.79334229681452,7.542875690895397,74.35245780644652,51.70310138403494,30.985915492957744,7.692262428369539,0.10294418776860088,7.535644736585621,7.878553769732977,-0.3518912103823889,0,12.399134028734503,3.4815956620361965,31.851651452927364,0.028648423436135013,0.08232547764620671,0.911022621639587,0.014768663253425672,0.014892214177520248,0.027324342254652762,0.029321379302410137
S3,stress,2813.8542857142857,79.15266474862985,7.488553101325485,73.59410809051361,52.02161125605982,33.84615384615385,7.5315126247358375,0.08333068679162946,7.398565151616131,7.7345869705008345,-0.2811572036779571,0,11.7755008411072,3.5767320280700003,31.884351630801245,0.02166035564025556,0.050396983509714145,0.9108900487428795,0.012117495027079562,0.012312948389004178,0.02444288126012607,0.02392955257959435
S3,amusement,5003.854285714286,61.071979548355735,7.540546759619074,121.91646603043664,82.81938527151985,58.69565217391305,8.049091001234995,0.2413100368908418,7.5155568368671375,8.237829049105509,0.710950039405731,0,14.769787244731354,1.9831795642897792,33.153933983939034,0.026292505669707027,-0.03639110567107577,0.9164567432108739,0.01280738199029157,0.014557718989456661,0.018864829991106995,0.08483918848237787
S3,amusement,5033.854285714286,56.91815945379558,6.138872832420744,113.61801731340714,103.25805000074321,60.78431372549019,8.231153990070933,0.027644384675530233,8.186348090249707,8.314226737770849,0.06764771070462608,1,15.589373773795007,2.1146299108739397,33.132963842482795,0.02510707856299314,-0.047934363684308715,0.9160421230140356,0.010712152412092104,0.013193592876218126,0.02253956358329388,0.0678976531607571
S3,amusement,5063.854285714286,53.871260332946406,5.789369090651347,118.39122353500429,134.42309757254418,75.55555555555556,8.2168737790711,0.04418971638641111,8.12592055900143,8.314226737770849,-0.1015952122543316,1,17.820206841686556,2.243854209565953,33.1239777003697,0.019648209677646016,0.003257084777044573,0.9151998621226684,0.01310699498766077,0.015506082391757435,0.023811440957574214,0.0695457726704417
S3,amusement,5093.854285714286,52.391375267178816,4.12300310080339,86.63599666632425,120.47428689699524,75.0,8.174174648525637,0.033299406676875844,8.118704293006408,8.252496877921775,-0.06911476140719629,1,16.603853148143266,2.028627067806404,33.126985608782086,0.025226548703029025,0.015821002060349004,0.9148989832315123,0.013052739824784998,0.014228487980942726,0.016466153955145852,0.05971710220654211
S3,amusement,5123.854285714286,53.71856671903615,4.433531528395174,89.09760822673088,112.81546521885456,71.73913043478261,8.121435962559117,0.04874456572233126,8.022193476079588,8.212544703947355,-0.1454968727931386,1,16.017492118376893,2.220764079009043,33.15767110988072,0.0392044326490439,0.11313417171632024,0.9154448547853931,0.010896982697615607,0.0119086302784521,0.015870327562346225,0.060362342522582595
S3,amusement,5153.854285714286,53.89713781610931,5.381329281817533,108.18589066405798,126.9386114573387,79.59183673469387,8.027759879506203,0.06285222243990307,7.9225889531818465,8.135684457102945,-0.21557369795110376,0,17.549815883628007,2.0951660897880457,33.18397597903297,0.019726040973540488,-0.0085316344593002,0.9158544908352638,0.009135575367038054,0.00960058133816282,0.010758703732826242,0.05205343353902205
S3,amusement,5183.854285714286,54.86978673337279,5.859615140450063,116.58696777020792,145.61354394016507,73.80952380952381,7.9471047076545505,0.03599395056462282,7.892538341170052,8.03485491085248,-0.11085245693520206,1,15.739859897950359,3.1040472679585265,33.1805960904076,0.0190145756140988,-0.00041206093080897336,0.9154334796675501,0.012462030672635172,0.012796791387601862,0.019528823717027213,0.057560171047365244
S3,amusement,5213.854285714286,52.84800320588934,4.372455042407862,92.5949411644702,119.80271352092107,50.0,7.893154104755697,0.03215760906741775,7.829969043380572,7.970518976125379,-0.10319681011263283,1,14.97173702704079,2.9366543488613455,33.16665622747512,0.02420205906436216,-0.04982557592759419,0.9146503753699109,0.010728556909955944,0.010899334988139954,0.021058871036399602,0.05201933142493747
S3,amusement,5243.854285714286,54.6322835994398,5.577752527291374,105.8222216142454,109.48840457540923,58.69565217391305,7.850509657753365,0.023816565477039264,7.793405299347105,7.894271471749386,-0.055042131719891856,1,17.76274053711144,2.161552362393976,33.15889119684129,0.031885715379596724,0.04092926160675834,0.9120125070333026,0.013167551327501461,0.01791793417728594,0.040424141148116696,0.09984032538923017
S3,amusement,5273.854285714286,54.297508071446806,5.7559272801348635,111.70342802574795,119.00678953519036,65.9090909090909,7.816960959626007,0.02717817096770225,7.760829292666248,7.881388758574067,-0.06730541423688707,1,18.382636904302153,2.3964147827002327,33.230477449689594,0.07427194629991517,0.24477135886182927,0.9092498628356833,0.012914824118046033,0.01687104643159145,0.027163324728469735,0.08975698311537955
S3,amusement,5303.854285714286,51.596642811140924,4.582980765075927,102.30139730637207,106.36300035178205,54.347826086956516,7.776758426249801,0.030626413783024966,7.712269422751235,7.844580066519427,-0.09993660918659254,0,17.99848752205697,2.1967453001046944,33.32261383855911,0.038430494938745174,0.10975948933826132,0.9088376335412123,0.007902890700029487,0.00886660119219429,0.015053886529733917,0.05057136814350984
S4,baseline,285.29285714285714,70.55462273654052,6.291532783533883,76.81815109882174,64.73234207445435,38.23529411764706,1.2673812828339903,0.006802333785862438,1.2596415616768388,1.2911300248970328,-0.01923283423871731,0,17.362546506821,1.780052107787949,32.69129673621768,0.02541619779626886,0.06417120263338588,0.9645857337477166,0.010791766306136095,0.01715186215101449,0.04257501525279334,0.03286309645085312
S4,baseline,315.29285714285714,67.98707727885086,6.252870522817005,80.71317600023772,67.86740077939241,40.67796610169492,1.2626991021993108,0.0018484078088276438,1.2574363150787264,1.2711535450525768,0.0006082172139936025,0,18.255733681061592,1.6473431132243257,32.72132835969471,0.022945725890977896,0.052651675599098925,0.9666840421678926,0.009496312263598934,0.012285718925630488,0.027214412145408096,0.01998211038500422
S4,baseline,345.29285714285714,63.36990410576427,4.983404791308563,74.87924954015281,75.01282859612829,50.877192982456144,1.2615375871918804,0.0022435014005958206,1.2569845312764405,1.2664142097959457,-0.0034804191311870246,0,17.914267434420985,1.4009116074304575,32.73775361269996,0.016934012668715425,0.009192925317742543,0.9675946488634358,0.005238945581963438,0.008909803160763955,0.01757886156572868,0.015194274090594555
S4,baseline,375.29285714285714,61.98250957979862,3.6920903482404306,59.008121794962165,69.29823156444314,51.66666666666667,1.2580567889892846,0.002920001592273279,1.253126218459051,1.2660255679284635,-0.008902759855593518,0,18.434845472618836,1.201806063681722,32.73351246061779,0.017901082586929927,-0.01647796886443179,0.9670617103398063,0.004749902927470801,0.007626982302270946,0.010001935611379601,0.009572193844822406
S4,baseline,405.29285714285714,60.6149113964343,3.453152963995112,56.581062791950686,68.7547992098696,55.932203389830505,1.2539332751145031,0.0022699417375676837,1.2484071019943297,1.2594539110378455,-0.006919750842356291,0,20.50881390692905,1.03515079436258,32.7333496820359,0.018318840331979808,0.029330634425662867,0.9669482907412223,0.003666178079223552,0.005619898331781723,0.005726306604002536,0.00824015856891474
S4,baseline,435.29285714285714,59.44522203132353,3.690654073335038,63.6907380002419,82.8188918707451,66.66666666666666,1.2519342454531306,0.0016144578243839599,1.247987978477808,1.2562417308692622,-0.0027044063701042427,0,19.886363636363637,1.255975319163905,32.73420370192755,0.019436574385106327,-0.01718718132230879,0.9671408323374987,0.0037605876869772573,0.005398910035464235,0.007675881235073257,0.008296869422943703
S4,baseline,465.29285714285714,59.183103833263324,3.6311920285039414,62.661783135640704,81.05529357065629,61.40350877192983,1.2520091081987508,0.0015810484748653515,1.2465700896899805,1.2561141464412247,0.001109451537694657,0,18.50699844479005,1.3437146660752195,32.7350538882301,0.02017081537741034,0.020557248035347267,0.9670478394686276,0.0041946631203419495,0.005509635946035717,0.008579464524466722,0.009232723162113706
S4,baseline,495.29285714285714,59.83366255860141,4.418922613695785,74.12552059908349,85.15003110584182,56.896551724137936,1.2541586015855906,0.0025203068475066277,1.2465700896899805,1.2599834740986042,0.007157520747117228,0,17.976735988720478,1.1750000833822345,32.74656209600539,0.018307475227638825,0.02338610862619219,0.9667831357926878,0.0038241696075907786,0.00472062347078231,0.006368938023719063,0.006216406528679208
S4,baseline,525.2928571428571,60.49410237118977,4.687677238259381,78.04537286215965,85.4921934740557,56.14035087719298,1.256946983536799,0.0020692450553491423,1.251881328323733,1.265115994688332,0.004374725796674894,0,17.42398360095661,1.4187928710415532,32.75987925211589,0.019571163048654784,0.03490656612029286,0.9669912294596572,0.003941757487805245,0.006266438627926983,0.007952919246873342,0.00655747129387009
S4,baseline,555.2928571428571,59.01023376565469,4.044184563926717,70.34282675743184,81.99774694973951,61.40350877192983,1.2591048361213921,0.001915617608167417,1.2540226368912795,1.265115994688332,0.004233188572477143,0,18.22590938098277,1.2822793440879405,32.77535110836937,0.01961525849444665,0.03453730188798409,0.9673512458416919,0.003831638337750807,0.00629832070270181,0.007329023669938596,0.00678322816755407
S4,baseline,585.2928571428571,58.13322937242586,3.2143518495260888,58.031162157136805,73.9005911755332,53.57142857142857,1.2591088475349166,0.001750873632711816,1.2550247218546606,1.2643193857028139,-0.0033253799455384182,0,19.6726430560254,0.9843522525301079,32.79796280343192,0.024398759999486302,0.060632468015066165,0.9680106991085827,0.003448867285716101,0.006377318509767445,0.006377311899009695,0.007262623726780919
S4,baseline,615.2928571428571,61.34736334774141,4.44536419527905,71.71116716801254,64.73905260775206,44.06779661016949,1.257872684060016,0.002541783106248603,1.245778912465834,1.2728491374180047,-0.0009266649178695719,0,19.920948616600793,1.5850441636867783,32.81800595165434,0.0240447213515369,0.010469732463277077,0.9688389308831797,0.004925175275937496,0.013612561135154065,0.02884502439616862,0.05072495605589885
S4,baseline,645.2928571428571,65.87974995345769,4.999242426502992,67.26020552992159,62.14631053557662,46.03174603174603,1.2563887017035198,0.003032490875202408,1.245778912465834,1.2728491374180047,-0.005256941283304204,0,16.78112123860657,1.865637229976334,32.792821812947594,0.03726050068567942,-0.0988255285474245,0.9685737952884135,0.005312497462523297,0.013708649299935897,0.026729459951383847,0.0468344489780477
S4,baseline,675.2928571428571,64.36986688745158,5.604464602563194,81.54223131315665,70.64240482941541,54.23728813559322,1.255205930235749,0.0019574596195297083,1.2505372455289436,1.2600379830228923,0.0013452866752327712,0,16.106353061485365,1.6810596591054594,32.749579188028974,0.0367484997787683,-0.06899147966338069,0.9688424349745508,0.0051716038390753815,0.006954536959101876,0.028038794154693018,0.02600349334052127
S4,baseline,705.2928571428571,59.13617754022331,4.853022776543677,84.01650320980978,80.6617097107064,55.55555555555556,1.2568865163021097,0.0026159027371793074,1.251863181079165,1.2636389967083594,0.007100812998390318,0,16.90594391520193,1.4618530887017507,32.727765927995954,0.03603270124716809,-0.04699064231185845,0.9692181367392675,0.005082110828708649,0.0071278744717273084,0.024218136805900646,0.0222986787098821
S4,baseline,735.2928571428571,56.4308335209629,4.201762249353389,79.95161133517473,95.98565545506388,69.81132075471697,1.2593621501951042,0.0020248467967491426,1.2540105269648067,1.2636389967083594,0.00493753080719473,0,17.200337863779467,1.2429333794906468,32.73444901602609,0.02423714137947338,0.05939222756687229,0.9690822707566703,0.0037663794321849448,0.0053123614951493744,0.007675314901638011,0.007048047465720543
S4,baseline,765.2928571428571,59.34490113920969,4.079158871686835,69.78145988009362,76.64509470888632,58.490566037735846,1.262122742301542,0.0026712690646443667,1.2586088487900553,1.2728223508416319,0.007345221391923183,0,17.50638253529933,1.326593898133329,32.75823446291969,0.01967818555494482,0.03625993218929325,0.9690780973001273,0.004553106388588495,0.00560243080495056,0.009037986169978798,0.00791831506044073
S4,baseline,795.2928571428571,59.668060353335136,3.7343568461792422,62.52320997609037,67.03722002197424,52.72727272727272,1.2663407681573748,0.003289715045830969,1.2592990070191579,1.2728223508416319,0.010168420888642301,0,17.356268402293505,1.2694511245117939,32.7732993367513,0.018103727652069707,0.02241494635766373,0.9687535076892884,0.0047016666095393515,0.0057206858398813195,0.007810675102424895,0.007788931936518085
S4,baseline,825.2928571428571,65.01014261970582,7.4625957659792155,105.50518904217668,60.00157468329209,40.74074074074074,1.271425334230012,0.003406936250467465,1.265556218450525,1.2813891638464991,0.009992017298639869,0,16.0,1.7999733332864298,32.7679423828125,0.02898902852847016,-0.029185671736610647,0.9677330708427625,0.008230262832007727,0.01613431436665221,0.033174502031034954,0.07107444653063012
S4,baseline,855.2928571428571,69.98925537956862,6.285444793066865,78.26917998018449,53.61800696178418,41.07142857142857,1.2766038177585055,0.0035613802687752914,1.2680809559493162,1.2829371391628868,0.010517162240991884,0,14.72171452893017,1.9836427276722675,32.78760143098377,0.04121872195098907,0.10329328209245094,0.9683546753415815,0.008922395874398139,0.01944363019333195,0.03369152244492902,0.07475673223638071
S4,baseline,885.2928571428571,58.20925203751684,6.358115258533483,110.64198841767475,126.59319387192141,72.0,1.2805991929234108,0.002214422359419442,1.2728205330548084,1.285600977063736,0.005566758803326127,0,15.94896331738437,1.4113242619842443,32.82565883818127,0.01858516327523625,0.027019672805075404,0.9700794095972477,0.004866009890530476,0.006083357175735652,0.009138824783268398,0.008551052894008128
S4,baseline,915.2928571428571,56.80333720871178,4.795144121487142,91.0243573517757,111.6278234807823,64.81481481481481,1.2832301457260133,0.002196837635757215,1.2787105296533006,1.2885975996878152,0.005108604140548168,0,16.98943216868079,1.210141621841589,32.84053151375907,0.01925021465688098,0.03114332386495367,0.9702999976742371,0.0035703387340078906,0.004285165758201551,0.005870953204638783,0.007586523132854429
S4,baseline,945.2928571428571,58.755570962528246,4.772699565077175,82.23286597941649,94.64355549852615,58.18181818181818,1.2854993523352478,0.002125593300998427,1.278991045668482,1.2898119508157546,0.005044393200543254,0,16.97975904913349,1.3335075004578305,32.84414726693289,0.018607026257450542,-0.016268767829448635,0.97018450124483,0.00425475979005852,0.004591172182078914,0.006285830351456977,0.007756344127971504
S4,baseline,975.2928571428571,58.19640592089227,4.857084223755926,85.07732230455004,90.80305504329031,58.18181818181818,1.285957690708394,0.001433975039981582,1.2821432327952464,1.2898119508157546,-0.0015343877934138209,0,17.37331954498449,1.3605265591231857,32.842346888224284,0.01833250630001293,0.0070972741371639276,0.9698990511291065,0.004791511854321414,0.005024603426138635,0.007095347838663829,0.007652351047709136
S4,baseline,1005.2928571428571,59.412168449986424,4.406515964828228,76.66028130457101,87.5313884861619,60.0,1.2864329879235037,0.0019031016510745087,1.2821432327952464,1.2923623272113793,0.0034664142728626592,0,17.14472323518206,1.2521477060331763,32.851966597057526,0.018820794731062327,0.02874397260299181,0.9700708280995833,0.004725957219862781,0.006421848631282448,0.007568555720132215,0.01043743898272357
S4,baseline,1035.2928571428572,59.526260063044944,4.236610658691071,73.55340441189307,79.95931772680504,64.15094339622641,1.2873567534098531,0.0016299740733061873,1.282773794093452,1.2923623272113793,0.0005739301903684495,0,16.370678944675877,1.1359585358026532,32.86314893450056,0.01751200602314944,0.015488499262940113,0.9700946095737593,0.004465145345930013,0.006283716465380968,0.007847721784976693,0.01010903261383087
S4,baseline,1065.2928571428572,57.849869523251975,4.506299035822675,82.21321612474331,93.81755042943263,69.81132075471697,1.2884354484248886,0.002041438629192539,1.2830752724118344,1.2943798187098148,0.004717872909556182,0,17.440049828713796,1.0274974404031816,32.85961875552223,0.019103074450504038,-0.020840228394093073,0.9697532647663989,0.004186570536152033,0.0055604026855864,0.007601816579579356,0.008898639686726068
S4,baseline,1095.2928571428572,56.2244356870452,4.345542635601531,81.04443705926823,92.94604908249846,60.37735849056604,1.2904217953699677,0.001705060729516948,1.2830752724118344,1.2943798187098148,0.0032350449574919367,0,17.640110250689066,0.9550785629559756,32.86236782182966,0.02052098938237428,0.03748552670748093,0.9696241571541648,0.0036265135860759972,0.004621495722897662,0.00642973066622711,0.006562877590609444
S4,baseline,1125.2928571428572,56.637832563993896,4.198065381870385,77.46243166513649,89.91353395766545,60.37735849056604,1.291992213092381,0.0015427847202833796,1.2882207637277763,1.296632842047998,0.003267457904505238,0,18.15315773416048,0.9603486182475359,32.87475177873884,0.01741403027334393,0.008638217996189898,0.9695990817772893,0.0032330428360519106,0.0036905924767493834,0.005344971530662797,0.00494468854345607
S4,baseline,1155.2928571428572,65.36258377667853,6.490820852511715,94.34974821493927,60.47823259715682,32.142857142857146,1.2948402491652264,0.002957913439936184,1.2895273543738965,1.302304434246656,0.008366546487310594,0,17.17650907901194,1.274029878550699,32.85319594319662,0.03570776183208914,-0.0912962222663653,0.9698444725544076,0.004796910511602695,0.006027873394308657,0.018759731467803166,0.018475354822853667
S4,baseline,1185.2928571428572,70.57203091109172,6.019205993825882,70.86205093028036,49.82302864814091,23.4375,1.303252406577654,0.008610615145073964,1.2915216866169104,1.3374397387306929,0.02594733085780437,0,15.510828563138041,2.69777339810289,32.84681768072219,0.03506588665952617,0.04834545211158156,0.9541834881737697,0.022393531034999338,0.0874140835510322,0.17192816162208635,0.14775495651800238
S4,baseline,1215.2928571428572,66.62562419383606,6.739397606624528,90.27973038956635,76.25272614226878,39.62264150943396,1.3203630186730884,0.012430254490017665,1.2961964824641108,1.3376128932477211,0.0397948281530061,0,17.903290262421738,2.838696337643581,32.889456526256744,0.03460408130138607,0.10168547410519596,0.9510174397311064,0.023840671120724268,0.09989633342282551,0.14842915505642534,0.1914534988155206
S4,baseline,1245.2928571428572,60.395168241610556,4.99842610494184,81.1845609351153,95.8185834894006,63.46153846153846,1.329361345071944,0.00383830049206048,1.318593738470291,1.3376128932477211,-0.004176449136531907,0,18.953068592057765,1.5791510565155,32.92214761061896,0.019630163050687755,0.030333574224812983,0.9668499715580795,0.013801813572572142,0.05155819029297892,0.06706654986530657,0.0932572797187703
S4,baseline,1275.2928571428572,59.81744869379476,4.466010256737808,75.26129256900451,85.42041459932574,64.28571428571429,1.3241779958782578,0.00399641879134203,1.3171838832715643,1.3327233297372831,-0.013048059713681536,0,18.65238952900249,1.1061452244295258,32.93621542721703,0.019185019376130118,0.026872933008773497,0.970033386258028,0.003386363759634257,0.003891267674321751,0.0048839005500393605,0.005614154000050736
S4,baseline,1305.2928571428572,58.47922946876695,4.709320526770181,81.97895562350494,90.05121579614747,62.96296296296296,1.3191802753144841,0.0022947923797244528,1.3132614605405943,1.3260860404671515,-0.0063539920914048665,0,19.018867924528305,1.0515483454410648,32.95157967122396,0.019933673377275345,0.03300343045446586,0.9701584328977274,0.003073112972835327,0.003829645670933151,0.004069064091789264,0.00509248379355058
S4,baseline,1335.2928571428572,57.59280851271095,3.7544027944530223,69.3308468715791,91.47657095819844,69.81132075471697,1.3159857042302217,0.002468522593141859,1.3102019740691788,1.3218884329629528,-0.006584292189790145,0,18.571019845501596,1.0853853850022799,32.964451726277666,0.018286404056085177,0.016027904342648114,0.9703769662629439,0.003414673788933271,0.004507373005699107,0.00447851866265523,0.005828910247872047
S4,baseline,1365.2928571428572,58.82162791607994,4.031947563455828,71.48820445261018,87.72472184143668,66.07142857142857,1.3127382278925637,0.002316027174173449,1.3086165549632223,1.3210537375600961,-0.006456064813748839,0,18.20964039785769,1.1108618760996536,32.964502614339196,0.018404166915345996,-0.018752132842596442,0.970607397155361,0.00341519793290147,0.004234843378248456,0.004756023749851275,0.005224558890145396
S4,amusement,1832.2942857142857,58.82036964469856,5.021733902187462,85.37429823534947,96.51451196793239,66.07142857142857,1.3565688234550173,0.002338900788896493,1.3513006105673737,1.362664497918292,0.003299706364034292,0,20.74559351115271,1.313684785913393,32.64155726114909,0.018740895085008747,-0.033825442554508006,0.9293896417546397,0.003383750731503991,0.003818606232124881,0.007917830409253118,0.008156505770226015
S4,amusement,1862.2942857142857,61.96796026799421,6.552292488284201,99.68400608283284,89.49864719253335,57.692307692307686,1.3632094421778471,0.008085780972698717,1.3543028057243172,1.3860027087541653,0.02225104478992172,0,18.269279975436262,1.932025893542841,32.67245764160156,0.08675873985055198,0.19575804932405938,0.9341469750231192,0.013054302331910255,0.042082246173139964,0.05003313127564553,0.09479848621780487
S4,amusement,1892.2942857142857,67.64028465537214,7.165551469710711,95.67095240803746,75.16473021877411,45.16129032258064,1.3700543628432666,0.00569659650915364,1.359379728705028,1.3860027087541653,0.007796228890391292,0,11.281830879982808,2.517910767297009,32.83554507882254,0.14664336046994325,0.43917510837424556,0.9429740864097796,0.016113566813934846,0.055419506324232044,0.05576434181457056,0.13186116691119976
S4,amusement,1922.2942857142857,63.87826556430628,6.028806646698597,86.78184066470816,66.17009837595396,45.614035087719294,1.3709231790173178,0.0021018115836801206,1.363996182875227,1.3805752303977594,0.0007372792523041485,0,15.034902452120996,2.063725372048901,32.950410087222146,0.026131256295303527,-0.033608345670724515,0.9471076786376516,0.01037131871871703,0.01782709021545783,0.03997656017394652,0.03487547133541287
S4,amusement,1952.2942857142857,61.6572045382752,4.264903294868573,67.85303774196666,63.761408715455076,43.103448275862064,1.3721611633936428,0.0022539561510512124,1.3676307720825789,1.3774429319276376,0.004777529498074243,0,20.36912299609322,1.2385808936826832,32.951804232642765,0.02072502009392642,0.038472322598470304,0.9472204456095519,0.004075772349808068,0.006869726616782559,0.005845824612521713,0.0093611282665631
S4,amusement,1982.2942857142857,63.12160619658598,3.98864176064769,60.160450205949296,58.73045225603454,45.614035087719294,1.3732972960280065,0.0018852492023658741,1.3691641636423522,1.3795915797984473,-0.001001232996992141,0,18.20546163849155,1.255136159258747,32.96570665486654,0.018093646641394838,0.017810279537043085,0.9474704367505855,0.005097563995726134,0.007919790708380465,0.007669837355614871,0.010696085029211466
S4,amusement,2012.2942857142857,61.28890718009441,4.099003631341159,66.097295616761,70.51634235449966,41.37931034482759,1.3734538864238608,0.0022057262990821448,1.3690454649455568,1.3795915797984473,0.0030136766494284544,0,18.699448415741177,1.213593782127735,32.96975281343006,0.01801276682829178,0.004112556743933607,0.9473970451988508,0.004934263285568877,0.007190972945178418,0.007120926697273893,0.009425419905243614
S4,amusement,2042.2942857142857,60.60547452416684,3.12463807532006,50.19262416944303,57.687063764997454,37.93103448275862,1.3756307451400336,0.002595737100837121,1.3690454649455568,1.382297519962192,0.007957987072291655,0,18.55624555116468,1.0332973990976235,32.96965146818615,0.017834024697603677,-0.003944802796244739,0.9473948873064629,0.002987824293472411,0.004102618394278502,0.003273656375461161,0.005613926058440719
S4,amusement,2072.2942857142857,62.378477725123226,3.6571652965941697,56.501176978551584,53.15648826717167,36.666666666666664,1.3791596365171495,0.0024691349512615465,1.3752928156208404,1.3859326743069253,0.007019279775307043,0,17.505926485528956,1.0683880378683073,32.96737682596842,0.017822485500245244,-0.01020011583933428,0.9475351578358392,0.003138908214788169,0.004958413339843667,0.00393185145838656,0.006982988886446337
S4,amusement,2102.2942857142857,62.39213178116263,3.718270540634357,57.70952948859251,50.71684197139733,34.42622950819672,1.3795441629213394,0.002204750349510025,1.3755955785204066,1.3859326743069253,-0.0022512627231903747,0,18.725904167431615,1.0081121507804287,32.964010777791344,0.017625234924252997,-0.006621934384547241,0.9478176954208176,0.003094434228395555,0.0049422223056731,0.004376701679412233,0.006722945343881578
S4,amusement,2132.2942857142857,62.10963664105502,4.004984926424412,60.2714167815593,51.452170283501914,34.48275862068966,1.3775242518506947,0.0015200490813533291,1.3732101000171277,1.3809769614869063,-0.001942036347197288,0,20.67641411903707,1.0092783884077026,32.96318312508719,0.01749899138653236,0.0014041746026419635,0.9482052258842852,0.003364181584409896,0.005154421726083992,0.0050198442517684115,0.006462198833812231
S4,stress,3613.2942857142857,80.13462547227697,5.97089331904258,55.966071101600285,36.51508229801672,15.789473684210526,2.7681032907617986,0.30885500994525955,2.172762667249283,3.535184824225428,0.8254931889619493,10,18.905671701510453,1.3935644355680687,33.22031233505976,0.062293475611237575,0.20216069911409273,0.9242023287981013,0.015759035167082557,0.015819007028297558,0.023789740898375836,0.023667901155436603
S4,stress,3643.2942857142857,77.74341026778629,5.955587845388918,60.22827023207118,40.984505971522076,22.972972972972975,3.110147378760545,0.1606376556782172,2.8741514798723062,3.535184824225428,0.27664294736894834,9,19.835450274663817,1.2200262378725528,33.33479792495001,0.07671668066937487,0.2560037675413522,0.9234589496300014,0.012795364972760374,0.012848655991944697,0.019561007893578928,0.021942366595092636
S4,stress,3673.2942857142857,72.87427077961726,5.588745774156019,61.809131976322185,42.10063362394677,28.169014084507044,3.318165798646488,0.18301537937386453,2.9884047714339217,3.776185686128106,0.3512113549199711,10,23.54620049946486,1.129022344556751,33.45183861796061,0.0655905029790745,0.21514255041718022,0.9230231261266841,0.010949208672339401,0.011059095228294904,0.015910976414674483,0.020597792209489492
S4,stress,3703.2942857142857,72.38930917313994,5.250672550220192,59.10042795130423,35.89017910610396,18.571428571428573,3.4763209898411547,0.15374354499628234,3.2437486493882335,3.872140540527614,0.07016798743324894,11,22.743095845903923,1.0872094247436792,33.55878906976609,0.06692655300152783,0.21898979326340076,0.923398124760258,0.009021644916612693,0.009898846145414256,0.018533141143999475,0.028724632193431472
S4,stress,3733.2942857142857,77.52130543265929,6.3168612364117855,63.43357034788752,35.65709706956768,16.43835616438356,3.4858070037204874,0.13202997834175273,3.2903418575921757,3.872140540527614,-0.08717617893044469,9,22.10470915515902,1.2258648071067315,33.63052308436802,0.0338548491890519,0.07362236254809074,0.9237092276901692,0.012050650472767337,0.012671494849646704,0.021019108375242727,0.027571655528853666
S4,stress,3763.2942857142857,79.3383419592047,5.612343049999858,54.414893411561636,36.28888420554038,15.584415584415584,3.5278090859759055,0.1247055339372495,3.3117384536681698,3.885840147592914,0.22679244253214048,8,22.12622484458961,1.3524011757366645,33.63613618759882,0.024324467432821083,-0.040504577053318294,0.9235090672623436,0.015668330746804675,0.01586241887907069,0.01987536318301013,0.023787936420394146
S4,stress,3793.2942857142857,77.11703311490463,5.322696115804146,54.76263025505446,39.20571942171384,17.333333333333336,3.6966791080043193,0.13923059341390107,3.440601419029801,4.185091753179685,0.28183317448484085,8,20.924012795636898,1.1934606591048265,33.62519933282761,0.021892380571766405,0.005706608686499421,0.9240946926290152,0.015546441023376007,0.015912605030065703,0.01758007023303343,0.028280887942639475
S4,stress,3823.2942857142857,75.48736162032006,4.6578908205606755,50.03980169227895,37.12027011556641,15.068493150684931,3.8704990833920094,0.1275735135603177,3.68593616449355,4.185091753179685,0.19871223908312485,11,23.116236404141002,1.112455302305066,33.63617912873767,0.02435247332633559,0.04156823782648059,0.9243111953412465,0.013662246097386513,0.014187059450311588,0.01738332555610981,0.030403086723163136
S4,stress,3853.2942857142857,72.05198319063668,5.700135423208712,67.32895245286879,41.13122391319588,18.84057971014493,4.020130233554173,0.16500854371546095,3.782384031344421,4.635755797315632,0.3623536214754832,8,19.144087110660926,1.4371156216564387,33.64838177635556,0.02220274705734708,0.004658470277558576,0.924630692251336,0.01045360879789683,0.012306705988942478,0.0157600033694722,0.039322372165444264
S4,stress,3883.2942857142857,72.43335381627595,6.652839474643116,77.3436613426625,41.72518728111733,18.571428571428573,4.2922950992017395,0.26178305048419825,3.8533838825055295,5.009913716813314,0.8014264461732982,6,19.81230448383733,1.379592916143062,33.631032210577104,0.02953481728275839,-0.06649433350984695,0.9259343167730333,0.008959109593082038,0.011280343459164862,0.01837213751582508,0.030905993754222143
S4,stress,3913.2942857142857,85.44601410263981,8.61909960790874,71.5511487808106,36.20087569880795,14.666666666666666,4.524675198015898,0.13185465866815402,4.3112524433827994,5.009913716813314,0.1901455312445782,8,18.195254962921435,1.8328678335518276,33.60975566900344,0.02177114762111069,-0.011226620364117363,0.9251895735445852,0.011207482728636123,0.014369533120345305,0.027866986727502183,0.046304555970965375
S4,stress,3943.2942857142857,87.61568240291105,7.06762764537223,56.58632249221229,35.26254753164384,19.27710843373494,4.557875568911807,0.10617791962275605,4.399351401695528,4.858701865225914,-0.010213365036213826,8,17.11584438165616,2.228544658232373,33.622274535406206,0.027409589033515508,0.054585198388319316,0.9230262860850704,0.012920332864554298,0.014139222357624817,0.027665112560927914,0.032551642960005116
S4,stress,3973.2942857142857,83.16853226864426,6.0325040357319715,52.614111547932886,37.7194445857865,15.068493150684931,4.590917247845891,0.1123467933643847,4.399351401695528,4.840182822581622,0.1253209954023519,7,18.66712758339712,2.1060415343115118,33.65707799493699,0.03144077883044525,0.07754509048369718,0.9225232505368722,0.012313271284362565,0.013666725326583596,0.02038026807173208,0.034195326626490274
S4,stress,4003.2942857142857,85.1097068172769,8.320646922456397,67.79154724263948,48.42231403902968,27.536231884057973,4.66570001719992,0.0837469678476091,4.496692031977587,4.808275157047188,0.1969379401585207,6,16.062062937062937,2.406283814005394,33.68886086745489,0.025635335575733526,0.036933593105228445,0.9241854182702368,0.011353752090014522,0.014056507439172744,0.027933270771676906,0.03914462299190024
S4,stress,4033.2942857142857,87.72137777997246,8.8020510754729,67.73032322138637,42.51916157460648,26.582278481012654,4.726566409509203,0.03777657839442303,4.646445059533944,4.844753223268569,0.047588607404613334,6,13.911507355985536,2.7686674223811836,33.6980394010998,0.02270385211700633,-0.013316994182555063,0.9252548950935513,0.011096798083275315,0.014373840327281773,0.024555686317274197,0.043827007330117226
S4,stress,4063.2942857142857,87.89816426080931,8.694202986706445,67.49604107194652,44.07093768426079,24.675324675324674,4.7271376288760765,0.0912188020773231,4.548217539780422,5.105315791855923,-0.14618972107258194,4,11.893116408381815,3.2117994575515354,33.69760306948707,0.02211829457133701,0.0018487919622040534,0.9251484670418665,0.011513194153799014,0.013596268284052831,0.02078338117697058,0.03950026666469254
S4,stress,4093.2942857142857,85.9052370514999,8.468747032071663,68.35889682777366,52.02661123820218,29.11392405063291,4.680824841820607,0.1142856745923041,4.545368246322417,5.105315791855923,-0.19764995263758448,4,13.076304387307683,3.0010636629416862,33.70004564775739,0.021888656853716704,-0.0003865576014432706,0.9250509717394126,0.011085182443427462,0.012308038628458874,0.018203390812309574,0.02961438987391277
S4,stress,4123.294285714286,82.22707118388315,7.058063752373641,62.487363319221686,46.29303525134159,32.89473684210527,4.643497497635963,0.11967381864493666,4.493398175488665,5.115944717738676,-0.026230380797450964,4,14.306917443246792,2.5617974687039933,33.69920378839402,0.0219464383742259,-0.0058501129893959855,0.9249184341313134,0.007749184566717612,0.010163004839149638,0.01738867238474835,0.030335399873873972
S4,stress,4153.294285714286,83.94551672883715,8.133466775744074,70.03060459620319,46.3682353778324,29.87012987012987,4.693006035160286,0.15050465841178431,4.493398175488665,5.115944717738676,0.292575831205325,6,12.684292891854046,2.6363366749113846,33.69684013875325,0.021945069129972492,-0.00340051929395568,0.9248202026290225,0.008064326669626679,0.010671609849062043,0.0231534100999132,0.03553289983568104
S4,stress,4183.294285714286,85.89733894240761,7.982000753099228,64.57546903887133,43.52470791520641,20.73170731707317,4.792098709691798,0.12788223339317767,4.556190665793682,5.1313735788819645,0.18815556676911072,7,13.798012429161988,2.985607253639916,33.69777662586031,0.022836720060858285,0.011994287056046543,0.9240324618015906,0.014410100977823524,0.016576984322752283,0.026225531775947584,0.048419771858370736
S5,baseline,279.37142857142857,63.47331709498418,4.1478061570292395,64.6920576947562,39.70870851948026,13.114754098360656,5.945666128379851,0.20644623275915974,5.584507300918109,6.391379933666522,-0.7035367069965663,3,15.33621706645694,2.6344356324467277,34.399745614914664,0.06005121379493796,0.15737510169340202,0.927826078599581,0.007232061893741959,0.007595309409126914,0.032784079872984206,0.015052630552952608
S5,baseline,309.37142857142857,65.34298933253484,4.61912974219195,67.06096854959704,33.927176784336595,11.29032258064516,5.700300505354908,0.15075118273082955,5.430195591426381,6.036786895193523,-0.4022511775367643,3,16.42549863120845,2.6662738896677225,34.44781882440476,0.047646734755674984,0.08144065526881777,0.9278868895521503,0.007193432473276991,0.00806935134271848,0.023073042431327503,0.01233785015177451
S5,baseline,339.37142857142857,65.65605272961778,4.444103866642709,62.415245274306606,27.729216339008033,10.9375,5.444936381626486,0.20771706107396287,5.119598929382321,5.9707663099004735,-0.6540275152797121,2,16.712260631683662,2.816344583286653,34.4639516557966,0.032127600707869,-0.012286220160079091,0.9271645279082421,0.005789744932776271,0.007431404679724247,0.01742893098601247,0.013490298142343631
S5,baseline,369.37142857142857,63.531318279807,3.317229261175621,48.786784620281786,27.300785469529302,8.19672131147541,5.1281926293267714,0.16471175499743604,4.849296073428326,5.430167642014558,-0.5697791830356874,0,16.679904686258936,2.294855583741905,34.47915601675851,0.03488395160346889,0.07321536588246015,0.9271525285265615,0.003798646843787014,0.004771149120681485,0.0056562981348619685,0.009923610118269081
S5,baseline,399.37142857142857,63.36719432181443,3.2134514959017895,50.68098450844444,29.643809414460726,8.19672131147541,4.867833252993069,0.13771083246383187,4.63706104427641,5.124396771497468,-0.47510460968774854,0,15.572033898305087,2.3834385287638553,34.50844290669759,0.03106697281668443,0.048053872154820126,0.9265906611124624,0.00393652678766723,0.004739260744949321,0.012081065823710144,0.00991566230455176
S5,baseline,429.37142857142857,63.118400813245586,3.6348090953074768,57.84871389011757,33.594217189442425,13.114754098360656,4.669637450764176,0.09657876616717984,4.5108260802305455,4.856130915480427,-0.32992806309663375,0,15.88201928530913,2.5632339168931844,34.54061953880673,0.037278979039661396,0.08538583408683008,0.9262928730489697,0.0038761525729820692,0.004744673187556775,0.010617608750243222,0.009981420246679848
S5,baseline,459.37142857142857,61.99164576811069,2.7540950040857908,43.203004171696236,30.154364763425455,8.333333333333332,4.536625384963914,0.06341103998353731,4.429428706655766,4.652037655342321,-0.21739914108709207,0,15.722345517259821,2.210527512889466,34.57763879830497,0.03366830853825152,0.06075452133080321,0.9263390446033178,0.0029603313568597896,0.003021170723206103,0.0046539384715290275,0.0060227651881618015
S5,baseline,489.37142857142857,62.05703145829082,3.2830467772487086,49.85763122693864,26.205623325491626,5.0,4.423088279814123,0.07011302805696991,4.294173021205328,4.530434613981662,-0.24185391427932648,0,15.821762996448173,2.7024062922950125,34.60170206415086,0.030196910127878236,0.034399249708594565,0.9257621760699426,0.004210167102820229,0.005690230892203185,0.013286315397424598,0.010357450360180808
S5,baseline,519.3714285714286,62.42927058307569,3.344918671827128,50.768902600475386,29.56583345454955,8.19672131147541,4.303781014152812,0.06710236105091905,4.199248592053552,4.429855069077479,-0.23128046403323335,0,16.18764453254047,2.847959437186037,34.61150913202195,0.02850899719149737,0.005967777656324622,0.9248996135021251,0.004434305052180414,0.005978180143681655,0.014394855526139236,0.010586369460276603
S5,baseline,549.3714285714286,61.7361996365046,2.506461933085203,39.19946590912457,27.704097292687983,6.666666666666667,4.195915933810518,0.057123897614977055,4.098397105895394,4.295642291334685,-0.19732869350289992,0,16.278649130513426,2.185854799645159,34.6087784576416,0.02841959635095627,-0.013936161788271005,0.9243515695072555,0.0032299583746865095,0.0038345496492250275,0.004889237015156833,0.006759434544740413
S5,baseline,579.3714285714286,60.947132466239395,2.1867850803165285,35.002429458927715,29.253363103302913,8.47457627118644,4.113909726844394,0.03918357884445566,4.06401307386393,4.208822262098936,-0.13046959832755847,0,16.338597992686534,2.08759349438468,34.612802238101054,0.030723175670654357,0.0329034822054904,0.9241090864896931,0.0031371254712465398,0.005448712629434222,0.005662711615107906,0.011197671811189566
S5,baseline,609.3714285714286,60.07050191488206,2.4936186128232776,42.32855516181735,38.54496446637726,18.96551724137931,4.054248992874766,0.03195699926354655,3.994991780390205,4.10364919179909,-0.10699738691897634,0,15.804752177185248,2.012203504561151,34.627710165841236,0.030839490286699123,0.030194016569768743,0.9240126432881317,0.0029675925234607103,0.00405474346785591,0.007125698223526245,0.008175011684222086
S5,baseline,639.3714285714286,59.294849680365544,2.6972592040707815,46.72561807721239,33.81146522718537,15.789473684210526,3.9914054064308395,0.0409140401481612,3.9265579459360453,4.065623135555853,-0.14030006697638533,0,15.048754894684308,1.957178582516998,34.637924671718054,0.02914948760296393,0.010517219290717665,0.9241762726362494,0.002696904383263835,0.003005163997301299,0.006107884227751562,0.005892722732067595
S5,baseline,669.3714285714286,59.790114071480545,2.372834989963175,40.34973652481897,25.61832120615115,6.896551724137931,3.931471581528081,0.028716000796614797,3.8845841306731663,3.997733018601631,-0.09796695379767943,0,15.552675430475839,1.8690434186876925,34.64848099772136,0.030575741952360225,0.03010143114706182,0.9240265122284574,0.0027741265788295624,0.0032275957036730515,0.004999351238071193,0.005767248155631932
S5,baseline,699.3714285714286,61.60481752339374,2.3851124305562452,36.997303327604016,24.723304488873097,5.084745762711865,3.8891215725170927,0.022197874367860002,3.8477186958409657,3.929890653193023,-0.07567185746215521,0,15.540754836663494,2.0747306901693436,34.66115431068057,0.03025997236130378,0.022787611107239352,0.9243676704856325,0.0031872272212681804,0.004011526412416722,0.0053417350590623455,0.007899473839570362
S5,baseline,729.3714285714286,62.30818947790362,3.2960884143261096,49.62334202239488,31.46588693833889,8.333333333333332,3.849289392152345,0.02596527609908314,3.8050192706240575,3.8931140187469166,-0.08928117555373427,0,14.41105828145679,3.0848635539934093,34.671703683035716,0.03044412237914719,0.021003425351242482,0.9250598563845112,0.0032840918213822273,0.004356328410534006,0.004842542236199564,0.008373918552557237
S5,baseline,759.3714285714286,61.399306061710156,3.280761545053685,50.19286662082976,30.76739594215318,10.0,3.8080215091091545,0.022880603554639826,3.7722492266479972,3.854394028792423,-0.07877013111817803,0,14.983945772386727,2.939612216055322,34.68582839602516,0.03162516818149299,0.03567545710728868,0.9250893749308267,0.0029931576363113753,0.003719996788657735,0.002616365299538542,0.007419541682479309
S5,baseline,789.3714285714286,60.86017467773697,2.8682064289942852,45.864405052215055,35.59835906967934,15.254237288135593,3.7770086307033766,0.014225391823526933,3.755585891330948,3.8091910538489198,-0.04715771904870936,0,14.757554462403377,2.0693088568514466,34.70437727137974,0.03156396012652099,0.038333448123845856,0.9247817292475692,0.003205315750818754,0.0037153776697652517,0.004672021783834851,0.0067585704962436184
S5,baseline,819.3714285714286,61.147765850987135,3.9094612946320253,60.59252028707197,37.35134261148672,23.728813559322035,3.7540774726807493,0.012851136828663784,3.7308554000691867,3.7748162166496315,-0.04306433570443135,0,13.9385275196569,2.1227882022824294,34.73200504993257,0.03646419061751752,0.06966667328099377,0.925075607810496,0.003342401353628317,0.004177040214867191,0.006647049267790173,0.008432529472496937
S5,baseline,849.3714285714286,60.07894499050197,3.4654717156481567,53.55655256447018,32.24259293910798,18.96551724137931,3.738806004843781,0.009844528373538258,3.719936834156675,3.757556044118465,-0.011297450401698144,0,14.028776978417266,1.9640663189452248,34.7584430120559,0.0327626463644725,0.03819030042595125,0.9257305739598407,0.0028905774834432595,0.0034955551639784836,0.005712505353396805,0.0068900308742941545
S5,baseline,879.3714285714286,60.099935477188126,2.2549865524496915,37.264166378741635,28.299195672692232,10.344827586206897,3.7408105820271422,0.010072910088110416,3.719936834156675,3.7576806690853632,0.022958201561372724,0,14.892862570285192,1.9195957434280702,34.76570885939825,0.02955076748726335,-0.003406021493291998,0.9258673640878731,0.0028759198040704853,0.003768636489587005,0.003068021139136188,0.0070327326204431715
S5,baseline,909.3714285714286,63.68031180090227,4.348497260109502,63.078619773305576,29.458705383136767,8.19672131147541,3.7459689765299755,0.007714617434044275,3.7317465601272004,3.769449747608285,-0.010531819504833744,0,15.539933400285427,2.2617546101379467,34.768604367937364,0.029971431612491967,0.012279746777663171,0.9248071789970038,0.004551297416438719,0.00509235013894099,0.013499577334149053,0.00999730550959514
S5,baseline,939.3714285714286,67.01670122773969,4.043867867545108,53.98383391645372,26.442675179407285,6.153846153846154,3.7386402275450736,0.01055929153471727,3.7159592903319894,3.769449747608285,-0.029623651505919005,0,15.53049311956895,2.7648270714435825,34.76193316214425,0.03245806378376359,-0.04289533357661597,0.9236314972158105,0.004968590469303938,0.005422398693045324,0.009801537946818203,0.00950366554263866
S5,baseline,969.3714285714286,64.38083679234094,4.933054230801508,70.29462365572978,25.56987097179323,8.064516129032258,3.720915797014729,0.013041748545287977,3.698491636941249,3.7435439813242266,-0.041456771664638264,0,15.307716338644175,2.422541513765918,34.74649550301688,0.030685336661394884,-0.024303096311959625,0.9238814478543315,0.003636534794117497,0.004106844835427107,0.008851631145347023,0.007400190990895879
S5,baseline,999.3714285714286,63.88461822626325,3.953859353694446,59.62766018918295,25.76927045027022,4.838709677419355,3.705608374743141,0.007641716897091519,3.6905048165408147,3.722218755731803,-0.02197758326163888,0,14.829702862730185,2.358801533910404,34.73461354428246,0.0304074300259799,-0.026951316938611473,0.924760292580446,0.0034004499047404846,0.0039273250744791014,0.009679873500198923,0.007972599310043555
S5,baseline,1029.3714285714286,64.98882639844622,3.5626904078663983,53.03401854401847,23.54822605712195,4.761904761904762,3.698249937151769,0.00891340591302071,3.682364269052019,3.726869443212376,-0.00918456779968592,0,14.98547326571181,2.544909437233923,34.72227145531064,0.030184228496857982,-0.020511069713932954,0.9254950731429774,0.004441789602078026,0.005108961732625628,0.01098672091570529,0.010555313966951372
S5,baseline,1059.3714285714286,65.67416815021078,5.412429811702445,72.87231971105457,29.40727494838412,9.523809523809524,3.705931583449758,0.014385775172299982,3.682364269052019,3.7351179224786866,0.030152238594381226,0,14.309301045679693,4.050906971738845,34.733338455926805,0.03453197268916829,0.05631261089241022,0.9277642331397092,0.0064055600705971,0.009031905734307307,0.019471289284037137,0.01953402210258852
S5,baseline,1089.3714285714286,65.97367138723084,4.622120449165052,59.455988863712165,26.396578125482364,6.25,3.7095285794572894,0.009625840085678844,3.6928043271928668,3.7351179224786866,-0.029042982780965784,0,14.170776018686738,4.258498272254181,34.76405586315337,0.03410841725190437,0.05968293487639379,0.9298723672258558,0.005893357838332422,0.0066994670523295,0.008414740765295388,0.011074482673914672
S5,baseline,1119.3714285714286,64.48858935289013,3.790956131485131,51.660813288005926,26.250176337223955,6.451612903225806,3.70261693923678,0.007638212695448878,3.6928043271928668,3.7370002820612376,0.004750328924247779,0,15.33126482934842,2.570277472831149,34.786365929739816,0.030807361765979126,0.029654046626878965,0.9299360628685375,0.0037935103593513507,0.004018676254288872,0.0050805322985086505,0.006728993641345414
S5,baseline,1149.3714285714286,65.37967920713112,4.227200510392126,58.668489747511195,28.56519206311854,6.349206349206349,3.7099893286881076,0.010997118599108,3.693489076813938,3.7370002820612376,0.021851495094449513,0,15.845639754230893,2.1742396351531195,34.79628249540783,0.029626004446363527,0.009254533440312136,0.9296961785709114,0.003163542311082083,0.003124077806175281,0.003942622877459016,0.00561832722947647
S5,baseline,1179.3714285714286,66.61327728670567,5.081676656362033,65.77636818983623,27.230050811372962,7.6923076923076925,3.7112441156226303,0.00762417543694653,3.6997703400807516,3.7289147615665152,-0.021003575618145323,0,15.488629379225571,2.625862108419504,34.78807867213658,0.03331601596402352,-0.04312371696128582,0.9291901243940769,0.005726125504988593,0.009516460365359632,0.015183629119823358,0.019275671184051844
S5,baseline,1209.3714285714286,65.69237625653305,5.268136690408128,68.53214773693804,27.615528746043434,11.11111111111111,3.7131743619266913,0.010042895971060188,3.6997703400807516,3.7337264919257493,0.027119961108629485,0,15.037978568323062,2.8738830354728546,34.78250402904692,0.03267751880805919,0.008217053277526512,0.9299565403497023,0.005849275204783654,0.010139159375385677,0.015208575405519696,0.021060247422705007
S5,baseline,1239.3714285714286,62.756243695591635,2.800785140990007,41.94624994733109,27.461460570426535,6.557377049180328,3.7224064059536612,0.006711238508433285,3.7026522209077575,3.7337264919257493,0.0074030469959714944,0,15.492438214680933,2.352389329457816,34.78824699983143,0.0305739478730316,0.006426131503665497,0.9312244214026038,0.0031689843660667703,0.0031690718506241274,0.0034205881566844094,0.005632217266621067
S5,baseline,1269.3714285714286,62.32880963469266,2.5901543193524375,39.20749812030152,28.09318718615506,6.557377049180328,3.71677669113823,0.007839898112377699,3.7049631953097175,3.731516102051459,-0.023952136759959188,0,16.051773338768857,2.063009509951211,34.783623792375835,0.03040529024383509,-0.02096736904740351,0.9317258420774964,0.0030843146530952505,0.003603535966986769,0.003133297477914993,0.006908294756813601
S5,baseline,1299.3714285714286,62.380809383598425,3.002706771156661,45.17303979585837,28.806768856863997,10.0,3.7039799815362744,0.007004321984613769,3.6894367474194723,3.717496118906274,-0.022663198700194582,0,16.1323363720168,2.0552326936073646,34.782272571382066,0.029947840749095185,0.014260380536404684,0.9317947321381815,0.0030843138692974526,0.003413452959589156,0.00519187212312603,0.006311453272231015
S5,baseline,1329.3714285714286,63.575096367069385,3.702399756129352,52.93812273302968,26.544621465349792,9.836065573770492,3.6960106233093954,0.008794622192578266,3.683131191746072,3.719010875363215,-0.003753863390781439,0,15.551441417614388,2.4045685948015185,34.790606388636995,0.030011264246550422,0.017805885380332412,0.9316853722509678,0.0036448198100404562,0.005847337558742564,0.010991288033711312,0.011745963207641806
S5,baseline,1359.3714285714286,62.80939840688045,4.831888290982625,74.3520102188778,36.25453452674409,15.517241379310345,3.699706134360351,0.010710300721645808,3.683131191746072,3.719927157825799,0.02101338822087854,0,15.360100310859174,2.3799652864227197,34.79901473127093,0.030084752158712463,0.015146189633866105,0.9322625491301259,0.0036414418295450733,0.005540397101390812,0.011496779368239422,0.011103494051102735
S5,baseline,1389.3714285714286,63.10757638053638,5.170865887826103,77.73379887024731,34.1736674884764,10.344827586206897,3.7133727166430064,0.01830944613763269,3.692010430308596,3.7708371777781866,0.03589681870142864,0,14.768331935841607,2.4688257814835324,34.80726134527297,0.030231479829534648,0.014436495971212682,0.9325940162006634,0.00383711947396247,0.0050721148135563585,0.004453736232705047,0.008966123737928412
S5,amusement,1862.3714285714286,66.73573007760707,3.7614408091848754,49.42223365130973,26.778570475936423,4.6875,5.936830735904988,0.13894220624924283,5.713870713944761,6.25345613349046,-0.454336366673268,5,16.660055533518445,2.238621220327408,34.90507536315918,0.030595883846499156,-0.002405849139922021,0.9318169425575581,0.004280405362843266,0.0061564292216946875,0.005402327031235912,0.011892646318532447
S5,amusement,1892.3714285714286,67.78837637216084,5.504764683041141,70.64049228590386,20.559580522660962,1.5151515151515151,5.88599327446663,0.22922362758208994,5.587192978503954,6.485980797832156,0.298847987771026,4,16.939126693912673,2.4069273435446976,34.90017388770694,0.030691669803418725,-0.014437753035367384,0.9314046383008755,0.004269910730366718,0.005202977877222229,0.0029789857288500666,0.00924285292130369
S5,amusement,1922.3714285714286,68.55011970991127,5.309401151424615,68.1019982821433,22.47722684528272,3.0303030303030303,5.948526766712731,0.22653603705700134,5.587192978503954,6.485980797832156,0.23980628609115834,4,16.597100447034997,2.7006771957726987,34.89913666861398,0.03065173733433222,0.008101559709406,0.9310283066054376,0.005109619191098908,0.007178245481128961,0.006490887278485127,0.013484381943019015
S5,amusement,1952.3714285714286,67.19826557968351,4.628203071791713,62.06854789842375,25.886480836720363,7.6923076923076925,5.8845662442536835,0.11044904945493285,5.703081572968936,6.112194466643942,-0.2567075482548655,3,17.277788443079288,2.2250805837048113,34.909198354085284,0.03168641644881115,0.029118235248132448,0.9307319576419689,0.004565001572474106,0.006594779592792774,0.006616275198200519,0.012371119794749894
S5,amusement,1982.3714285714286,65.20755852501583,3.6104952858196824,50.431448273553606,25.251568730595917,6.349206349206349,5.784591807476148,0.08756998620669593,5.648191282136929,6.043939454204364,-0.11925877787561036,3,16.89715866230827,2.0633207437037933,34.916762168520975,0.030672855194661782,0.0019044143718220609,0.9306124180556028,0.003606967961314274,0.005113844888567507,0.003915396961799934,0.009619799882046384
S5,amusement,2012.3714285714286,65.62798050559451,2.4654630405002496,34.41243323603388,20.00080983135295,3.1746031746031744,5.685749666000028,0.10448093014670731,5.501439129183816,6.043939454204364,-0.24200184855419102,3,17.43371556062886,1.9890441482658572,34.91489412434896,0.030345188167122023,-0.007120855928415027,0.9303751476423017,0.0031130807614387036,0.003248748878215998,0.002662047961390219,0.006178276907928455
S5,amusement,2042.3714285714286,66.82745051234514,2.6141901127558587,34.93445473860527,20.670852532660604,4.615384615384616,5.52123703245044,0.1094105385098087,5.323457851509541,5.7092107912819055,-0.3699685075139392,1,17.985792735150387,1.969956451065826,34.91434400503976,0.030586319928550848,0.005608420357454263,0.9304838492263674,0.0035284747017309045,0.0036787938096893404,0.0044086422077512155,0.006745563601784483
S5,amusement,2072.3714285714286,68.73525028607257,4.645190454231809,58.2192968860504,23.796016068857288,5.970149253731343,5.46815601325387,0.1054345213933054,5.323457851509541,5.871115434826418,-0.018446822261745304,1,17.635018107384663,2.1440938962289096,34.91640593683152,0.030814202711271943,0.004134059483978187,0.9307439775688946,0.003713860000337161,0.0038402604479701066,0.005441727271749811,0.007048360244568883
S5,amusement,2102.3714285714286,68.06519823911798,5.462088450102804,70.52572261962587,33.17538044012364,10.9375,5.431650001085682,0.1264350361266052,5.244072094391867,5.871115434826418,-0.30990117765013253,2,17.881852048962216,2.2021500236643443,34.92297683933803,0.03154847052435474,0.021015506255125885,0.9309406886779781,0.0034033370688885847,0.0033040392364379416,0.003456999792642781,0.005961646750211241
S5,amusement,2132.3714285714286,65.496832912928,4.566631095864731,66.99167611259384,35.09111493872067,12.068965517241379,5.392765995603059,0.08353541958519131,5.244072094391867,5.619543209730963,0.12366883122124803,3,18.252466895035532,2.008100980309837,34.93311797441755,0.031128942380251146,0.017914654330278966,0.9308992998185432,0.0033142452187676225,0.003754221910427387,0.002975216874579089,0.006892382199426727
S5,amusement,2162.3714285714286,65.2488035632799,3.7636504261090127,55.005070885594264,31.789148820076115,8.47457627118644,5.380002938401608,0.08779401227939246,5.251571673754949,5.619543209730963,-0.18601351973939156,2,18.287060751972135,3.7411543776982077,34.940238737560456,0.030610873527821575,0.010998890774991502,0.9304744719244765,0.0035433941427033605,0.006242545927186252,0.003561543750310598,0.013367665724108826
S5,stress,3602.3714285714286,99.33540173048708,4.195083555069083,26.129561746402263,11.553987838291553,0.0,9.749623502652891,0.18159636598032858,9.581940073951477,10.587287385496083,0.3897275530345074,10,11.661071708018879,6.892971391414737,34.65833428955078,0.035894670832237796,-0.06415618344529386,0.9172316251996935,0.009095130032597,0.008997426085535765,0.008055226039092847,0.01876098476399557
S5,stress,3632.3714285714286,99.18159787865469,4.697809042593418,30.115394438986016,14.758481537232312,1.0869565217391304,9.872199465848707,0.19584961020623123,9.624117334937434,10.587287385496083,0.23457895918525085,12,12.923739678957894,5.759797239440615,34.67083286757696,0.05442195525546548,0.11834219351652117,0.9170404956648939,0.008946386149159678,0.00883264172191751,0.006105947107726216,0.0172365871358261
S5,stress,3662.3714285714286,93.91496978710296,6.866647828537535,47.56656395420185,18.816121974643785,2.2988505747126435,9.848133487378554,0.18813752572235554,9.582730599488189,10.645771701244184,-0.15973768753467538,12,13.200282863204214,4.734282445089353,34.798163044520784,0.10935413498644866,0.3545974310604062,0.9169664396532976,0.008216543996007297,0.00822119116422934,0.005582933191134286,0.017897116915356972
S5,stress,3692.3714285714286,91.97065408465569,5.225490130214504,38.02316872973485,15.695940399288196,0.0,9.876941546690366,0.29734281757345005,9.516154574378847,10.997988272284614,-0.006970711356364775,12,12.516763522574879,4.713378530627302,34.989153783162436,0.13861824140591378,0.4186331033661328,0.9167614144898015,0.008319185292761176,0.008290744239914006,0.005506593823010658,0.01713077192394593
S5,stress,3722.3714285714286,93.91455019170036,5.600683198596363,39.747516629159094,15.746719775034716,0.0,9.75871304248617,0.3777884944373062,9.222778083108146,10.997988272284614,-1.0362929292861731,12,8.34516037468067,5.644033151565239,35.16107383873349,0.13004750086598407,0.3228343374149082,0.9167614369069554,0.008704284616195069,0.008633900638887249,0.006464032021278501,0.01649414153915901
S5,stress,3752.3714285714286,93.83126333968009,6.5943257806836,46.67662345947943,19.32129400127824,1.098901098901099,9.401573041051847,0.2577523070898197,9.066346150211624,10.355678480122329,-0.669575501743148,12,8.623977002727994,6.324507436860264,35.13164680553618,0.1238549662601326,-0.39679721051093025,0.9169887336458499,0.008650973407974077,0.008657263826258069,0.00802082647800733,0.01928231608224819
S5,stress,3782.3714285714286,94.23037936840336,7.434104129048021,52.37880311353289,19.02379462422684,1.1904761904761905,9.30510838296261,0.23980110673877042,9.02696792355053,10.216820005923806,0.1443334612439221,13,13.396773078865525,5.821519310158896,34.969637146722704,0.08784690954856247,-0.18460985804557237,0.9170117319979653,0.010297835241139319,0.010253462531248043,0.009294264152190172,0.022317320496160416
S5,stress,3812.3714285714286,92.91589025405655,6.9765066340065705,50.18417311486374,15.794295929656545,0.0,9.178697530859484,0.30863162992488036,8.773612637809526,10.216820005923806,-0.5848216144667212,13,12.579643849044274,5.586426342722245,34.98251994832357,0.08987149150526848,0.20859081952547295,0.9168528321023238,0.01089115635849793,0.010799483817437786,0.009111571120842677,0.021152108739910695
S5,stress,3842.3714285714286,88.3990482418001,6.877812101676755,54.00817209516745,16.11842635938025,0.0,8.939740833067667,0.14387727300767952,8.732277084692628,9.490624893329562,-0.21902182007220602,9,11.366711772665765,5.5040560604234905,34.94975870986212,0.1227329889587771,-0.398279054459706,0.9169061757225265,0.011872346080669033,0.011854864282918647,0.009420315276885454,0.023698699660502334
S5,stress,3872.3714285714286,84.29113456049575,5.647135191209777,47.958175344816496,18.23877904971958,1.2987012987012987,8.996829184191396,0.18043405820701833,8.732277084692628,9.763157135749529,0.4571768500935324,6,19.122780391561694,4.3149547069034755,34.70489574686686,0.16320197276296847,-0.5498347324840749,0.9172055579347099,0.011336429018696827,0.011575986061120421,0.009279458863305678,0.028960541740376152
S5,stress,3902.3714285714286,87.37910089109691,6.297212942616352,49.74823203547773,15.230915675589783,0.0,9.210449326852663,0.17901219119276177,8.92118429967893,9.763157135749529,0.46995367843908736,7,25.188391436989907,4.395002658849487,34.521378511701315,0.06502441332669921,-0.1877092336504016,0.9176921104834291,0.011009344180796306,0.011319105979408741,0.013687925883840449,0.02670516338758321
S5,stress,3932.3714285714286,91.58075854048204,5.111028600603373,37.30963776686641,12.375497831274792,0.0,9.478293453340495,0.21896599912835965,9.129952380489753,10.126212121169493,0.707344248723571,7,19.817552689525005,4.4336709186100025,34.4569600495838,0.04339456785740105,-0.09818575388314855,0.9179009482821966,0.012278697539248524,0.01248243416710467,0.01344524989783213,0.026194569414373266
S5,stress,3962.3714285714286,89.92986778419917,5.126916607511156,39.50513890562342,16.59475109972193,2.4390243902439024,9.773647685715666,0.20367415005300152,9.431863904264059,10.450242428808,0.5796795143312117,6,17.14472323518206,3.8493549633027944,34.44823790123349,0.03334265965056296,0.049438242422254135,0.917677583614971,0.009137273932880271,0.009313637363176074,0.007250491512075054,0.027273755203307753
S5,stress,3992.3714285714286,84.63439993962109,5.810170543106248,50.05501459990295,15.559900473257555,1.2195121951219512,10.03575266488996,0.2568874572756197,9.692353944367468,11.079289784807777,0.38763536734832943,6,15.934095712969487,4.004291324373134,34.47420005362375,0.04366389221082306,0.05849573038228764,0.9176683024343745,0.016195842047165013,0.016139547935459925,0.008630578750616128,0.03913844453567351
S5,stress,4022.3714285714286,84.04573113307067,4.139270813121759,34.82799962620741,13.484685190759093,0.0,10.201047382863061,0.26848235392972425,9.839136779837611,11.079289784807777,-0.11852973908643251,9,14.63846215716239,4.473065927848452,34.50591435968308,0.05447173413493853,0.12529107912519635,0.91803697132904,0.01705907207204766,0.01700309997414047,0.008646930598368229,0.038729091476394514
S5,stress,4052.3714285714286,85.0814395536506,4.0055399322759815,33.03621011436012,14.085904245475275,0.0,10.072646958863473,0.3277399031187616,9.54873787283397,10.96974516195982,-0.6893386607977373,9,12.683712502516611,4.862785859234532,34.59452095758347,0.09451880052258815,0.2785165134859493,0.9182180358419081,0.008805741644095593,0.008944424860067239,0.007683043274451377,0.024913139797499775
S5,stress,4082.3714285714286,86.03690961047374,5.360365254444149,44.3940791448253,17.21568995316929,0.0,9.813963694904745,0.26598792120665454,9.54873787283397,10.83219486376259,-0.3423581651043271,9,12.68754405397241,5.366244059437687,34.67793223063151,0.08714428704080195,0.03753861654534456,0.9183640890874728,0.00709046106939399,0.007262271892551535,0.007919392901490399,0.020323659362338667
S5,stress,4112.371428571429,87.90844725688446,6.081790453559242,48.10635657331573,17.554579610635013,0.0,9.693403269683488,0.23080726106665972,9.355184428236624,10.634293409099287,-0.12529816525000737,10,12.376298406306017,5.754087015611708,34.68105155436198,0.08751832010423563,-0.048734226263288494,0.9185332367130006,0.009928880900109537,0.010011875219720287,0.009199778920314297,0.01777985640391734
S5,stress,4142.371428571429,88.38474978080511,5.492362799414136,42.955233621195504,17.33436448436546,0.0,9.593264599969656,0.23515662512974508,9.343760085248405,10.634293409099287,-0.3579580499589193,11,14.869888475836428,5.790053005364194,34.72074338277181,0.0874865294809791,0.19482620004685627,0.9185604169425113,0.010292863469493315,0.010370125784193832,0.009597154942502401,0.01919763335400472
S5,stress,4172.371428571429,88.93779694764793,3.9632213033775807,31.94431458831659,14.62936992931235,0.0,9.500083959512661,0.15800707353592855,9.33084377001025,10.147447878362065,-0.05612985352920252,7,13.588511983275676,6.046129518126502,34.715364879063195,0.0721904912628777,-0.2221633885931455,0.9186889895060012,0.010996008858022897,0.011189504972248106,0.0070833155771012676,0.02667412359641905
S6,baseline,642.6957142857143,69.81483980632869,5.2517659449575085,61.54420879246071,31.290033108376775,9.090909090909092,9.426332551844707,0.13062414180967094,9.175325114008247,9.670424558359132,-0.4482754041452526,2,16.35981199200187,2.339816395105348,33.560584352765765,0.04226080603971429,0.09284556086355271,0.9523080738596315,0.0061378258270662865,0.011159693273661305,0.01565766459724215,0.011166611551035382
S6,baseline,672.6957142857143,69.07735243516558,4.493851561829556,55.07415749653471,34.259051466310424,10.44776119402985,9.137891340454091,0.20196092058799803,8.754345561355468,9.459376626608995,-0.6935725192758051,0,16.899141630901283,2.271775882391324,33.56614216032482,0.025446558919499953,-0.04268113425631166,0.9523586391776085,0.005573738067204304,0.009102495114826938,0.011519672138071126,0.009563690245815716
S6,baseline,702.6957142857143,69.538243176278,4.532683123741055,55.902757379284616,31.06790534640955,7.462686567164178,8.757430062433322,0.23433946203596795,8.360412615017154,9.17529874060216,-0.811087427737821,0,15.989036089538601,2.381771172692401,33.56231122988746,0.025171683387148258,0.03785484733459458,0.9534628023307288,0.006010625018606092,0.010329655899876106,0.012841597142901994,0.010834115152847719
S6,baseline,732.6957142857143,70.0134806162792,4.023760993147861,49.81808743481691,30.13425342184068,8.823529411764707,8.379758983108884,0.20177102715355197,8.05076271484436,8.754321393930743,-0.6971150763161361,0,16.180517336268576,2.402186438382175,33.56982228742327,0.02816583716775486,-0.014958433263340646,0.9544611978958745,0.005955458585823787,0.010634317226235184,0.011132069412283946,0.010688207781764613
S6,baseline,762.6957142857143,67.69690774648927,4.690478746498179,62.75543408327906,36.41477542005458,15.151515151515152,8.04974045038724,0.180480619264466,7.740199877258563,8.362069676051812,-0.6240013862569564,0,16.406650552992016,2.1249311388060432,33.57134472583589,0.03046070600080069,0.010029298723549553,0.954729583232738,0.005277379365141227,0.008480744769476576,0.008026739595965234,0.008622299175676001
S6,baseline,792.6957142857143,66.40190126268604,3.451698286554374,47.755283281228444,33.27615205997182,10.9375,7.7598021086275555,0.15447475774069463,7.512109093791627,8.05072999167019,-0.5336492947895835,0,17.297742541635564,1.839203049649991,33.57898673865909,0.02610473074090015,0.027683687723451613,0.9550456524335619,0.004511605254422739,0.010134312434268149,0.006611426624268453,0.009741245708412956
S6,baseline,822.6957142857143,67.96843782517173,3.966396322447685,51.45519930721261,33.959031667396815,12.121212121212121,7.510588316991013,0.13344768428060336,7.295130658676644,7.740193503226341,-0.46147049818553093,0,15.49774650114652,2.061310205148285,33.57651187933059,0.030193147212755827,-0.04509451072480886,0.9552926059184905,0.004745616053845494,0.01151095200382851,0.007475402767927353,0.0106484113387274
S6,baseline,852.6957142857143,66.90596060324656,4.577549297976987,59.848230430872306,37.046790389708036,18.461538461538463,7.308558130291439,0.10209969130457802,7.1337720016009465,7.5229817978053335,-0.3498091522456875,0,14.561303583368415,2.17180715593938,33.51083225141253,0.06909545234354575,-0.2267572549015699,0.9555387714740938,0.004552815387660506,0.008354174840242258,0.0054390882603868596,0.00810290869861496
S6,baseline,882.6957142857143,65.29377335477051,3.246194101161271,44.670833867720674,35.24085299008439,19.047619047619047,7.154208380181742,0.0775097737935164,7.029883121906149,7.297446991411947,-0.2661499283681385,0,15.875158616593316,2.0733330732860966,33.438955896286735,0.03115399776146321,-0.06177870694642424,0.9558391075856317,0.0039126003078437215,0.00790293440901764,0.003680982408756684,0.007596422218358719
S6,baseline,912.6957142857143,65.98221769781796,4.030604632829319,54.8981547773619,37.26432258352926,14.285714285714285,7.030453017980582,0.06455784709043874,6.925693758614189,7.1487491101206055,-0.2222717241870308,0,15.837502199653082,1.860341764210222,33.43404333932059,0.023889441583127592,0.035030335289787176,0.9563440953791145,0.0038722684642324553,0.007689000044294646,0.004439155113142505,0.007370184133474521
S6,baseline,942.6957142857143,65.6401785299318,4.510353046119846,61.056529484810966,35.515090757673036,12.698412698412698,6.929797348526709,0.05322657158659006,6.84459797062874,7.0341382266421055,-0.182232956245769,0,17.178353229888288,1.6440996063627424,33.46942739141555,0.03776112670261006,0.10964788187448153,0.956769119585681,0.004435443147533307,0.008225978293544139,0.006721751419222662,0.007983630262691842
S6,baseline,972.6957142857143,65.73005394245124,4.270290486313745,58.328382928914124,37.0913649703161,19.047619047619047,6.8455162464294785,0.0475345392120245,6.753857706723438,6.925680640259781,-0.1625693009438303,0,15.948963317384369,1.9529553247298295,33.54743798682803,0.06158636802487472,0.1964853588281453,0.9567011825827993,0.005110589008278054,0.01017282641445571,0.008405698379574401,0.009624317693877327
S6,baseline,1002.6957142857143,66.4332114597182,3.991988101033751,53.56495311666962,41.658460076176205,21.875,6.758967243751307,0.0554510439996853,6.648067781789928,6.863238690779754,-0.19044590044853826,0,13.07698295321865,2.1804146276152827,33.62885310581752,0.04643783426076108,0.1323164772769895,0.956588947117232,0.004539190888200069,0.009500674879166145,0.0056967941629330375,0.008802516430355324
S6,baseline,1032.6957142857143,65.73643664748568,3.273000158300831,44.04509660517894,36.46662927966346,17.1875,6.672657883618827,0.04497317909336489,6.6006242254235525,6.753850643479038,-0.15246415327082566,0,14.233205599436928,2.009703845359645,33.688274784633094,0.039268651552617426,0.11039507790240302,0.9566591118026249,0.00401721976114841,0.007331234443318484,0.007724687813148423,0.00689905711830526
S6,baseline,1062.6957142857143,66.0529913269,3.612418482777054,49.36219701740125,37.449796326521714,21.875,6.607101751219161,0.029849978601559808,6.557268723212448,6.6579744141513295,-0.10112945099281628,0,16.33605600933489,1.9069954200204395,33.73875908624558,0.03533455217680391,0.08284007259424987,0.9570341554981857,0.004523616803672336,0.007776385972454655,0.009989580840293987,0.007364005154163702
S6,baseline,1092.6957142857143,66.66642574708914,4.23015807712803,56.89788572373264,43.60398373955279,28.125,6.5496103325449635,0.03522931959158171,6.486136046609018,6.601721810608042,-0.11951589640579413,0,15.762610088070458,2.056049144263301,33.75475355239141,0.023114773425220513,-0.01948753571872778,0.9567563269132744,0.004733854783632544,0.008707896242247644,0.009839288716611072,0.008600366321347929
S6,baseline,1122.6957142857143,66.09270681790485,3.4459898531147277,46.20630195435538,38.41652094649713,17.1875,6.498809379443914,0.02661366599069978,6.448661602397191,6.558565191155578,-0.08775615761985524,0,15.176543464794548,1.9724217980268888,33.74121470860072,0.025439522311691356,-0.03158388154547429,0.9565655117241475,0.004492764809076776,0.01024605595962717,0.009522748066149956,0.009573372715338943
S6,baseline,1152.6957142857143,66.48179647612194,2.8944076750800107,39.00579440002051,31.129445645324996,9.230769230769232,6.458383738803022,0.02407404949443863,6.423561427321231,6.498825942377179,-0.07848501970481737,0,15.775071095133336,2.013069626069045,33.73469483802432,0.027794755677085475,0.005678769981419886,0.9575772763439866,0.004376598466006674,0.00899649671703015,0.00796316331176156,0.008447915031813337
S6,baseline,1182.6957142857143,66.41984157294823,2.9345396044394376,40.279940594516646,34.190716606131794,15.625,6.423510096534867,0.019018496822336438,6.383079172125816,6.4573395623505485,-0.060522055699489374,0,14.324693042291951,2.1564965931882254,33.75944778297061,0.03722762179277195,0.10235017828116032,0.9581546393346044,0.0043581116357844524,0.00781894652416973,0.006031716317683689,0.007515979136988309
S6,baseline,1212.6957142857143,68.50204613043411,4.851200941440836,59.55813806609832,32.66980989890112,10.44776119402985,6.383610676188745,0.03052877283832623,6.3252380110812645,6.429506328650388,-0.10451697102557837,0,15.393879100452912,1.9157532489137403,33.80375746808733,0.045854548407866735,0.045072649722438726,0.9575330629417824,0.0065253549718396475,0.013331525654588271,0.01210938169726724,0.012101556063112947
S6,baseline,1242.6957142857143,70.07714955335067,4.7927444221062245,56.66071690459347,33.91076489833864,10.294117647058822,6.332809248301367,0.02902576560147484,6.289218452233333,6.3910941040109766,-0.09771380719643105,0,16.61655325209685,1.862912887349869,33.80757100931803,0.04702826019216745,-0.05557851865264279,0.9564546926840173,0.006985408263993489,0.01371632964316603,0.016278525387266353,0.012411942563952812
S6,baseline,1272.6957142857143,66.31737421740776,4.38042500675517,58.57839267507365,40.19166453332313,17.1875,6.294351062707247,0.01573352356903153,6.269214137347494,6.32536323773385,-0.050458721070444405,0,15.421737305916913,2.1737210204346438,33.82914772324335,0.04963152842321821,0.14851012953845566,0.9560109473347354,0.005669650672145712,0.009349450271144909,0.01045844161822949,0.009121686324610878
S6,baseline,1302.6957142857143,66.85038083283402,5.438208179119484,69.14483785350737,39.920556028827974,20.37037037037037,6.289323134318623,0.024368844456611253,6.259842799976616,6.40619759623997,0.036680439233237015,2,15.7080650762696,4.040105876961314,33.84430010114397,0.04351581529708876,-0.08824302082642793,0.9533643596466683,0.01668401048275849,0.0669874645173118,0.04803302459026209,0.09309610347683987
S6,baseline,1332.6957142857143,80.40224144140463,8.013518818250219,78.07486524082442,27.50024974911566,9.230769230769232,6.279582094339483,0.030149484019903576,6.240046454064392,6.40619759623997,-0.04523650610663612,2,14.022291848579792,4.282881862896606,33.84062208339146,0.04461606546437966,0.049765685309021125,0.9466183889671379,0.017215812313545832,0.06974807343173407,0.05331181511169118,0.0921749675924588
S6,baseline,1362.6957142857143,76.08494517007087,7.994095608403854,81.7793703597481,34.469500888079324,13.698630136986301,6.252432891559737,0.013424458123327383,6.2274072352755425,6.289047673673371,-0.037334184227149105,0,14.812202433433255,2.749639092343159,33.880138407389325,0.037085513984131,0.08971474548304528,0.9434095766470458,0.006563983445531341,0.011220203893988853,0.02740995526320691,0.014842809440720008
S6,baseline,1392.6957142857143,70.24880259424982,5.579204281963379,64.77708674963387,37.53389824421336,16.176470588235293,6.236990821354726,0.00918415050801725,6.217318967053033,6.254537510549149,-0.02390383138140411,0,17.038078753786234,2.1708041731526757,33.92197719247,0.03303531612000908,0.07492712801197757,0.9460713196019076,0.005776839803435506,0.011887753681041356,0.021698962074425603,0.014133265774127466
S6,baseline,1422.6957142857143,68.19606875116536,4.8696610027550795,61.258659956011144,42.14744270305052,21.21212121212121,6.225374563159812,0.00921909459551327,6.208060659912145,6.249480020879548,-0.015816845899137462,0,16.51419434323311,1.9160011498686407,33.946347985403875,0.02432648034140658,0.016095713734316276,0.948808183499668,0.0054756108412665015,0.01240202843038916,0.010156507572863044,0.012503166340977128
S6,baseline,1452.6957142857143,69.45577598245293,4.452712749237596,56.29190214047448,39.0879885621206,19.402985074626866,6.2224305332783105,0.008908866174137437,6.204539007291213,6.249480020879548,0.012306144674236796,0,14.527458492975736,2.047978637222433,33.95528012302944,0.0247308276640579,0.024065190127100154,0.9505931131800742,0.004901521739788808,0.011671884743977711,0.010188589769081529,0.011362087574627717
S6,baseline,1482.6957142857143,73.37414269507208,5.3248942922009395,56.405036796448385,34.711640110828434,13.846153846153847,6.2414598931296625,0.025252331635463462,6.204539007291213,6.362452591122993,0.055635205653094454,2,13.8154107617664,3.5038594025016323,33.89010458737328,0.10487841887720148,-0.30000018804630857,0.9515309233070478,0.011692283594069323,0.05005962084658417,0.0193624143110919,0.07257062552066464
S6,baseline,1512.6957142857143,71.30946370487895,6.20455467683867,71.33582864432745,36.429700895113584,19.35483870967742,6.245222439228477,0.023739153826086143,6.2132180868476246,6.362452591122993,-0.047043040685280695,2,14.452145701224007,3.3284089107984935,33.730678343999955,0.11690913265445514,-0.35851572673754983,0.9532810666375676,0.011986177049660705,0.05259967009730654,0.018498449976531356,0.07537666981636407
S6,baseline,1542.6957142857143,70.21017183759828,6.1184798193237215,70.84635992726825,52.9873704313191,34.42622950819672,6.226750274354816,0.01165534861593962,6.202188142226628,6.259850224410309,-0.02956312989155502,0,13.67002088475413,2.6577271681494334,33.625453143165224,0.030172345834836176,-0.07007699140681595,0.9544217015246764,0.008255556130361707,0.020429308024019734,0.010523514627790258,0.019008159612035284
S6,baseline,1572.6957142857143,79.13752461813574,8.060616218131784,78.37792233066213,46.891859582658775,28.985507246376812,6.226809742535801,0.014749573126055265,6.202188142226628,6.284379674711486,0.007465854613658653,1,11.443518064410657,3.1502138150036667,33.61556916518438,0.03755838301361401,0.041807107966220045,0.9544058012521709,0.009938589349082148,0.02845450638577914,0.012882109221343457,0.025347498633833156
S6,baseline,1602.6957142857143,78.60105714495964,6.096707036989139,60.60047105292776,30.13527038893461,9.859154929577464,6.212281234224442,0.02524395782972083,6.1721783943788475,6.284379674711486,-0.0760665749303187,1,14.02337228714524,2.465056997077688,33.66596953110468,0.060958602179101234,0.19258317635645505,0.9553704680277709,0.007957082397176995,0.023483804744244715,0.012703970985731774,0.020371696165293232
S6,baseline,1632.6957142857143,74.08153266127414,6.032140316116438,62.96251157251601,25.13625003375876,2.7777777777777777,6.192085791870368,0.016361812426710493,6.158903013129364,6.223666907987735,0.004081313689368673,0,16.397282736003753,1.8842282442386595,33.77713288080125,0.07884198509648364,0.26002095604937286,0.9569080857733622,0.005760931805418122,0.020855232757805518,0.00912206430824273,0.016641102795590692
S6,baseline,1662.6957142857143,70.13499775103918,3.472194906947612,41.823350323885165,27.539124193491308,7.352941176470589,6.1912608733370025,0.015488590945618488,6.158903013129364,6.223666907987735,0.008816684528838357,1,16.71353531065952,1.7205534016899238,33.87237622142973,0.04384533042070449,0.09870645109203538,0.9578350841440654,0.004466459817871028,0.014911756703736605,0.006188126460484339,0.011473091845972012
S6,baseline,1692.6957142857143,70.5144525260705,3.68722889063276,44.08197636782092,25.44089022731366,4.411764705882353,6.185847320270253,0.00878118298642688,6.164714695589924,6.20650498845226,-0.014866046717403264,0,17.439597228349726,1.6900553166267112,33.85845665631975,0.049979768225772624,-0.14679199613970653,0.9576152336614218,0.0042176687143764815,0.011027970476147111,0.007320634084560256,0.00882685687940527
S6,baseline,1722.6957142857143,74.13067472106432,6.523945564978739,68.98340153673733,28.089496849986944,8.450704225352112,6.191022656238288,0.011830234820575497,6.164714695589924,6.215099010399258,0.03256153900960492,0,17.890421170331717,2.0467388952258414,33.80287056768508,0.032582469768055664,-0.04528272114224205,0.9571356479857069,0.007195692377593735,0.02306823085707526,0.013526391346749704,0.021037447985926334
S6,baseline,1752.6957142857143,71.60123591755914,7.4828700656777265,84.75119542841362,32.49756187039418,13.636363636363635,6.209860663459265,0.011834230774921744,6.178131168374404,6.236273802658001,0.030689637864513477,0,17.09706144256456,2.2461509087511313,33.841222614833285,0.0626443398336474,0.1930086687983145,0.9581745022587678,0.008363100192082338,0.02790131292676019,0.016111292003668867,0.024612097533576124
S6,stress,2440.695714285714,85.50776531197369,7.468910267924418,60.2426636624872,34.6246869324248,15.66265060240964,8.930265800440425,0.11973607210480088,8.727797606023879,9.249789024177993,-0.1309441329344389,11,14.418125643666325,3.3170442116429797,33.78962277076358,0.06699908533158336,0.20873635741841565,0.9340764734774868,0.010421815865015371,0.01843578498084475,0.011935464408659831,0.02914935372234231
S6,stress,2470.695714285714,82.06977645307646,5.7744246190058215,50.77436079642672,36.76922943891247,20.253164556962027,8.848878988230402,0.15906772104828434,8.466865803399354,9.249634307790647,-0.3029289101171457,11,17.36838024346747,4.0140087718681885,33.85271922956194,0.027561895413956167,0.04728262675225038,0.9355246147358662,0.01062837747038744,0.021051728943974234,0.01256904271472884,0.03331978836660748
S6,stress,2500.695714285714,83.26653755693775,6.630864847470424,57.416668119914966,38.17670633305731,19.480519480519483,8.537216069786963,0.3083530349477944,8.015794078179201,9.14044066345034,-0.9466852918309746,8,16.915873735085334,4.255588825375609,33.939329916817805,0.10043368874418333,0.30565880151572206,0.9362398185377143,0.011980972661437656,0.023776957084488706,0.015218412360092918,0.03678583000286286
S6,stress,2530.695714285714,81.2136104865694,8.104487093001424,74.31397264722324,55.11483273715695,31.08108108108108,8.165701451062601,0.2572980389171333,7.754562778527995,8.7915130433136,-0.6632008925801973,9,12.340600575894694,3.9039223327465087,34.11936325945173,0.12481989793270672,0.4002748931162935,0.9371054475271261,0.012141945778376616,0.02312951311299249,0.014748972837454433,0.03357230404867764
S6,stress,2560.695714285714,78.13591988969102,7.915000627121144,76.44971136209044,58.373571077422895,36.486486486486484,7.961733626810155,0.19178240197840554,7.745285886532918,8.7915130433136,-0.3130597967817476,11,13.07630438730768,3.896765044169162,34.255392491658526,0.04671380182566847,0.09293775090340022,0.9376118914748762,0.011556397355426514,0.02299644147608363,0.012845992863721626,0.032875636896195715
S6,stress,2590.695714285714,77.06053028492266,7.8351331961981145,77.47043392518312,58.707540763225246,34.24657534246575,7.923788541977836,0.09113646039090466,7.745285886532918,8.176736400864767,0.13622483637697497,10,14.565049217061917,3.6986820016093973,34.24437934076219,0.05461502073298823,-0.1600313055132863,0.9384417555050337,0.011860349515765355,0.026594334960126836,0.012906716037208677,0.03638539943269288
S6,stress,2620.695714285714,76.44238431362344,8.17829979560339,81.76967411231603,63.34477942790816,35.2112676056338,8.020523555970739,0.10261757118613812,7.849116635525664,8.27424509093624,0.2108875238398915,7,12.5,3.519029289855175,34.17477952212379,0.041400525349875844,-0.10756614145155453,0.9396179805899871,0.01055805872855123,0.021075097615683696,0.011086163269292548,0.027476964885732806
S6,stress,2650.695714285714,77.24431389961279,7.676010965322169,74.80298407722171,47.475550260306306,23.28767123287671,8.25237910988303,0.21136090348854847,7.945121739225674,8.747266165173773,0.6508138479418072,7,13.832239758822489,3.6307253728489086,34.1023121287028,0.05603147638215925,-0.166441950080014,0.9398812462832233,0.008329721668125829,0.016737857761807064,0.007550754473671528,0.022656158694480146
S6,stress,2680.695714285714,78.14043037747369,6.447888231140563,62.484016272631536,40.4854891279823,25.333333333333336,8.62150298410236,0.25393818229142784,8.186760052556549,9.251633175776544,0.6458313324094055,9,15.0231124807396,3.6482772786887527,34.01215678333101,0.058602460685703225,-0.18394167704368364,0.9396118695111252,0.009501454306301936,0.016518942105636186,0.012873162311352632,0.022557549393236
S6,stress,2710.695714285714,75.89588575866959,6.876360599432482,70.19675878066349,46.884750318899286,29.72972972972973,8.80153842573735,0.14483694867261976,8.573185173557782,9.251633175776544,-0.0840941727847321,6,14.406712578168287,3.196799120261789,33.93200420343308,0.0489520094726336,-0.1442317833517582,0.9399280420046742,0.00872438557707188,0.015758662400685124,0.012027015391236786,0.021470346819658953
S6,stress,2740.695714285714,75.09745014148444,6.733441795558816,69.69140286014313,36.22061714791678,12.5,8.96274307254575,0.2172880905690019,8.646126246055463,9.569434963123081,0.6706475219912075,1,16.86916357063962,2.4664266953337277,33.85352807762509,0.05632273930869155,-0.17228465782073205,0.9406745321821569,0.005749054819715761,0.008213697255289882,0.004805972143016661,0.01149662048989646
S6,stress,2770.695714285714,83.51393397644428,7.424923165110322,64.3009816085856,33.42385209072197,12.162162162162163,9.383887350931312,0.2861987570166223,8.960679049995935,10.042198961314169,0.9581135145227795,3,17.352234874893487,2.8649496501951552,33.77283332461403,0.05131908788517864,-0.14194839976975318,0.9405818473218047,0.008199436013772422,0.010420833436099192,0.00750168241462525,0.01443948190694804
S6,stress,2800.695714285714,82.85493538319139,7.83000167622511,69.10793543156461,42.702591517812515,21.91780821917808,9.792057123401404,0.2297624258008081,9.454474599301218,10.2828698872346,0.7236133986439398,3,14.31117634724261,3.3209808580437103,33.71316572861444,0.034969668354242006,-0.07979876428575267,0.9402918453768334,0.008686456332551497,0.011734017722976225,0.00814825728806226,0.016269215255416872
S6,stress,2830.695714285714,76.43673128868862,6.672796220100259,68.53556204851698,55.28145903630411,33.78378378378378,10.228879863152155,0.3199230629795506,9.789191317545626,11.000533537723891,1.0353932176190879,7,12.382407332958106,3.5864222635182266,33.685239502679735,0.027713148754901124,-0.04023295354561289,0.9396321011951883,0.007252992650130859,0.016541044387292824,0.007429899571833718,0.023107030258006984
S6,stress,2860.695714285714,79.1300312756342,6.6959362611951345,63.10443150206406,50.742341069650955,36.84210526315789,10.581705634419247,0.1752396438114703,10.252562739538867,11.085635191314584,0.36703734547323047,10,13.882767739092113,3.6378408681650747,33.6804698391869,0.02312538019966679,0.0053770871466844415,0.9393806381373768,0.007600839084087094,0.017561432325002724,0.010776947190314499,0.024142552110586742
S6,stress,2890.695714285714,80.6727803810425,6.592429981987339,59.038403830781114,44.75411045848642,32.05128205128205,10.605899707528964,0.14631429057684986,10.257503287989755,11.085635191314584,-0.14213869295607798,8,13.609511702684514,3.264593766653682,33.665689997355145,0.032003443333958596,-0.06031485859603291,0.9393072437385007,0.0075631070029677176,0.012388722993359195,0.01631110760096572,0.016526567976886106
S6,stress,2920.695714285714,81.72940651807114,7.813188082960554,69.68980814279067,45.326306901525086,28.205128205128204,10.41869939991744,0.18240909976026584,10.116759162470192,10.897127601547126,-0.40732922236376196,9,13.675299303711869,3.288829781927399,33.65161634100051,0.03134291417047437,0.005236195705749927,0.9390918954368478,0.007439391785982949,0.014075264716969892,0.013243836030858453,0.019107989423122966
S6,stress,2950.695714285714,83.03081006264705,7.531820371257264,66.27252364835812,46.62451423451751,23.684210526315788,10.204805974939715,0.13134380518479236,10.041547728234669,10.59411858378965,-0.23450353621618636,7,13.990672884743503,3.6419073092032614,33.65448629833403,0.03908242179293467,-0.010505704819428106,0.9391160885119608,0.008748052613189653,0.019944983133814237,0.01254728043039647,0.026892108291388866
S6,stress,2980.695714285714,79.0960334447858,7.616619845715521,73.32425884087,49.04270664257767,27.77777777777778,10.249038502447348,0.1536275012929831,10.041547728234669,10.52736139525112,0.48703032121970136,3,14.305583151202066,3.827637777105659,33.632714533487956,0.04634021750172795,-0.07847187045775648,0.9397353376270308,0.00851116501027104,0.019748455906143412,0.013907705560563092,0.026641202028022455
S6,stress,3010.695714285714,75.47162894734186,6.789617110721102,70.91533356750475,58.45951136020516,40.298507462686565,10.488108741428913,0.13185030257175473,10.266341777977795,10.69714556479623,0.4302448222376182,3,14.34237831306312,3.6244247320263403,33.60857674153646,0.029794913207497217,0.007666539489394335,0.940475449487961,0.007235086503085468,0.016493923434023797,0.011146830036387114,0.021740261098147615
S6,amusement,5550.6957142857145,62.45139588764318,3.5029577675778922,51.41298033870071,33.32456024900364,10.526315789473683,8.688002681507024,0.08109067971680253,8.55746268422038,8.840377742254319,-0.24474170153850797,1,16.30350395942239,1.999160612844356,34.18978713407971,0.04000343517198086,0.10222534289393606,0.9467434731890282,0.006972803912713384,0.011142062521963305,0.0068322922094336625,0.015699251514407934
S6,amusement,5580.6957142857145,63.30648202158228,4.204349439085826,60.638117488235125,34.39651185326916,18.64406779661017,8.57835219607097,0.05090534446272924,8.48530129582243,8.687709635375231,-0.16128658370805185,1,18.004387623874724,2.311111041329168,34.22025252278646,0.03395576987498619,0.03442119089894165,0.9463401864143386,0.007330006445168703,0.023790039690958376,0.011861570611645108,0.031389168149596185
S6,amusement,5610.6957142857145,68.91195485496782,5.512664787040531,65.90001274849959,37.92467227086077,18.181818181818183,8.484023249042025,0.061872227051184135,8.379806503018756,8.58081657456176,-0.20243938488298632,1,17.973568281938324,2.7537957566123947,34.26173137701125,0.05275694528718231,0.11493659740157955,0.9461778452495115,0.00840761596353584,0.023349006213074563,0.013865464556397467,0.03091951598932671
S6,amusement,5640.6957142857145,68.25812094674174,5.6129529402754486,69.50107865734061,40.71903215289075,16.666666666666664,8.411987865754593,0.03079584800052878,8.363469488283828,8.491506390902154,-0.07877938206937452,1,21.505376344086024,2.4326309829582535,34.28024621073405,0.035688336957111044,-0.07903853626132397,0.9468115847319627,0.01004157587902446,0.01304348583286421,0.011828150992657917,0.01786324372903642
S6,amusement,5670.6957142857145,68.31061393931833,5.464350841516184,67.93457432057241,40.13370510822899,21.875,8.382277217920699,0.026640872824678617,8.328038349391994,8.433039172327861,-0.025462485585757137,2,20.621220734921703,2.42468944382508,34.25846925571987,0.0263720728497062,-0.010059300025999484,0.9460894959925641,0.02088940523494094,0.024688762171979777,0.01654348288613605,0.0344655070914073
S6,amusement,5700.6957142857145,67.70435534722876,5.876435056818601,75.74473136502598,50.79669775441591,23.809523809523807,8.347585804315969,0.03272352040579113,8.297627183211466,8.432052060639121,-0.0662882451746849,1,19.843342036553526,2.2717112045459933,34.255535070510135,0.026173987584896603,-0.002463796625954003,0.9461528481570678,0.019587600180990525,0.024128193585419858,0.014480766033595152,0.03326365005717436
S6,amusement,5730.6957142857145,65.76938001908732,5.171516262865031,70.47304163591275,51.50441623278921,23.809523809523807,8.30609102266038,0.025340104732271183,8.262772021403915,8.36924113206532,-0.08232498793192332,0,19.60936892070656,2.138048534452583,34.249330182030086,0.02660135981143351,-0.02344409088764447,0.9470721869374926,0.005773457094214994,0.008851734064778264,0.006819800381747672,0.011168184769380703
S6,amusement,5760.6957142857145,66.37015289765125,5.139082585570087,68.4537098870106,36.96816749804169,17.1875,8.281654198270266,0.014555701524823004,8.256918582630172,8.316329687763584,-0.03112459243945887,0,20.84988085782367,2.1445319729025187,34.23192123340425,0.02905899704943482,-0.04419054130584498,0.9472937729881974,0.0057331147632557426,0.011023413077183717,0.008347756236469661,0.014134672214957332
S6,amusement,5790.6957142857145,66.46556745297649,5.324150388334914,69.19894611350249,51.81741640469104,20.3125,8.255837416872994,0.0243736767839966,8.205456326898465,8.305880276627422,-0.07621544709666447,0,22.763640117689565,2.235699464270233,34.20915273248582,0.029119081052940397,-0.04185519528040584,0.9477812133217769,0.00626334868585842,0.011788731237770115,0.009821908753716139,0.015189755435337007
S6,amusement,5820.6957142857145,64.901147339198,4.199636741884742,57.46406679884079,49.322933919238636,17.741935483870968,8.224560803514526,0.015151545607783593,8.197146102277516,8.265248370018583,-0.037810520904737875,0,21.08063342284237,2.0435369558565544,34.1955325411842,0.025548878955303413,-0.00831119068211012,0.9488648210831939,0.005278113943886297,0.008001147888694864,0.006582890924808156,0.009793373431763277
S6,amusement,5850.6957142857145,64.07379454958966,4.303960471126587,59.66462507194074,34.54575468773938,13.114754098360656,8.213274334882401,0.013231478607438634,8.180249963550272,8.247053225190129,0.009703069022393382,0,19.83988861816916,2.718866663602123,34.184473167056126,0.027157657711103397,-0.03546036243525168,0.9511553968354185,0.009127784458116659,0.012480699779670264,0.05826178169496537,0.01210820160374721
S7,baseline,100.63142857142857,75.68252833385252,8.815554934186974,95.0019061395515,88.11518435709996,48.275862068965516,12.930110629360327,0.09171175327102693,12.731714048596888,13.067339279265083,-0.2538093134924926,1,13.446951039306475,2.9229854636508428,34.245055143810454,0.04075385554863719,0.10820355691233143,0.920543014964591,0.012716472450268324,0.013086458718590089,0.029701993330323816,0.03432142677429509
S7,baseline,130.63142857142856,73.5324655784602,7.675920300492366,86.24929261269611,73.81907824332791,42.3728813559322,12.721550498910839,0.15299531701813648,12.462897690760464,12.998607223477714,-0.5270636341843117,0,14.567797240046579,2.772184743523442,34.293837749662856,0.03590849699995896,0.08170401388353477,0.9208824564895358,0.010939291661531073,0.011151736067402392,0.023996140173803127,0.028259095957550957
S7,baseline,160.63142857142856,73.66717205683915,6.150925351039791,69.6083926453397,52.76507994369558,30.88235294117647,12.474945538854142,0.12587737624241882,12.268470263257054,12.732744218634434,-0.4332134389658224,0,15.550618851158363,2.4630853094267784,34.31789230128697,0.02688358872991523,0.018198534359780274,0.9214389267475297,0.009054303425167734,0.009426912582588985,0.014386946194836242,0.025671086123426258
S7,baseline,190.63142857142856,76.49155011165709,5.846237423408608,61.775247989565656,39.09217003411846,23.943661971830984,12.277374170655406,0.0987524774483064,12.121009548382593,12.463244787178366,-0.34029682121718613,0,15.6266609971298,2.1917151724584105,34.335611965361096,0.03219184151640633,0.05979607042359575,0.9209042986295456,0.004659405421598546,0.004849644720645628,0.008121157228846562,0.021918944262198113
S7,baseline,220.63142857142856,75.20424366931255,6.611663380272365,72.14095538991995,41.0819468641506,25.352112676056336,12.13481085073762,0.0688818653754135,12.007798656620508,12.268709701194895,-0.23568654753810006,0,15.29126213592233,2.027229466299315,34.371633458455406,0.03783739311504953,0.09093504252968176,0.9202164084383626,0.004418826493079826,0.004868083555036923,0.008168426269389158,0.028446684667333716
S7,baseline,250.63142857142856,72.91116109097985,6.604191133203985,75.43868562683824,46.985349304008444,27.941176470588236,12.013656744380516,0.07632611245267269,11.88854510853092,12.152041487040872,-0.2632964795755985,0,15.506928889654663,2.152112606261221,34.39689869689941,0.029189708681905374,0.021373316767325883,0.9201384344137976,0.004272406555194408,0.004875954290516109,0.009075495577346986,0.031151410720214198
S7,baseline,280.63142857142856,72.1350602361295,6.604926005134211,76.54298947531103,46.057844627813765,27.536231884057973,11.89362857095806,0.06410749047674703,11.777789497364333,12.008241300048121,-0.22093455806235643,0,16.69006808488092,2.0583719870744046,34.409546581449966,0.029364193274452215,0.03313185718330141,0.9199471812688083,0.004234981180558919,0.0048530720672040565,0.014973933369738032,0.03143703807544282
S7,baseline,310.63142857142856,74.77425092363072,7.520035180433515,82.30088337055194,42.487747064588255,23.88059701492537,11.773750366587736,0.07372701203381903,11.656827037236493,11.892549967832908,-0.2533846643721848,0,17.442313182962597,1.856847432392171,34.42076305425735,0.02820612416184289,0.016410734382714894,0.9188338296621812,0.008084616785356899,0.009154466384300163,0.02347318543984851,0.03288205335138938
S7,baseline,340.63142857142856,73.50735897358679,8.152429673031921,90.07326549010143,48.10473920588213,29.230769230769234,11.676769144655845,0.04086952964971711,11.610818134853586,11.781457071211342,-0.1343617816626606,0,17.37184010121408,2.003152537927116,34.438096438453314,0.03286341890232387,0.06293634928512452,0.9186181513893079,0.008408502724941007,0.009196875333550226,0.016213781349235346,0.028685816742983768
S7,baseline,370.63142857142856,72.15511159868203,5.7607295455607685,67.28208380021974,36.376063322538236,17.391304347826086,11.624763076661036,0.025496819443938893,11.579540292465149,11.672986028145688,-0.07882360255860524,0,18.01710868303515,1.961826238929142,34.457110384259906,0.029208427646458465,0.02350131457518479,0.9200146896213482,0.008177392574804893,0.008883966217126898,0.01871963101950401,0.029878294495080292
S7,baseline,400.63142857142856,73.67762047185771,5.579097406843804,63.12404818986958,41.41625432664064,12.121212121212121,11.57920287797712,0.03499703024843918,11.508548652453497,11.630506940429623,-0.10420038065085141,0,18.014636892475135,1.7705065232130823,34.46204257565453,0.030277321009360557,-0.008705352289104995,0.9211161331451452,0.009626733148472793,0.009790145887664121,0.02023865699926118,0.021121074437860134
S7,baseline,430.63142857142856,68.70148533285557,5.7408997213160555,70.8253111138782,54.125704029921806,27.27272727272727,11.520854282232495,0.0424356275052672,11.457186163322842,11.605436248700766,-0.14052757911795474,0,15.87461573350804,1.7614748191826537,34.44634200904483,0.034714580254439215,-0.06871359874640597,0.921551345651277,0.0070818155258262384,0.007424067098769233,0.015295375127375183,0.018320634069592306
S7,baseline,460.63142857142856,71.27662452076981,6.744498466549595,79.27899312927336,49.56897046674716,29.411764705882355,11.464638074923018,0.02843078812428395,11.40415880653524,11.517394501163922,-0.0959259947340005,0,17.66747292039121,2.0503707288587787,34.439467572166805,0.03248524289571015,0.04289674599035703,0.9221841330215177,0.009700133205525973,0.010011087923745991,0.01854550042293929,0.026248353753294602
S7,baseline,490.63142857142856,73.0785277559659,6.7592832254679225,77.45123288588437,57.62108558829117,30.357142857142854,11.407915881776116,0.041783191448631726,11.326744941050443,11.481017844089314,-0.1409722127431271,0,18.408229561451,1.9892548013980564,34.47497941298712,0.04002084213822497,0.09445050310816626,0.9218504139331931,0.011356805910884398,0.01168561121311873,0.021038313835030263,0.028712127195991838
S7,baseline,520.6314285714286,65.23765709323894,5.697235712282888,78.4450684670699,64.94664150585926,29.508196721311474,11.353408290168522,0.0290934795888896,11.317548386402985,11.411729853604443,-0.0888129277784477,0,16.59054437723738,1.9380211745559803,34.49789899771554,0.027433359586316205,-0.0047450432278590545,0.9220513533683805,0.008359868802871616,0.008797146188904146,0.01836368863792902,0.022347137312617935
S7,baseline,550.6314285714286,66.74972532106506,4.22029695477873,55.3112810578447,40.31820060274286,16.923076923076923,11.327895919578896,0.011493028410894444,11.303444081469042,11.356789585350468,-0.021958660900525936,0,16.74515960230246,1.8414711810434623,34.50496983482724,0.029532870570609476,0.03968426435096859,0.9229124099411028,0.005968069249469932,0.006218787940932106,0.012655592054210322,0.017502023656617325
S7,baseline,580.6314285714286,70.867851896143,7.217174797593218,82.16426852207162,45.152008843612684,22.807017543859647,11.31485283381409,0.014920100480032816,11.276051938045374,11.348402770683016,-0.02882108776153287,0,17.588860388420667,1.6819542226856188,34.51098699079241,0.0291805941805826,-0.007696277862066795,0.9226232591397499,0.01344764112694196,0.014029966623346145,0.025502134881060727,0.03058938159593174
S7,baseline,610.6314285714286,66.81769389549424,8.069080678777508,101.69584575030201,63.97184504751692,35.294117647058826,11.292121308097634,0.020382963061319877,11.24725912451756,11.344795303388366,-0.059130115914890494,0,17.10794297352342,2.2086407445798963,34.50393743169875,0.02919875558400965,-0.019846881028730928,0.9214534027742839,0.017360197331187096,0.01814382081303354,0.031163722437270985,0.041456755852869925
S7,baseline,640.6314285714286,64.03860133885159,5.3683418997993595,76.17671428460862,59.8577422624322,33.87096774193548,11.259402547586264,0.022618171016297803,11.209942182786593,11.308565051969573,-0.07235288594359225,0,16.425926891588883,2.5531203754522473,34.4917166028704,0.03192606888978917,-0.015515152888806075,0.920022759287168,0.012523811222840242,0.013181891198150298,0.028600381272804315,0.03440311102309518
S7,baseline,670.6314285714286,72.48552871262001,8.3890599775603,95.15301197472375,50.168006591854095,29.230769230769234,11.221279230793625,0.023498603934424468,11.181719746371346,11.269213390574386,-0.06950367690580544,0,16.46112040133779,2.5056178998370062,34.47211301167806,0.032072629413918516,-0.02225216867417648,0.9203553076499699,0.01104091408564181,0.011513763159336153,0.024465081751992124,0.030859951264038357
S7,baseline,700.6314285714286,75.01855570887882,6.725701515005689,71.67420382707266,49.74317225620282,28.35820895522388,11.206154030357599,0.012065631228309793,11.181719746371346,11.229564126127773,0.006972677687006233,0,16.4600989565473,2.3561001544231313,34.48153633553641,0.03582925916536548,0.06940633729176877,0.9219179131848743,0.010601172636061827,0.010585281905450874,0.019623501035011603,0.02218054418044036
S7,baseline,730.6314285714286,71.88313103267016,5.830542423881013,69.62972470157995,54.05681978249283,28.78787878787879,11.190172082659686,0.024732822691540472,11.143166900469806,11.229096886066602,-0.07253007368771502,0,14.990439770554492,2.130370513253731,34.51611642746698,0.03299713215561105,0.05531306840137676,0.9225210166875738,0.005259992197689373,0.005949607229101632,0.010248886681331882,0.022015339652300944
S7,baseline,760.6314285714286,72.35707725319145,5.617691436570031,65.48907256971935,46.45101498356,25.71428571428571,11.176349130261313,0.014360458194948836,11.143166900469806,11.2159457448771,0.020077504396225125,0,15.012638190313275,1.8811738319159756,34.5335935807001,0.028099999189280817,0.012003107396879036,0.9224525532475898,0.004907941008166465,0.005477908285542617,0.009390209451997256,0.020842598779703937
S7,baseline,790.6314285714286,73.91807568112547,6.59933805661968,73.80120415397347,43.45333611847395,28.57142857142857,11.201849515803518,0.025005976379146647,11.162442852424165,11.257711172105264,0.04645222213656217,1,15.391864300298414,2.2881890432322747,34.52880849129813,0.02998970647778054,-0.029957077557387173,0.9215705962839618,0.0063898714392762864,0.00712076880807512,0.024887373478362635,0.026344018155833752
S7,baseline,820.6314285714286,67.74505354200146,7.4369551693357705,92.91913376426372,50.005188246905334,27.11864406779661,11.215109700899037,0.019510534120675733,11.172873593768632,11.257711172105264,-0.033684311747189444,1,15.620434078049039,2.313556771424134,34.56025856090727,0.05537948707737119,0.14038980825758718,0.920127115261642,0.005872936476994702,0.009017717521567088,0.02497880033866221,0.05651739374588883
S7,baseline,850.6314285714286,68.96797293067073,7.060269058377829,86.50652719312924,44.42940178016323,20.0,11.187708177630547,0.027232580215141623,11.126248708494819,11.237184357036718,-0.08700684185296563,0,16.69493322026712,2.110090698272011,34.60750645083473,0.04076870282487846,0.040255987270900184,0.9200252048304596,0.0060126003965625535,0.008234360691104446,0.018655995398935,0.049693485979343
S7,baseline,880.6314285714286,70.93364968652037,5.969491591693896,71.34490727038201,44.26166447756745,23.18840579710145,11.17093202012853,0.014190880976268506,11.126248708494819,11.198536444008342,0.01236792781672147,0,17.052807876773162,2.0110398627644637,34.60203945414225,0.03313217964356285,-0.05302728601156285,0.9205237365427776,0.00618047600110515,0.00713754444559878,0.01683974128340384,0.027760805151601356
S7,baseline,910.6314285714286,70.62430727229395,6.072628276963497,72.09646039109114,41.730643161008814,25.0,11.172288664511834,0.012387215100119333,11.142728448721984,11.198536444008342,-0.015859786801865398,0,17.26263871763255,1.712597357457092,34.58394276282901,0.031157191247184163,-0.027529790500208488,0.9210234209244882,0.007547676223031954,0.007766249934669935,0.01605831094189639,0.021103167806475687
S7,baseline,940.6314285714286,70.98783229414971,6.857233968025498,80.40239338310568,56.295333206370906,34.375,11.16441503805635,0.012623283505512183,11.141074124634988,11.193334990257,-0.016941788443604996,0,17.72385599367005,1.8664183494930355,34.568478134881886,0.03322794386886581,-0.04681842342008247,0.922408285915173,0.00844763724822765,0.009517665332616403,0.01740609380909946,0.031786411863108856
S7,baseline,970.6314285714286,67.9704077473119,5.898269272215144,75.60934109577664,57.691807661069305,33.33333333333333,11.17505132645774,0.01768995791113329,11.141074124634988,11.207955911343689,0.04684134573533229,0,16.975698479260345,1.9818624819383575,34.518271762666245,0.04955536357378969,-0.12589527560797384,0.9226834732064721,0.006100094700563337,0.006723357036310864,0.012803061941198438,0.021233566618963143
S7,baseline,1000.6314285714286,72.6320333225012,6.879773552251709,78.03489065807005,40.71737167072746,20.8955223880597,11.17757759078232,0.019390777709571195,11.126507799651641,11.207955911343689,-0.04411655129879948,0,16.32378089858527,2.056017698112285,34.48498456246512,0.03260854970608452,0.02669950482266287,0.9221715146456801,0.0054687827384091985,0.006095233351015163,0.017612119020251553,0.02301782846431694
S7,baseline,1030.6314285714286,75.97747601120247,6.333356600460032,68.16050610020979,47.43228682548737,25.396825396825395,11.153082684831357,0.02235291041952941,11.115342020165794,11.197134995681617,-0.03980695054601944,0,16.376397192617624,2.1192272251821778,34.51355026099795,0.03789272660635212,0.08347375405411896,0.9218997154947066,0.005388684564440658,0.00581279318100218,0.017508978491935487,0.021911890753062834
S7,baseline,1060.6314285714286,77.84938379285809,4.7292767200313675,48.907829239218884,36.54596661611488,11.940298507462686,11.165065893977278,0.028280320162653524,11.115342020165794,11.20576743670998,0.08661033559494892,0,16.196621847443247,2.074802731450684,34.541198333013625,0.02780427413533995,0.018189001272715246,0.9215111195670993,0.004813286167203382,0.004953399788927628,0.011328015930464983,0.018616098044877575
S7,baseline,1090.6314285714286,79.43096363050662,4.268058025858678,41.93251480757327,22.4343780954189,0.0,11.185914038394458,0.009842536773109081,11.161016549347272,11.20576743670998,-0.012640939805726907,0,16.431496309433765,2.053109373223983,34.540167557489305,0.03163273131915212,-0.03544807599551134,0.9211380047203702,0.009999724979818887,0.010285788854156683,0.01497420297913267,0.028629401153430947
S7,baseline,1120.6314285714286,71.92958779763659,8.78529625032892,103.20414661983445,40.679950359543824,20.8955223880597,11.200266974318195,0.021285503480194985,11.165588156871976,11.242926306426323,0.051664078982000136,0,16.314058575238885,2.163761561945396,34.54098796880813,0.035926295695785364,0.024064680605753595,0.9205045601022906,0.009928856919733171,0.010072579341059554,0.01916804627104549,0.03257556059733648
S7,baseline,1150.6314285714286,66.9314522825538,4.51220712755837,59.7578907730341,48.75820584642792,35.38461538461539,11.204219728221588,0.01754339473651905,11.171046754900331,11.242926306426323,-0.048218266012853214,1,16.04496957459001,2.0199388030454206,34.577899657476515,0.043872840679355915,0.11258017275343128,0.9191577715614146,0.004325591337138635,0.004275498565722592,0.019416755131501942,0.02799763935989287
S7,baseline,1180.6314285714286,70.66781191155243,6.767688585324631,78.15204161786376,47.31669580313956,26.153846153846157,11.187508334950314,0.00945632280013976,11.165563091038669,11.20429901086357,-0.00910434363439467,0,17.53195930080877,1.7624677030448304,34.593505651564826,0.03480325533355873,-0.05392522217167593,0.9200729332904578,0.010029507654426423,0.010217159504021045,0.025893111685135552,0.034986456758617314
S7,baseline,1210.6314285714286,66.10619532761437,6.84216196889081,90.64082245314785,55.42934724893618,35.714285714285715,11.189788833080515,0.009972121092970581,11.165563091038669,11.212243398091505,0.01848661234542834,0,17.326732673267326,1.8448687504099275,34.592576811290925,0.03526399789204954,0.03416121578951976,0.9220840450860097,0.009869520110547347,0.010114883525248662,0.02203791227124855,0.026559587115522965
S7,amusement,1550.63,58.45689296324643,3.981180214597473,68.2110610872159,65.32976149159865,45.45454545454545,11.825762223965764,0.035572409092977986,11.774097437460606,11.894155569091836,-0.10978149591101857,0,17.76599644680071,2.1377504963879796,34.429718198503764,0.030614543721268758,-0.044795636342682146,0.928556654056059,0.0055789468886075924,0.007207170884460246,0.005250162450334607,0.016560587306763973
S7,amusement,1580.63,59.094436969307026,4.803142186454073,80.50269664152091,77.9757101299013,46.42857142857143,11.875703749164684,0.08555831958445191,11.774097437460606,12.063228903200587,0.2660738241753264,2,14.818174945187872,2.3750248628125217,34.43177974664597,0.032513502880790426,0.04021937050885913,0.9285082786214763,0.006759488573295324,0.007899717141135484,0.005632862382624816,0.017554302809419293
S7,amusement,1610.63,60.91650065820857,4.257870886453536,67.97050065081622,70.80681776620717,50.877192982456144,11.971205624316417,0.03406367491083024,11.86120098657485,12.063228903200587,0.07098201339591433,2,18.93218471401382,2.5956529572846856,34.45362560235886,0.03150588706160622,0.03917572591849369,0.9283506020665389,0.0062478407222218806,0.007468542884808275,0.005923679338226095,0.016467149895527704
S7,amusement,1640.63,59.34266870748897,3.17154233500839,52.340712830570254,52.62089042917856,47.368421052631575,11.958543417030999,0.034524957448144815,11.879024818204988,12.010099150386216,-0.10927076618814956,0,20.178011530292306,2.2431460288719713,34.45574396623884,0.02888817438389551,-0.03566978420730296,0.9279884843644918,0.004740326600839256,0.006027549510671055,0.003700571490612602,0.01404671424265534
S7,amusement,1670.63,58.54351319333683,2.940451578402372,49.86262234209598,66.58541740321728,36.36363636363637,11.894207644106913,0.042140161938264704,11.820286351923535,11.984475220923683,-0.14386506307272667,0,20.20457767875228,2.011523133632331,34.44180376543318,0.028013885217234014,-0.020723910642209527,0.9277453888294038,0.004935806543821899,0.005903878208247089,0.0037179468259836653,0.01343218239159829
S7,amusement,1700.63,59.42176699887039,3.5828494519617755,59.26845067239573,73.89608107182447,40.0,11.825615424255774,0.03869232207552701,11.7417824232028,11.88664465998506,-0.1320003960872225,0,18.773170667578157,2.0833120408763652,34.43215327308292,0.02774827877957843,-0.012949538500001348,0.9276271857593721,0.005060398348723351,0.005813670808664531,0.0045504182061650465,0.01329488533111938
S7,amusement,1730.63,57.856438709299724,4.215896339634215,73.79253967162089,72.70893288505064,50.0,11.759043667364937,0.03948998815962839,11.693204710527839,11.829233505969754,-0.13288257055841193,0,17.86295063921343,1.9099950396572607,34.426527420770554,0.02759195506927253,-0.007860578712518485,0.9272549543743406,0.005005290347441771,0.005582046731336394,0.004655965145454831,0.012843327446610755
S7,amusement,1760.63,58.11202094052737,4.827006077991465,83.10217096713076,82.7361409342833,58.18181818181818,11.690943404718656,0.03973332159757096,11.619269439296074,11.750867910823597,-0.1337857999089746,0,18.520920339290807,2.027715038608051,34.42470765322731,0.027395790567164513,-0.005081328437940953,0.9267331200450034,0.005042024753553754,0.006079851409051691,0.004942213747803392,0.014187937474709077
S7,amusement,1790.63,59.71187047891952,4.307479454190471,72.70242609712427,67.71920125161127,48.275862068965516,11.634200105341826,0.029172052653170015,11.586217700149286,11.701037242388663,-0.09526608718275459,0,18.08877178759627,2.2736161208888244,34.43022511364165,0.028122013417611884,0.01973624709318653,0.9264857788197626,0.004691035518209745,0.0059084728964370874,0.005644241643260389,0.01406673283416669
S7,amusement,1820.63,58.06878971370754,4.547196493648328,81.5995747714031,79.49376003795628,41.81818181818181,11.595002517837388,0.021602153562163627,11.54439528425967,11.639134242200885,-0.06932581309097444,0,18.073204070267806,2.643550740840771,34.444481014433364,0.02887418676169804,0.030016810542285936,0.9273714673485917,0.004902512704223384,0.009401934357877293,0.005398485762448861,0.023719873108441092
S7,amusement,1850.63,55.830583388808556,3.6399955474083567,66.60917568121103,74.63116856082796,37.735849056603776,11.558764077155104,0.023477222925917685,11.520257531917482,11.609182037087509,-0.0741798755939429,0,19.373686638306594,2.4392790510760145,34.43453684561593,0.03352463837210397,-0.06361821613313294,0.927931260418099,0.0053776733288451554,0.008070641935196902,0.005636136910590371,0.01985717875955131
S7,stress,3096.6314285714284,96.5901369670576,10.783114474444517,69.86436343399258,50.36017880953981,34.24657534246575,15.59966078431977,0.15376675886232627,15.22515319973612,15.935819762017912,0.4879511927670097,8,17.59116253501217,5.3685196668976785,34.75064733523414,0.03188674604505798,0.020392628886404793,0.9210019413115451,0.024469920578152043,0.025226392689446837,0.020049458002836664,0.05515199289859604
S7,stress,3126.6314285714284,87.44508022439464,7.570556922957758,61.263440237476445,62.693876964848435,39.705882352941174,15.875195411398844,0.19382290808032643,15.533882659054246,16.292248280494515,0.6359202672002688,10,21.151231303822325,4.11191481999431,34.76002920604888,0.03187436611020543,0.019444533340345443,0.9225629586493732,0.022833281546237896,0.023689506830979538,0.021312317273632364,0.04575982150813405
S7,stress,3156.6314285714284,88.37175542879196,7.933676224452311,63.58639927474685,78.8390443702368,50.943396226415096,16.22367601411357,0.20398411320035367,15.870089565797338,16.61959774353318,0.6427179041599679,11,16.06077601590782,4.740506442162628,34.78604876926967,0.04467466923302974,0.09886746685724711,0.9235375026404345,0.024142429789705818,0.024929880583065583,0.021709017309358928,0.045347583231351456
S7,stress,3186.6314285714284,85.89495861432547,8.850330506153782,73.2041649992856,80.99070924763194,45.76271186440678,16.521658010771525,0.15715540344833337,16.14006531003521,16.929485349792678,0.42477390974858414,11,16.65262427516479,5.398341180014492,34.82732633826846,0.050169122791429446,0.11270244282967995,0.9230194177288483,0.020680503926211888,0.021870022040848428,0.021186112713871882,0.04580142158496437
S7,stress,3216.6314285714284,82.75241135854272,8.32824029111528,75.43233834344355,75.69313409715936,43.07692307692308,16.691175060077672,0.09476446876263285,16.53466932660021,16.929485349792678,0.1900439970568507,11,16.39207158986368,5.25411277411862,34.89470767429897,0.06392056082490909,0.1713814579377975,0.923457633793626,0.0229428456576955,0.024420378103811848,0.02202865596985797,0.04864135404484881
S7,stress,3246.6314285714284,79.9853785113842,9.312951042947878,90.03068260056574,94.27544151242415,55.932203389830505,16.82904959535493,0.12537553654109132,16.58827922883773,17.23645665223611,0.3486682894730077,10,18.83706205149852,4.587694701062277,34.9260453491211,0.03836600972173779,-0.05949649127990922,0.923774777538489,0.027227768941039465,0.028322969874124745,0.022716663091025324,0.05470261760758548
S7,stress,3276.6314285714284,81.49351661978898,9.161916602311887,86.50776710139094,80.90369684547986,43.75,17.13085137438335,0.23957592370137384,16.693220827893064,17.635224226903716,0.7552486598659205,10,18.91702532279051,5.084169654800767,34.90850571042015,0.03513619909639573,-0.013960852344162106,0.9228272316359357,0.023282661305351025,0.023448174462905924,0.025584059785333388,0.05405636273741825
S7,stress,3306.6314285714284,79.58133873328012,9.140118086499484,89.44674931048647,83.38832005118498,44.44444444444444,17.512331992284633,0.19428618839842854,17.090120514757636,17.954835811678933,0.6032031553888912,10,17.471790338515937,5.222807605035252,34.93511730303083,0.046479517685369585,0.07969856312559331,0.9231317942658352,0.026414148152535386,0.0266328969302962,0.025586633740007563,0.04981059949034751
S7,stress,3336.6314285714284,70.76282426419732,7.0398418239839184,82.93133806625039,72.01066078531896,54.385964912280706,17.769034446871785,0.14986207383388805,17.507321888656843,18.39610276981634,0.3962340412476158,11,16.177905603204767,4.424505017129598,34.93565853881836,0.04701540997329503,-0.08899561081050486,0.9232536835838414,0.028515023108374695,0.029432428060756407,0.023781527760506085,0.05891906679527526
S7,stress,3366.6314285714284,67.01680001920542,6.197334042521909,79.92900474773577,81.95208548212062,39.285714285714285,17.974464971332594,0.169287536301604,17.64722230465937,18.39610276981634,0.4844845042408536,10,13.737461840383773,3.9654519301528386,34.87226813107445,0.052561340706397626,-0.1294693367252988,0.9230383621613828,0.01900775599736699,0.019978362122879772,0.018272150064350123,0.05318176085096396
S7,stress,3396.6314285714284,116.5147129436947,7.971481486084932,37.68946421850715,8.668913428106746,0.0,18.230717448377405,0.17469664968057672,17.916474046619502,18.624199447561875,0.5474126612316849,11,14.458186825346088,3.5858076648690553,34.85740127708798,0.04368072189254401,0.08260574406607524,0.9231885550676958,0.012622921109011594,0.01286090519881789,0.00843947524199416,0.04174555067955424
S7,stress,3426.6314285714284,114.42240529911412,6.926024886330484,32.605805746529995,12.709545135185571,0.9433962264150944,18.478661239454933,0.17298329619875938,18.160977199574354,18.862688185968647,0.5318734847943596,7,18.9792663476874,4.194870813192344,34.91200826081776,0.052162498806881126,0.13694502725588747,0.9229606791135261,0.018183438183051,0.018348352867952097,0.017837527796127715,0.05756120053444719
S7,stress,3456.6314285714284,108.48730038921349,6.2071970301018,32.679323921295506,19.708207170823133,5.376344086021505,18.767127675321017,0.22849810252272404,18.35353802076607,19.31017071132245,0.7584394111543856,7,17.67808066552774,3.6177987318769156,34.937262116931734,0.04498986770490133,0.0233649081925723,0.9221103117639154,0.01781575100896408,0.01774527108763327,0.017334568675675316,0.056877938020263974
S7,stress,3486.6314285714284,103.29435201233524,6.2404058076757245,38.0646456167703,39.74701338322538,18.571428571428573,19.072796153551653,0.16912887034087798,18.7555137008451,19.38059217161786,0.5187014451656585,10,18.526206538661132,2.9952991619147036,34.954712156749906,0.047394755975246214,0.09096526970394354,0.9213239943628483,0.014903198488454525,0.01476132725087326,0.008908232845181477,0.0481054995053173
S7,stress,3516.6314285714284,87.96227922694675,9.981602277857847,76.6717748869486,78.1663957384535,44.642857142857146,19.306408214628792,0.16647427672577608,19.005219591560234,19.79140032152367,0.42362085091112767,10,16.786570743405274,4.301627772395508,34.9574882565453,0.03986417401190586,-0.07379332353847183,0.9212758304964282,0.014598128673001427,0.014212842969368441,0.011289175243254951,0.04399725292416118
S7,stress,3546.6314285714284,89.57573429811653,8.350917340506825,63.5518334449423,50.359354395025406,28.35820895522388,19.539585559208692,0.19098406190284115,19.218922306666055,20.05815581743812,0.48209184248559805,10,17.558987222701262,3.976933457700155,34.96373863002232,0.043618345419354616,0.09159526000052047,0.9213396117061957,0.014290850051029121,0.01397907485789963,0.01664569063457565,0.04341714404319297
S7,stress,3576.6314285714284,93.74741828189497,7.547942792890165,53.87364456839385,51.8487955262224,30.37974683544304,19.71797541120906,0.12758518605372673,19.48960144473549,20.05815581743812,0.2640104598099251,12,16.180517336268576,3.762080727229402,34.998348615373885,0.035155954827654656,0.014067646763962636,0.9210180806050079,0.013162536515450985,0.013433131095101686,0.016404778518584684,0.03987740142299983
S7,stress,3606.6314285714284,92.65364889870999,7.849833998453849,57.53505712896981,56.59232731905593,34.78260869565217,19.842522691994656,0.11079508410688234,19.623123120615528,20.206467957732073,0.24828141446869714,12,15.126958400864396,4.837143653868515,34.98943197559175,0.037810831446434386,-0.058120805165768355,0.9215365255757301,0.012808035004254039,0.013834363499072175,0.013450964419219445,0.041978790186330835
S7,stress,3636.6314285714284,87.14751328333648,8.15402559311682,65.48006575044344,56.459060622729424,33.33333333333333,19.901879822109045,0.07747741568699495,19.772959790032438,20.206467957732073,-0.011244406535012484,12,16.415868673050618,3.899756246036088,34.990859562465126,0.04134541700015064,0.07163676271337073,0.922197661254051,0.011505415642687904,0.01166948936273685,0.013020069588577278,0.03319045690189533
S7,stress,3666.6314285714284,81.922261256678,7.539600427398521,68.45284727852525,73.04227590668195,38.23529411764706,19.992240809564112,0.1430152985396857,19.772959790032438,20.34738878793917,0.38809503536937406,12,16.6555134210722,2.1977945975148385,35.01648423185803,0.03941571694189063,0.059340857217763915,0.9220406495375432,0.010381568205825297,0.010268305970884673,0.010550549600955084,0.029040146172962876
S8,baseline,158.53142857142856,63.82683919240536,5.39583748931103,79.62426936369566,99.20851448102286,67.24137931034483,4.142705894941364,0.026478446077974744,4.0988175708451235,4.191504155797476,-0.09117062569771558,0,13.884297520661157,0.40199707237668797,34.390510026477635,0.06696389464427727,0.1917682343885944,0.9573341941754786,0.004620463018150103,0.01318847944303429,0.011643130077693211,0.01800901721761411
S8,baseline,188.53142857142856,65.58635265733571,3.607489633295355,50.75580210091145,69.47906490442656,55.55555555555556,4.094057442666261,0.029031326567007965,4.045126140951466,4.142702355544876,-0.10023285154017761,0,18.698441796516956,0.2050844567127259,34.42890502857026,0.036887871689789326,-0.019928004834978637,0.9580092556629423,0.0035296506332931866,0.007196877162826609,0.0038658041680175313,0.0085729039222927
S8,baseline,218.53142857142856,67.03584334203778,4.633339487451716,60.9668643322256,59.56567026218509,46.15384615384615,4.049680686415381,0.02241645839226783,4.014098358343384,4.098813560271609,-0.07517382916446953,0,15.316887650108104,0.5890562693905008,34.44682310413179,0.052335596048505156,0.1272108818165572,0.9584825840214468,0.005178428318970034,0.007652744684466658,0.0074744891177197905,0.008778506745118785
S8,baseline,248.53142857142856,66.12040957490917,5.725372503115825,77.49836993973504,62.40579635232089,43.75,4.017259046245882,0.01669998799205742,3.9891434281250087,4.046900240607487,-0.054660864695177565,0,11.361177234364856,1.1830066932746974,34.49218034290132,0.05041961150763321,0.0644660976324545,0.9590880032088039,0.005529505449912489,0.013139125193157231,0.008462683180146402,0.014711197864838146
S8,baseline,278.5314285714286,65.31190299845198,4.342181601380264,61.36402274645585,53.6959248785089,30.158730158730158,3.986438874587165,0.020525706135306018,3.949730295318168,4.035197685992367,-0.06946252144488867,0,12.345019238991018,1.064117738290333,34.5153560580299,0.04103547118876916,0.00876103375096105,0.9597022826847608,0.004043225275869254,0.011203182116871798,0.005624940182398195,0.01193667021255701
S8,baseline,308.5314285714286,68.1772103422309,3.345572451841795,43.60843153027346,38.07277476238903,21.21212121212121,3.955803758418638,0.01596360849669362,3.9307627254100956,3.9891333593614138,-0.05378936318066664,0,17.018747636285045,0.6095850777536512,34.53543966166178,0.04122680492181022,0.0672013424903259,0.9598702963671976,0.003748025943785023,0.008463067811099317,0.005273804375859242,0.008957171619463324
S8,baseline,338.5314285714286,69.53864473154024,2.75750258687331,34.63744855374593,37.46335401021633,25.37313432835821,3.9338426202190258,0.010609638094197451,3.9135181721116683,3.9552110118496477,-0.03547571778166215,0,17.880424660085676,0.6211562501403053,34.58096456618536,0.04954766327279383,0.11693145862391335,0.9601249984212195,0.0037640698111905944,0.00964752561571857,0.004796809525796572,0.010192955739839447
S8,baseline,368.5314285714286,69.06324438982108,2.6130318028080577,33.1196063103472,37.63613729300744,22.388059701492537,3.9161386831446263,0.01094731209244386,3.893043927920398,3.9336382238416356,-0.036474464651672804,0,18.218468525937077,0.4640538404571161,34.60749624851772,0.033650196548626346,-0.00854366469788124,0.9604546440807032,0.0036426409555519196,0.010987819918577061,0.003773702899713245,0.011181279770649756
S8,baseline,398.5314285714286,70.28874507473073,5.164217879912656,58.59014986878888,39.68513530259906,25.0,3.9026165350804636,0.007329596512578072,3.8894587119876545,3.920908150582987,-0.020004265027637063,0,17.0196671709531,1.0293008940322277,34.619635652087986,0.03838739834642428,0.05759708378665248,0.9600981559462486,0.0046058506504196494,0.014646702623703378,0.006668210938149924,0.0164784568721826
S8,baseline,428.5314285714286,70.75209747399849,5.384216255729337,61.491631281424304,40.271437961490705,23.52941176470588,3.892560873756797,0.007718839618178663,3.869098592257154,3.906526769460093,-0.02189445667634268,0,18.125910341479205,1.1841476265208035,34.60403938947405,0.048404511572589015,-0.08489429576254139,0.9591719353429421,0.006937275459196217,0.016503380480667705,0.013345313661152701,0.02072755460199212
S8,baseline,458.5314285714286,70.60296715353735,4.2528976974525,51.21301214057481,47.8753257819463,27.941176470588236,3.8786936786520076,0.009845705758743193,3.8623634284760913,3.8996831358965935,-0.030454098216847317,0,16.45682043780367,0.8507322731260162,34.598015183948334,0.05011244153318119,0.11906690719499557,0.9590017016554478,0.007548915796732064,0.011882326230162454,0.011328980045715309,0.015326321914890062
S8,baseline,488.5314285714286,71.46844871562111,5.614632255929417,63.31722276676878,51.39158121391138,34.84848484848485,3.871717342525342,0.0037588945823796736,3.8623634284760913,3.879982324817723,0.003594279458668242,0,16.147192091171224,0.7668433664846054,34.644289595831005,0.04692815688966429,0.10059516816681657,0.9601303037473214,0.006265865856906001,0.01287733777692114,0.007656428305092153,0.015602736607096858
S8,baseline,518.5314285714286,72.36190831336727,7.384167000860664,82.53699120674706,50.81494187611164,30.303030303030305,3.8765343891455863,0.011504298868281287,3.8611682067935797,3.922154727697427,0.016650701554654455,0,13.077322262584328,1.812190750236437,34.67194724455334,0.036014106419851526,0.036740646879482315,0.9577491208816018,0.022038096906263665,0.0759385188030985,0.042067234583941876,0.15198055469962662
S8,baseline,548.5314285714286,73.61724134491503,6.6839154429204,73.95010853514982,48.7092881510969,28.57142857142857,3.876960204618263,0.012305639183630604,3.8589587537111796,3.922154727697427,-0.006911392379751452,1,15.602942269113607,2.028008722622709,34.719830854870025,0.05385946361085138,0.1356864398997705,0.9480214314390792,0.02257370219274483,0.09133507792487211,0.04224771198021283,0.1712133888356693
S8,baseline,578.5314285714286,72.89336606943974,3.959267445632594,44.92154634781242,46.72271781343127,30.985915492957744,3.8623008501518212,0.013683884441554058,3.839500092379336,3.890885217418431,-0.044147168490813904,0,17.27417613490309,1.5313923326587304,34.76701742626372,0.03927358839602738,0.04500688764437181,0.9417260742396812,0.003718367161767996,0.00482828337860695,0.004815778416993718,0.010661456911307435
S8,baseline,608.5314285714286,74.05852048317409,4.387285041997173,48.45326088780215,48.350630261786854,29.166666666666668,3.8490400028105403,0.007703154045298581,3.8365280182554757,3.8660583785061866,-0.00414558840453321,0,18.311448502256873,1.4768019485816786,34.79339215378534,0.04435583087645689,0.045670846108163146,0.9423498551164334,0.003919063558355989,0.00776079608014123,0.005702231575648634,0.018971287952315383
S8,baseline,638.5314285714286,73.33357811151899,5.939063295448842,66.34871980910697,51.678356072408604,32.3943661971831,3.851696235971192,0.008144482657918391,3.8365280182554757,3.8678289355114215,0.017598813794898735,0,16.714422158548235,1.4316758632046183,34.81823674592518,0.0377117814564084,-0.0012373115411968502,0.943886630485096,0.00541871152074796,0.021588047370789263,0.00972920920472798,0.04771468409576074
S8,baseline,668.5314285714286,68.61055625690258,4.923114492976348,60.64378850436862,54.38365947214676,36.92307692307693,3.8652423875828683,0.010981802950417958,3.846656153695702,3.887145102298729,0.031034626661448204,0,16.690510252742012,1.4292898511292809,34.856775091262094,0.047327248235099297,0.10939245957729964,0.9485648362617799,0.0060821319798977005,0.03246438404869136,0.009227967291369741,0.06800392579860319
S8,baseline,698.5314285714286,66.74319385898207,3.1995710830257478,43.59819168911207,51.90503494904155,37.5,3.8817575839738234,0.009042306139435177,3.8617291410148855,3.8980465029029627,0.028881798757466836,0,16.866566716641678,1.3765598017620946,34.907003800165086,0.0380855786801497,0.07392531679740427,0.9519359440628149,0.0032071631545477295,0.005140529091956822,0.008207090874052754,0.008608665365923054
S8,baseline,728.5314285714286,68.69508062489668,3.18405716098088,41.1704939231763,44.96167542770779,30.303030303030305,3.884099727839417,0.006934742330958279,3.8685833990012997,3.8980465029029627,-0.013468383787655762,0,17.1638741315897,1.3971868363337154,34.93792144484747,0.03430542606813637,0.05109813129264487,0.9517832085305014,0.0031507221754400665,0.005833606851094928,0.004208179285514377,0.008909782831519556
S8,baseline,758.5314285714286,71.4818709367189,4.862992736135298,55.24114730186117,44.590785958758616,31.428571428571427,3.875364942413887,0.011380998010744518,3.8492894399366064,3.895099462317659,-0.023813293648595166,0,17.003589646703194,1.4434557925549163,34.90198614356631,0.0691661799993221,-0.17971934365851236,0.9485037938876689,0.0060865814987578655,0.029614353233649925,0.007389176577883512,0.05858795961894054
S8,baseline,788.5314285714286,72.28711606360004,4.694519577267415,53.121402590245935,44.20037861136209,31.428571428571427,3.8568260769871796,0.018485924533303853,3.8265042150191335,3.895099462317659,-0.06036154227462153,0,17.700870168827628,1.5500207817852725,34.86834120614188,0.057497603362611734,0.028369116407385875,0.9467366070097986,0.005563183331448243,0.02039943489703401,0.008596637885320032,0.04300204055466253
S8,baseline,818.5314285714286,72.71119231707293,3.2466717511145027,37.19460525573289,39.096949095440024,21.428571428571427,3.8340431376657382,0.01021305312297782,3.8155681194089226,3.8558669325098727,-0.03219789061290225,0,18.16377928718614,1.672483128570297,34.895335611252555,0.05068877165985548,0.029490004243058664,0.9472010553888178,0.004043759234141792,0.011380531909078801,0.0069755633866551885,0.021022136430997436
S8,baseline,848.5314285714286,74.65663258173439,5.227104515295693,53.828293654757594,43.93611605231595,23.943661971830984,3.8144892432260806,0.012776511747238284,3.7882944128221046,3.835856165766647,-0.04040078874298899,0,17.407973473564233,1.982599017796038,34.86817344302223,0.06570554054081378,-0.17934648349320245,0.9451017135440204,0.006193996814228906,0.014722714849790606,0.01512518508372611,0.031225331409814247
S8,baseline,878.5314285714286,78.57673590078947,7.761196829247757,73.6028463415632,49.7814625873222,31.506849315068493,3.7880662856078264,0.0174916434638914,3.7553253932783344,3.8196160139324973,-0.05652804779693331,0,17.01481200151918,2.2086432744717457,34.817575460524786,0.05378511634456904,-0.09360547092542645,0.9418034751094575,0.007402797038083755,0.014319276184394278,0.031364245563615764,0.0294161240323754
S8,baseline,908.5314285714286,78.01125781643229,7.068167571486444,66.24803526800436,48.55126767593076,33.78378378378378,3.7684023941677816,0.010452741838147468,3.7539819868661706,3.800549831144209,-0.018897705297924748,0,17.10184761032219,2.173514722951265,34.86606668381464,0.07996592582657686,0.19805710020023923,0.9405877984315536,0.005172450010829779,0.009753422566010134,0.015152427884844529,0.019864009113859722
S8,baseline,938.5314285714286,75.42181401072115,3.6570026265632416,39.386483418833244,41.487238304450656,24.65753424657534,3.767583673163729,0.0066108097885065045,3.7539819868661706,3.781584148301267,0.01706571132241745,0,16.806302363386273,2.001358869988461,34.96533368937175,0.061346923993394406,0.17096890001344453,0.9417943458264306,0.003296349561100792,0.005656576535977024,0.004246243567506655,0.011674896981504113
S8,baseline,968.5314285714286,75.70297016519663,4.789490798242346,48.99614867552361,42.73212137798414,24.324324324324326,3.77824308650182,0.012876898720716526,3.7656950601463293,3.8070596743353566,0.03316683571294045,0,17.52235926051472,1.8448088946301782,35.01635494050525,0.036391543470697535,0.04719609182338776,0.9432087478022475,0.004025556407768066,0.011449229666994873,0.014036410503646781,0.023005451018196205
S8,baseline,998.5314285714286,74.2339487299023,5.653742826743018,59.14055186826925,49.181574285595445,35.2112676056338,3.7937672385809376,0.013906258046424758,3.7656950601463293,3.810839423276967,0.036847124724084794,0,17.09836649534375,1.7980350118717645,35.03806623622349,0.035818615850074884,0.03657014933315426,0.9458153757037707,0.004712008429714559,0.01450660981342806,0.014545377961739273,0.028861496057519757
S8,baseline,1028.5314285714285,71.23860703571872,5.7277360290253,66.17712843722205,56.59494042641329,39.130434782608695,3.7979503947567474,0.005611208782942816,3.785527157368589,3.810839423276967,-0.012508164285202919,0,16.413062061890923,1.5605211025617758,35.06348499043783,0.03860276323435159,0.06696637941667578,0.9476524400169372,0.0043247365530059865,0.014235739560959984,0.010944970203945796,0.02685900699796494
S8,baseline,1058.5314285714285,70.95705869382533,4.597906352372858,55.85212987670165,54.938304368762296,35.294117647058826,3.7985036456397925,0.006645994498464907,3.785527157368589,3.8125123094215727,0.019024455387922787,0,16.870857601928098,1.5523885156775008,35.083656688145226,0.03608140760852713,0.014298770718495762,0.9488498372928743,0.004017840558975624,0.012056614250953186,0.006398859959892463,0.019590564208948374
S8,baseline,1088.5314285714285,71.84817220420537,4.033232019723982,48.05428850790351,45.73500805836952,30.0,3.8037842094049603,0.0037765026478799087,3.794858250207665,3.8125123094215727,0.0015609786190946555,0,17.978093919174114,1.6262222240980997,35.040843343098956,0.06023830156307997,-0.14831682724406006,0.9495218811506763,0.004008118776190699,0.006991153916667719,0.006509303400421813,0.010719244233962363
S8,baseline,1118.5314285714285,72.0359775080996,3.837022810472209,46.56847652263783,41.80929911767681,24.285714285714285,3.80454373921972,0.0029829014494235704,3.7995566169107384,3.8137380649222936,0.002119880334050693,0,17.717313928656175,1.52399803464706,35.01091470918201,0.04048877653402693,0.062221106299830076,0.9490771399175114,0.00412881752391217,0.006907596680547034,0.00659063547805798,0.0104390444339615
S8,baseline,1148.5314285714285,72.04032460321271,4.567490218387025,54.59493735094497,47.39235154983071,31.428571428571427,3.802319203593143,0.004396455624562027,3.7931435281668917,3.8137380649222936,-0.007508623782706428,0,15.135524723931118,1.5155502901279048,35.04494842456636,0.03920457120952801,0.05659076391939999,0.9483271287607457,0.004472122453530834,0.008848444421947703,0.006968009230587329,0.01404379337071919
S8,baseline,1178.5314285714285,72.20396909090192,5.012196768765025,59.398020894115255,55.35836075026309,38.57142857142858,3.795784342923988,0.006612878462357245,3.7805333176995957,3.8051009713294155,-0.014423642297549832,0,15.382200596452673,1.5876886726444852,35.00167010861352,0.07533906401014724,-0.21720133516319828,0.9479473947720348,0.004205785488209757,0.007812302061635534,0.006777139415344493,0.012512183344218634
S8,baseline,1208.5314285714285,71.3924238006761,4.358961633817707,53.02105622453543,55.601627352189716,36.231884057971016,3.8054987592799896,0.01766541069162023,3.7805333176995957,3.8387005237133938,0.048469356685873204,0,16.928202923473773,1.5408294653841397,34.97027277410598,0.0560503297981698,0.07170052182083028,0.9478289587005477,0.0037676099410879973,0.00657588571590794,0.005421022447168011,0.010694419071957338
S8,baseline,1238.5314285714285,71.43744221049184,3.6303287336123757,43.923298410679905,47.89166271478277,30.434782608695656,3.8251894942810116,0.01247858897341111,3.793620604261348,3.8387005237133938,0.029833390386597092,0,16.73181784229266,1.3997184624100596,34.96823308599563,0.056655404514678175,-0.10954863855576807,0.9481785137609102,0.00384655968859591,0.010257338946197713,0.007426066109162881,0.017130445269138834
S8,amusement,1662.5314285714285,65.07298530517123,6.2067524852452856,85.91128768019924,85.82282184253438,57.89473684210527,3.7931636586185418,0.012804606854578397,3.7736549363015506,3.8219960959986294,-0.04225050298007042,0,15.318483782727625,3.263813526635719,34.98875192842029,0.05453559174645675,-0.07963704807642633,0.9221991974248586,0.006404050848823484,0.030389193576913307,0.016596946539382616,0.05462328062757141
S8,amusement,1692.5314285714285,66.98885038343896,7.400244235516201,97.87658133276948,67.82770945788015,43.103448275862064,3.7808324712357178,0.006802964657645801,3.76809960054085,3.799700639764029,-0.010965272926441467,0,14.427205587679623,2.877877933351257,34.94788162376767,0.05547166608195524,-0.11359253395566525,0.9237919632484295,0.011849885918958785,0.02234500331326147,0.014930217670126734,0.034599191909153254
S8,amusement,1722.5314285714285,75.21621702221542,8.017621531401923,87.10389608413756,64.72370634678846,43.75,3.7779758470336433,0.007488653747827583,3.7655023219402777,3.799700639764029,-0.009339977599632206,0,12.27711195556855,3.623996759762071,34.974991468157086,0.06650819256891087,0.14536546812311713,0.9202955028688973,0.012761602428481985,0.0218085436901686,0.028990375684673407,0.04040107210877002
S8,amusement,1752.5314285714285,65.70103931588562,6.398685710415403,83.71043626223644,79.3185719744015,53.57142857142857,3.7677712516381363,0.010744141001512976,3.749984011295957,3.792277047921278,-0.03442889431436794,0,14.675052410901468,3.612357190809352,35.02951029604957,0.04376624797240598,0.06081034399421739,0.9179205188815686,0.005065187478044483,0.012507055359775063,0.015294589348871249,0.02174576955823143
S8,amusement,1782.5314285714285,68.80048150810282,7.113282181878381,87.72894780380557,84.14344002364362,59.67741935483871,3.7449431621464853,0.015112548795209563,3.717391308021568,3.766711139089698,-0.050689018660873206,0,15.646342977772258,3.2152421699375737,35.053190426781065,0.03722958624881578,0.05290768755435764,0.9179602803079012,0.0035356824352602654,0.007231235472996193,0.005304600426954736,0.013921605686316266
S8,amusement,1812.5314285714285,70.81684110773774,8.045092064819588,93.25332581989605,87.43068029267032,58.620689655172406,3.7236814702636734,0.010566121634582615,3.7049777304648814,3.7517438664236793,-0.02666273218683204,0,13.113389186657647,3.229581728656931,35.06384538341704,0.03413507079953091,-0.022698605185099682,0.917533257572329,0.004099402793564883,0.0060307798039054925,0.006678754428056255,0.01074962646126005
S8,amusement,1842.5314285714285,67.03374724819477,6.361301818800082,83.45371359674144,90.10615532047754,63.1578947368421,3.724582249211301,0.010226010156872972,3.7049777304648814,3.7439688375154083,0.030080333578462657,0,16.732623303497913,3.086135104312849,35.028990471249536,0.051093634951448114,-0.12613864958473822,0.9182981089214342,0.004076325819520874,0.008495137257079533,0.005574489011892486,0.01739732937406512
S8,amusement,1872.5314285714285,67.30375188128092,6.322799996113628,83.98509355351104,85.6885242672239,63.63636363636363,3.726591411211422,0.00870423649184033,3.7021608512760285,3.7439688375154083,-0.022634953066164035,0,15.850338302288595,3.03839473852252,35.015520063854396,0.04636977518906455,0.043989987340573126,0.9188602237700326,0.004549055693199066,0.008984162225200472,0.006901700699967401,0.016653623875930938
S8,amusement,1902.5314285714285,70.74764859855671,6.518765407566333,77.85335290032874,60.6182833078143,47.45762711864407,3.708400298962865,0.013001637096770586,3.6908944376569743,3.7366361757991373,-0.04349990174141743,0,14.841738603665,3.0395443911005082,35.03096877761114,0.03887021022733597,-0.001254416125680426,0.9195001165307046,0.004969865645184997,0.009862953838136599,0.006569089803592337,0.020103722276306902
S8,amusement,1932.5314285714285,72.47621204530849,5.628640347082324,63.6347038087464,55.03749053537494,41.42857142857143,3.6876015114491727,0.010936969200341052,3.667927389090548,3.7067834565205784,-0.03634650316754972,0,17.47943595769683,3.0144274234012074,35.02446596200126,0.036555041430760264,-0.021108290731613306,0.9201871971106473,0.004392900523678052,0.0075891162632319995,0.0059918705309578634,0.015212034516996153
S8,amusement,1962.5314285714285,69.21766438174083,5.963367253222167,74.54720259114802,63.829702226975826,52.23880597014925,3.6702483896481324,0.010975385195594002,3.6464372690085205,3.691647663648507,-0.036370388613863415,0,17.30959446092977,2.762094933980082,35.01455438595726,0.038630485120237555,-0.00786590574316739,0.9204714455075214,0.003702907577183787,0.007678770619014885,0.004515605755957836,0.01492836366301605
S8,stress,3292.5314285714285,96.34421148277305,6.682515555529632,44.59742692630457,27.81052856800731,9.67741935483871,3.7046888286900463,0.012290312889649227,3.683881128741108,3.7323686548073343,0.01819014349307438,0,12.59576324327272,3.6149120415986404,34.89488715035575,0.041949540188781824,0.09930190243083233,0.9200587904650507,0.02984226997536083,0.029645513671057045,0.06253645530667827,0.05660985129929143
S8,stress,3322.5314285714285,93.57194242414698,7.730946494134514,55.17502557056062,35.910216967342265,13.48314606741573,3.7164291246686423,0.01432909719322654,3.6951487993532455,3.747644999805479,0.03148397344996096,0,14.219614039047512,3.64600583955509,34.93805333237421,0.03619165821223777,0.061958889173246205,0.9194798701205721,0.030709987343613056,0.028865143290837367,0.061813435842437384,0.059128010322721164
S8,stress,3352.5314285714285,93.9553060897833,8.776121892729597,61.64636524907609,41.396231219564825,17.5,3.7370918630020835,0.018568194206696805,3.6951487993532455,3.7652058734997507,0.05849654129687071,0,13.459969700501105,4.556177702710962,34.964119976225355,0.03280977376600173,0.03436062961418961,0.9184349796183977,0.02908850293808655,0.026750398802673356,0.06069400351425989,0.0537411493472396
S8,stress,3382.5314285714285,95.96934829998995,7.491131043905731,51.16760423665083,43.971590657256826,21.53846153846154,3.7606131548972397,0.01701122888585979,3.732101541726733,3.7999979561360826,0.048830697589192076,0,14.06642478370081,4.519886834721293,34.98148516773042,0.03366187326501242,0.03383627484839999,0.9190908200076283,0.03963463334064057,0.03773197260907024,0.06383207153920607,0.0523108942392155
S8,stress,3412.5314285714285,91.68329212151725,7.99449270887436,60.63129181050653,46.26491302132478,21.666666666666668,3.7749058609231154,0.012343048342676376,3.744700358655074,3.7999979561360826,0.014864419660792369,0,11.213456147376853,4.449283342946912,34.995826695760094,0.0372022724402481,0.040255757941581385,0.9182344072216561,0.038579433518854865,0.036650083472529904,0.05600880928102513,0.050685824624022845
S8,stress,3442.5314285714285,91.77095771542336,7.981731002196713,59.22617738568521,44.65948998906,22.58064516129032,3.7752058699942266,0.006562094397981073,3.7649386981099284,3.795824877286462,-0.012791051150520358,0,9.773502947564381,5.288816282192371,35.01230643208822,0.037674948453198596,0.054399422505796095,0.9173511012948466,0.02960764214165593,0.02945453005238938,0.04485350913741302,0.049522812083505424
S8,stress,3472.5314285714285,92.85324577174164,6.8532344738888815,49.663322962190264,35.919081558331705,14.492753623188406,3.804282238036659,0.0332333862250285,3.7649386981099284,3.8527733772409554,0.1059311093162332,0,11.736612132913322,4.965006908237926,35.03735116867792,0.036293246960284194,0.05544363192557446,0.9188566744482024,0.02952206364824107,0.02929717897626234,0.047650319546261186,0.04774125465205004
S8,stress,3502.5314285714285,90.80463404323157,6.681106193490981,51.27125409621496,29.265709416117506,12.676056338028168,3.846497310671351,0.016792759441195522,3.7880738826851488,3.8915446666800926,0.041577633912434686,0,16.842527381638636,4.0464267400244305,35.06763716924758,0.037601964533641716,0.06632110268821217,0.9190592483451815,0.022817134639417144,0.022491586652466488,0.03990790521460212,0.04335155281112021
S8,stress,3532.5314285714285,89.46576137393342,5.9604483099941685,46.37184017928548,29.000565110822624,10.606060606060606,3.8433825408699027,0.01844090227636134,3.8091734478548815,3.8915446666800926,-0.039320031351636676,1,16.11789085885333,3.570685393821264,35.08603540257045,0.03291822709827635,0.015884602403340515,0.9191106576902945,0.030168977577272552,0.030109432159411094,0.044546608655657904,0.05252789337740469
S8,stress,3562.5314285714285,89.97342593638214,6.097667182293912,45.698650919907934,32.21200674724889,15.277777777777779,3.8200460124556805,0.02368144565606263,3.779457130593269,3.88788702696409,-0.026700145967015462,0,15.239477503628446,3.3758914885072104,35.091108155023484,0.03311498965283976,0.010112967885863071,0.9189021639837066,0.03709049655583166,0.03513835566664115,0.048500930940883334,0.07437915841937744
S8,stress,3592.5314285714285,88.52371657163975,7.994430997192913,61.17979652289543,33.26240355207302,15.584415584415584,3.8300329107019295,0.03043380204365511,3.779457130593269,3.8901148064883193,0.06333700298239288,1,17.46447178533865,3.8122194282315416,35.10084417869931,0.035361809027597536,0.03195291303498709,0.9179504863912712,0.030057898034741952,0.026956981255774785,0.036628842092713075,0.08248659638577914
S8,stress,3622.5314285714285,87.15827126488136,7.727687539520221,60.665804615833025,26.884891884617762,6.097560975609756,3.8334605415574914,0.021487572977809705,3.8005613200490087,3.8901148064883193,-0.06758081847266817,0,18.116625778448764,3.64718871103777,35.11061752174014,0.034821106658093404,0.026298864195154145,0.9173267855449151,0.016609349840880718,0.015565544176685925,0.02855681214653293,0.05493755204830542
S8,stress,3652.5314285714285,93.28412079549014,6.633747202127582,47.31003432949424,21.7027908741115,1.1363636363636365,3.802032642543069,0.017897539073986043,3.774420046413181,3.848749723879726,-0.05741184527896493,0,17.218289649894775,2.450544233008835,35.1263120233445,0.03605051634516771,0.055596118801455305,0.916738811710329,0.010433713969718516,0.010523999001198898,0.03525374753825095,0.0405850171004897
S8,stress,3682.5314285714285,96.99576733174457,6.18641145486565,40.30230003626952,23.854719010032778,4.444444444444445,3.794710342496286,0.01738786614291681,3.774420046413181,3.856665503197078,0.030509013933015264,0,16.748192258613358,1.9875832765072072,35.155521808442614,0.036780981968566405,0.060098211830102034,0.9164017959012138,0.010866184640423573,0.010870648480609646,0.030107504494644097,0.020975896582537016
S8,stress,3712.5314285714285,98.24123759506827,8.010446374162994,50.324884626144744,27.193081702038217,8.13953488372093,3.847600494767365,0.058145571854238055,3.7820215283154632,3.9842573134988695,0.18381784509735874,1,16.79431577004706,3.986772201606383,35.16869934517997,0.034034329385997555,-0.012067946815257309,0.9174613952166418,0.04039802694789241,0.04006447569681477,0.036663021158770195,0.05618668948481592
S8,stress,3742.5314285714285,95.93653814331388,8.12014564410996,52.37524980983845,20.65206240849507,2.247191011235955,3.8875450145039268,0.036338681045612935,3.839514123550336,3.9842573134988695,0.006789898896527202,1,13.164768571727091,4.712827199592408,35.17764211600167,0.036262248790668215,0.03470048535865399,0.9185465851491208,0.04538103445364681,0.04520072589154767,0.04407980172811122,0.06773611407085564
S8,stress,3772.5314285714285,91.5643834269629,8.596051212963483,61.086030722317446,22.50684626662575,3.3707865168539324,3.927095255418926,0.05295861721123409,3.855420661198661,4.048118162235462,0.10793195656381795,1,13.394798643124295,3.1195809946912108,35.204746782575334,0.0371286615057172,0.06340547053069381,0.9193180511070596,0.03465431242915649,0.03529485628284085,0.04798987462496684,0.062822067909748
S8,stress,3802.5314285714285,90.99269106748972,8.747247150771209,63.30877040217226,25.50859036186916,4.651162790697675,3.9450099045195843,0.03607862214827184,3.9040671602684958,4.048118162235462,-0.10538997836243719,1,16.297177742711536,2.650849947891798,35.231947341918946,0.03516251881376785,0.04965014541366005,0.9193152596572176,0.030063915856675377,0.030629431751382604,0.047342705966797224,0.0442167168191691
S8,stress,3832.5314285714285,94.14456988971531,7.278702689743889,50.60984158303371,32.54235858140611,12.5,3.9187964478428055,0.022754175284980232,3.899592557033747,4.007143844779977,0.016288880068386104,0,15.77845757526968,3.299249858074853,35.25146834891183,0.03318388001702535,0.030184003885854776,0.9186355934067958,0.014837314873866905,0.0146006121394115,0.03619815128344756,0.020912152059662535
S8,stress,3862.5314285714285,95.55313000486227,7.253452840958763,49.58725592108988,32.02876576976848,11.25,3.9363105981632724,0.028134656710030882,3.899592557033747,4.007143844779977,0.06364819871040242,1,12.846179512846179,2.841226545052798,35.26728126162575,0.0333559254167532,0.03215505010346234,0.9182688150460931,0.012199911432535482,0.011857612898398096,0.031367836866670586,0.023626645796885438
S8,stress,3892.5314285714285,94.17661517973275,6.555952332736782,46.09722548592006,25.33550384543478,6.25,3.9744571168846505,0.05212213134637782,3.9336781128162093,4.217284661310457,0.1130727096760344,0,13.803913637053142,2.757855167704204,35.282589251563664,0.03273349640342765,0.027373394405155977,0.9186268982677341,0.01836842309451024,0.01902423071972812,0.0314287032051743,0.04943310470060761
S9,baseline,75.24571428571429,74.24392722311768,5.282538888047812,59.428823302816966,45.90526023416997,26.47058823529412,2.083941429298891,0.03854479369657713,2.022985025403731,2.1525756369357647,-0.13315245292344244,0,13.923805840263004,3.322308334436717,33.86589607602074,0.050178170119566864,0.15134623752756426,0.9286283265250831,0.005427102777339675,0.030723576963627822,0.03284395424690613,0.1099134828231395
S9,baseline,105.24571428571429,73.96047906047004,5.546883732542027,62.1778564892695,43.50274315639785,27.77777777777778,2.034261333461013,0.021467604909909493,2.002201461916756,2.079654451031518,-0.06888390033471514,0,13.639088729016786,2.953758914169795,33.91840849594843,0.02994676128277832,0.05464209745862336,0.9261351244776983,0.006088536714433679,0.03530140054055584,0.022256532031974374,0.11975566368207295
S9,baseline,135.24571428571429,76.29360922428775,4.653611129972017,48.22635968749334,34.41777975342092,16.216216216216218,1.9956333838382079,0.026105142668597956,1.9452119088852025,2.0324779911840083,-0.08624479966581947,0,12.4347311191258,2.938834039173654,33.91631045968192,0.028149004092356676,-0.03478915087445879,0.9238007022009628,0.004833391489648985,0.03022659343799116,0.03142989143748353,0.10498902172248756
S9,baseline,165.24571428571429,77.18062883879288,4.794335019203445,48.784219631290746,35.82197045274013,18.30985915492958,1.9490514428028691,0.02837286842597467,1.9080880977206853,2.002194234800729,-0.09718736479641961,0,12.72411798727588,3.0434186898398745,33.9270468343099,0.03940665772413442,0.09681699377478958,0.925546499358368,0.004013970298650379,0.008327456806012342,0.014522900329257876,0.020423206412729156
S9,baseline,195.24571428571429,77.01653367065838,6.906354462724016,70.6307436928923,48.142253884765104,18.461538461538463,1.9067254559752203,0.02110202896037954,1.8695393802122349,1.9452064347801192,-0.07269247449687892,0,10.825021263434623,2.9664213300013884,33.986471924554735,0.047425812785239545,0.1375372778379218,0.9271722979153716,0.004293103291927338,0.010756643805202583,0.013494093857804637,0.026158793237402746
S9,baseline,225.24571428571429,75.28131096968046,6.180552693000395,66.77507485274376,46.7243326897894,17.647058823529413,1.8713825698173594,0.02008023672168677,1.8411325454436478,1.9098849977655323,-0.06900686010570066,0,11.598685482312005,2.665107358784431,34.01948670087542,0.025106893647730687,-0.0021767886091284224,0.9281623544223647,0.0035922659966550834,0.00679856338462361,0.0052395844128363565,0.01407092782086248
S9,baseline,255.24571428571429,76.0659526066337,4.08261508033692,42.859580883034624,29.825286435779326,13.513513513513514,1.8393289745211372,0.01708171735083042,1.809306132469857,1.8695341953342555,-0.05882508655366746,0,13.491447386032066,2.599596698118823,34.020097024826775,0.02435308549930718,0.00704921513897628,0.9283121129011226,0.0033382420769041666,0.004257677839599725,0.004721662167105006,0.008373172420463038
S9,baseline,285.2457142857143,77.70120728062578,5.704604808479768,56.28165000232427,32.901598262538165,16.216216216216218,1.827426680391637,0.018958029875562762,1.7983241580519755,1.870833161823161,0.015595565644127814,0,15.006507924354949,3.01359105375217,34.037889025733584,0.032346164901537716,0.06632320299667578,0.9248888429871023,0.008606494287576361,0.0318556074186257,0.024411161258456295,0.13526075880659494
S9,baseline,315.2457142857143,77.96433412087455,6.606725516434437,64.81794747771755,36.61901665736508,20.0,1.8175749233374265,0.02337756426208022,1.7838408156165655,1.870833161823161,-0.03361611670917786,1,15.929203539823007,2.8217734386965625,34.06986341712588,0.0337385974463052,0.06820828458308163,0.9287572289791185,0.010969437738946871,0.050031652929522004,0.031421013694272366,0.16984287762177114
S9,baseline,345.2457142857143,75.34241437608775,4.957970316747346,49.27243415188183,29.934230394100865,9.58904109589041,1.7866671975820805,0.021352697232106567,1.7526642956751155,1.8319497675872587,-0.07361565694993921,0,14.055139393003323,2.020428608173123,34.10930583990188,0.03540768303603132,0.07981649225231935,0.9369220054117875,0.004211024677604368,0.009160536980757014,0.01001340193012154,0.016474254114444295
S9,baseline,375.2457142857143,76.55950505239362,5.870433852690978,56.81430079406727,26.463169117244654,2.666666666666667,1.7540711776692555,0.016472932007667154,1.7292147109740559,1.785245915947141,-0.0566493617329046,0,13.681810208735312,2.225177495208242,34.144108060564314,0.0299561596935905,0.048998322066848406,0.9369094067873355,0.004345415051049565,0.008325484718273563,0.014212540147361894,0.01531646423916163
S9,baseline,405.2457142857143,76.54458795674121,6.46316159866095,64.47712174891916,30.712714335308277,8.108108108108109,1.7283569160573,0.013150881334279342,1.7065686535762172,1.7526586425049582,-0.04528051143677395,0,14.050799042692812,2.2853566108638685,34.13168310910179,0.035960052115845305,-0.0739494904007017,0.936187963902501,0.004554127136709702,0.008863562823136663,0.012500668925048196,0.016027922411646262
S9,baseline,435.2457142857143,75.34881889852191,4.876210844993112,50.08447195819059,27.839449446514624,6.8493150684931505,1.7074036229649803,0.011339646704529825,1.6884366334721117,1.7306950418003033,-0.03778329884980651,0,14.432226686403048,2.2856614372984962,34.13212199183873,0.0402069455076798,0.0966342438827966,0.9364161479432601,0.007549425246395088,0.014315052771358347,0.009163576846487418,0.022227420450602903
S9,baseline,465.2457142857143,78.20630397075858,6.6533257932729875,63.10359148864783,33.70155551682282,11.842105263157894,1.6931435269300799,0.008284212479306118,1.6742771758199095,1.714094799949357,-0.023749062044450243,0,15.09627727856226,2.523685130712814,34.16806738426572,0.03314995964865363,0.04896064410192811,0.9407488605883558,0.00976071852159363,0.04646721590939196,0.011987942744963892,0.0673418323823416
S9,baseline,495.2457142857143,77.63962325720131,5.899452390601145,56.941833289017026,31.22793098284591,9.333333333333334,1.6761761185955915,0.014009045334038824,1.6561722743621141,1.714094799949357,-0.04751124963289011,0,14.527071970200877,2.3076245617732973,34.19120912897019,0.02874487763722354,0.034017434968643456,0.9456240873582472,0.006748541097277756,0.02028270576801777,0.010579269750406413,0.02680964536102456
S9,baseline,525.2457142857143,74.65911077999922,3.110060521490753,32.854828895557866,25.15426266835492,1.36986301369863,1.6576829852086132,0.007782445496637781,1.6439283754646157,1.6754906661610398,-0.02627319043629206,0,13.532604654621162,1.8247709246984027,34.20921542140416,0.026604922405116686,0.025254878208890007,0.9460702560506257,0.005251786235008335,0.008309296851857188,0.004484294175273988,0.011567792210225527
S9,baseline,555.2457142857143,77.11124166852478,5.996522189255648,57.77982382909144,28.234682199585052,6.666666666666667,1.6517860522800134,0.0035282580945816665,1.6439283754646157,1.6617814228676986,-0.0011624337475343418,0,13.57128653807914,1.967864584885059,34.0923255746024,0.15049092069530487,-0.4518974019384497,0.9447612860533594,0.005597110859386979,0.010408618063287198,0.019353231854313008,0.012704352240917252
S9,baseline,585.2457142857143,79.26811098143054,5.261028095199853,49.83440759326308,28.53662072674317,6.493506493506493,1.6510951532011535,0.0027809066844131105,1.6458738301391604,1.6617814228676986,-0.002021614779920639,0,13.573929437112847,1.989878441264318,33.91977011617025,0.10228195868522401,-0.21953708567960484,0.9436713180709958,0.005637986651458499,0.010350449708557627,0.01134960567232244,0.01312706438424823
S9,baseline,615.2457142857143,78.82386599611661,3.6654697373393628,35.881981063865254,23.693577333833076,2.631578947368421,1.6466646356991461,0.0039374672710177526,1.6380626674006782,1.652425557312438,-0.012038131862524774,0,13.54511005401919,1.8210273245242472,33.89637014407203,0.041223413641836806,0.10484510554225403,0.943990896353856,0.005375472051859706,0.008053402744833783,0.008632461076756873,0.011292718554612844
S9,baseline,645.2457142857143,79.90116909498676,5.940220994645812,54.90143567742437,30.90129459992303,7.792207792207792,1.642899881298752,0.005333111161884403,1.6346729548209395,1.6722399708802276,-0.003202900681574449,0,13.771244330291273,1.85618681733148,33.92754079473586,0.028914949128817796,0.0009999551715589366,0.9445266142714656,0.012784373539826999,0.011706508898774327,0.010239847431976963,0.019994377097515923
S9,baseline,675.2457142857143,81.40431553653345,6.822328314674589,62.494138248378334,33.41821509971126,11.688311688311687,1.6561667428548636,0.020372562270645933,1.6331577759727094,1.7117782819403369,0.04560703457908439,0,13.676326929338979,2.6138650232516665,33.950111270722886,0.05130142873620928,0.08507852422829301,0.927835955691177,0.02407618550384989,0.09688126711750615,0.09139940329454883,0.2689725696649742
S9,baseline,705.2457142857143,82.02856630848692,5.718158002095853,52.457894714393376,27.908987165890668,8.974358974358974,1.6713530945244108,0.014476468313359936,1.6331577759727094,1.7117782819403369,0.008492274563465622,0,12.649649875762364,3.3618909285820338,34.04718904186431,0.09395917534466183,0.31127286643647284,0.9082846659603828,0.012787185208293816,0.05660767580601694,0.05154756955797343,0.15551907427327905
S9,baseline,735.2457142857143,79.96237761961423,5.607569838490448,53.166869590866646,30.898798365794516,6.41025641025641,1.6676261292055286,0.005911179703020161,1.6567191020587029,1.67712617420193,-0.01930107867621167,0,12.567324955116698,3.454697277317111,34.14947503662109,0.04067493206936149,0.10030220928131937,0.9055254837676067,0.005178942284416266,0.005631685123077781,0.008507654236314346,0.014269558168479319
S9,baseline,765.2457142857143,79.62908791587222,5.796523562645731,52.379320347703214,35.58548202023186,8.333333333333332,1.65717253146461,0.0058226546673489235,1.64768239371292,1.6688189190230829,-0.018292480759930906,0,12.490875172357855,3.42998909384424,34.18540661112468,0.0289340023123642,0.04700772757440379,0.9051278237132481,0.004857229887665719,0.005483052360429167,0.00841943480765876,0.01325546489379781
S9,baseline,795.2457142857143,78.77492208388432,5.416159696323174,51.13699928034594,37.41022241852367,8.21917808219178,1.6501724804080289,0.0034585986576727216,1.6422101354741543,1.6572880831909464,-0.008400740369044096,0,14.093959731543624,3.2843225245203986,34.21513004266648,0.03404972863616583,0.07311607893464167,0.9051988369830719,0.003949690932527814,0.004676145187157581,0.006108514365571608,0.016081759919863294
S9,baseline,825.2457142857143,81.0214572834936,6.297236392847236,55.95082286331125,27.215093750017996,7.59493670886076,1.6533568406088823,0.01174485473776814,1.6378425224367439,1.6771627249071945,0.023305185805995936,0,14.341813214956465,3.8672298505323166,34.262315543038504,0.045906480692116794,0.1286793839268662,0.9119865215783989,0.029990037223077578,0.03708734761940029,0.16939708831590325,0.11074007252085652
S9,baseline,855.2457142857143,80.56766890144807,7.365123957503488,69.20556397692158,31.065872519118948,13.333333333333334,1.6594356760872218,0.010510133765216477,1.6378425224367439,1.6771627249071945,0.012235245796091665,0,12.854191639674566,4.054113232666338,34.339012547810874,0.05674957709843431,0.1662708712247287,0.9227140150871131,0.029887342754905514,0.036659539103711065,0.16017954715093344,0.10332757931135524
S9,baseline,885.2457142857143,75.3025305087163,5.663056821672284,57.4008705982679,30.021425579902008,9.58904109589041,1.6569174276703125,0.004928966266288856,1.6409252130208198,1.6654315547818268,-0.015588539866903934,0,14.58294383162843,3.2651717179810715,34.397561146327426,0.031857308655674405,0.05606415532117496,0.9241458623328117,0.006203343810775852,0.005645020455571699,0.07068370519647169,0.0748407872478236
S9,baseline,915.2457142857143,73.50244949565467,3.856409008869194,43.011784376259,27.428013387180396,6.944444444444445,1.6485670256378673,0.005835550552389338,1.6394707923755585,1.6586845473426028,-0.017022358768419427,0,13.29674968341072,3.3846410737718386,34.411614066714336,0.029837864943142906,0.010663862228487598,0.9152348550722414,0.007863992266471652,0.0070188139833944835,0.08155715751137024,0.06865465514895984
S9,baseline,945.2457142857143,73.65770686090787,4.651152562726036,52.48006908389758,33.007763808766704,12.5,1.643891647344055,0.002222009133797778,1.6394707923755585,1.6510706241436595,-0.0007091506500921097,0,13.045166299987057,3.5048042703914395,34.38797599211193,0.03879947573772957,-0.0817404230754388,0.9082884365791386,0.0052471930540774585,0.005723971233632324,0.04570582313494844,0.038320805788066035
S9,baseline,975.2457142857143,74.51015111477487,5.544160570589341,60.27829298059582,36.157958448779624,16.666666666666664,1.6547037294146967,0.01575019458737648,1.6383543349616752,1.6912410517054426,0.03798085479461902,0,13.853004232862405,3.0058540566576735,34.34800404503232,0.03699767670578294,-0.06268242881416475,0.9071649752690742,0.0035501765659101416,0.004360082532110854,0.014308595717720208,0.018558115582882992
S9,baseline,1005.2457142857143,75.51420173665815,7.246096031617876,76.43386150229352,55.93913578935934,26.984126984126984,1.681602741148853,0.02300835792834954,1.6383543349616752,1.7199362097890858,0.06801761629111286,0,13.424798996828205,3.3859718108006716,34.31801007152739,0.03817979529712255,-0.05843292938267555,0.9070249098034947,0.004077580955095307,0.004485860777681144,0.00938462353476007,0.023405864518895942
S9,baseline,1035.2457142857143,81.68791255060103,7.455524517374032,69.13544749414328,43.84161150409322,24.193548387096776,1.7126523509485332,0.020669942115560506,1.6680013379157657,1.7442892949542617,0.0647830608534387,0,12.264726963816399,3.5070860236514507,34.31284522138323,0.031242166052719185,0.05044441699687853,0.9069125862719885,0.005061066150127207,0.006523969315845538,0.020967497511433213,0.030032693287004256
S9,baseline,1065.2457142857143,77.73230258824314,6.907177991224639,68.52627084497134,39.75448647266003,21.62162162162162,1.7286875836326092,0.00907380287554949,1.703723024949384,1.7442892949542617,0.007900779513498235,0,13.67484263077925,3.152712134643009,34.331430782499766,0.028541752258008292,0.036114518029955196,0.9066634757392071,0.004423390458178153,0.006012665720886932,0.019898213508615186,0.024906703482253607
S9,baseline,1095.2457142857143,73.9559498166224,4.959171147094151,54.69926021979385,39.44053188733078,25.0,1.7214334286840105,0.00968343830358486,1.7054660168608715,1.7410750861297606,-0.03321789261797543,0,13.097032378774493,3.1087689515207284,34.35459870620001,0.03222991443314972,0.0610865353909768,0.9061709793276364,0.003361537177828738,0.004445007843030021,0.012664793993455268,0.018044755364836712
S9,baseline,1125.2457142857143,73.7400725210707,7.054567907172198,76.56081308862477,45.03769494858906,24.637681159420293,1.709225580660947,0.006178060453585805,1.69900915137587,1.7306418408588897,-0.013004324588556656,0,13.712391380782561,2.9537805871616674,34.38978215099517,0.03496577630006188,0.07533145372665137,0.9082797973848137,0.008295846906151387,0.00720383815940992,0.09522802297623853,0.019199913861463618
S9,baseline,1155.2457142857143,78.88542808132647,7.73556902401894,76.4978243914332,39.02753756063335,11.428571428571429,1.726240533545529,0.030034523925413812,1.69900915137587,1.8353296239129124,0.08316596507895298,0,11.447260834014717,3.3444268878642935,34.438476525442944,0.04148734577431985,0.10318169158097809,0.9211218832231034,0.014373105344722628,0.015597245009603985,0.16490988364639386,0.11362157490369244
S9,baseline,1185.2457142857143,81.83055649306591,5.529166149920752,50.43247592074226,29.575312515904137,7.6923076923076925,1.7889715138658242,0.04749815904148552,1.7167282292905441,1.865382070028051,0.1396694257345821,0,11.722615513435334,3.541764374836021,34.49118520609538,0.04228529929407227,0.10633143127965415,0.9290947810606308,0.008429155833290961,0.01233529710600399,0.10837488395219405,0.08077858917515449
S9,stress,1872.2457142857143,87.40206248615931,6.025897167866022,47.763885168542856,40.56917972226373,16.470588235294116,2.8033390108125715,0.026796763999126352,2.7610288069687274,2.9127477782460534,0.07443813681024962,0,18.25713409021172,3.342774639010313,34.37681294541132,0.050284916671768695,0.14683302313621954,0.9292794466542186,0.010182477314988616,0.02026008876563644,0.013006148314506418,0.04630316511222092
S9,stress,1902.2457142857143,85.88913715916318,6.552996312309981,53.445737539090814,49.99295382810159,25.0,2.873401510425533,0.05567433213269167,2.7819812037309943,3.0025513716630177,0.16873695142927544,1,16.35896237438654,3.473060565653081,34.4353512965611,0.036524275362006454,0.08694979246878676,0.9309533827276585,0.010575038770384902,0.021790478638387772,0.012900234396031565,0.0490733503428417
S9,stress,1932.2457142857143,84.12522446603516,6.756208595597433,57.648947117883246,51.49361933535896,25.609756097560975,2.964869191677705,0.06527064917636408,2.8752145700174574,3.136863253432245,0.18628122164297806,3,17.534704101868282,3.6310924827218005,34.475055265154154,0.03435115500693581,0.07318058500114698,0.9320589027872787,0.00855055990094573,0.014418309381247475,0.009604553573156767,0.030975754899631475
S9,stress,1962.2457142857143,81.23956320283054,6.342023074642896,58.12516765138135,49.688611467413864,26.31578947368421,3.0476113581503377,0.059301495037295086,2.9084780764478397,3.136863253432245,0.15793034311855228,4,17.136299885247993,3.490672796535101,34.50799824451265,0.0323306790201444,0.059708376957571856,0.932496558635138,0.007541677060469885,0.01367942196351854,0.009184517195278808,0.02948736143778771
S9,stress,1992.2457142857143,80.1240161594294,6.634955321867922,62.17745933379492,44.17805654702466,28.000000000000004,3.0923708684825084,0.021157345511721475,3.053093757220058,3.162206034332953,0.014296117758246716,3,15.540344107619523,2.9829762695917506,34.5321443299793,0.030075929733375854,0.03761333963419888,0.9304039068091379,0.00872437372868331,0.02401557057047215,0.010631811088583108,0.05986685545225447
S9,stress,2022.2457142857143,81.79084962971909,7.378811043457298,65.20399699780525,42.679257108597525,26.582278481012654,3.1096093653629526,0.02724497768711778,3.053093757220058,3.1814017822784364,0.02653921524080456,3,16.106941324713745,3.5668175426074273,34.56403710356213,0.0385641119388188,0.08471593934136189,0.928145791435312,0.010209628810775459,0.019827186748612204,0.014296911726993966,0.05308651015972544
S9,stress,2052.2457142857143,81.57752370394631,8.338841698562774,75.5011960547972,48.63772565206766,30.263157894736842,3.139137163192207,0.03846061739928698,3.092170024117433,3.251368969760566,0.07205046873738351,1,15.165192272973462,4.01383429377318,34.59486752319336,0.03280861739987187,0.04034001561845887,0.9275149546870934,0.012896067996935007,0.02040173394251146,0.018759003629122507,0.05172994307923327
S9,stress,2082.2457142857143,82.77738387550667,8.73756735306975,76.80760264499509,45.72410608804748,24.0,3.189562951301954,0.04646435275813556,3.0991199002967127,3.257301852204954,0.13152175853583264,2,15.385420482495158,3.600514334462338,34.59481924220494,0.0295675194769338,-0.029141009910493582,0.9264819242818128,0.014913322342755681,0.01781664192596153,0.0205607126470494,0.03946176942667894
S9,stress,2112.2457142857143,83.99709067301234,9.627961701005333,80.08601646310703,42.11040533611558,23.076923076923077,3.2672812895251955,0.06237322313475053,3.190279074207717,3.445674143981835,0.17708546561209682,2,15.628391578033426,3.6529027370255944,34.54971995617095,0.04950320756472524,-0.12114363223461887,0.9263348127029509,0.017296491530031786,0.031682298425423396,0.022765915798264542,0.08588728992257495
S9,stress,2142.2457142857143,79.23815494895618,7.261589495715396,68.70315608880874,46.42822802070801,25.0,3.341254292493144,0.051745147271061,3.2209082834906333,3.445674143981835,0.13268469775479902,2,11.430437622468975,3.6026608108878957,34.53117070225307,0.03945605671599362,0.05580263952401772,0.9308566879102177,0.01561101239991109,0.042650200790155426,0.018740743638745266,0.12026710420329388
S9,stress,2172.2457142857143,82.52026517759596,7.27404280863831,65.38365537604051,43.85878559186373,25.757575757575758,3.3854675455274186,0.03101044172655817,3.3477569006887378,3.4914769788815145,0.06521130202300744,1,11.841660087966616,4.000082787256304,34.55934570748465,0.031974258020533566,0.046194186509021046,0.9342528912572738,0.011023261503570449,0.019068017492451794,0.0136167953928523,0.03720592208864177
S9,stress,2202.2457142857143,81.67303418979208,7.91611232848376,72.68325312014785,39.09523198984014,21.052631578947366,3.4337203753689254,0.04934828937345205,3.3477569006887378,3.5703208900974306,0.1421509183435152,2,13.665202537823328,3.9042142040157928,34.560817831856866,0.031063919580950446,-0.012971390518519726,0.9316357017238233,0.010605975868298027,0.02029015173396346,0.014268381282104605,0.04315357473247832
S9,stress,2232.2457142857143,77.30979050928303,8.109561203252396,80.50676587054001,49.86899247427982,26.027397260273972,3.4997600293217244,0.04476727055521332,3.422538936266885,3.5755601766688523,0.12670558215469258,2,12.049449689635388,2.779817362844373,34.57185668291364,0.035889485958184246,0.07426712888689066,0.9316343591330851,0.007093674998732693,0.017843878758588137,0.008341839401246802,0.040398161802928934
S9,stress,2262.2457142857143,73.66497721114831,7.108995446842823,75.57729899570583,48.53835997389676,23.52941176470588,3.557029362868537,0.03650549588531446,3.4811917132375365,3.6502484040335736,0.09357984620466141,2,13.07630438730768,2.229289916801112,34.596584240867976,0.028739777765640344,0.021490004081597184,0.934040219514988,0.005276862924975427,0.00945128282764461,0.0063216461646298456,0.019477504773011776
S9,stress,2292.2457142857143,76.51934876086918,6.744870803329235,69.2114312973097,37.434996059173805,17.56756756756757,3.605307049277988,0.041642579561053134,3.5275559624017085,3.7151378667362818,0.11315558531195725,2,17.508206972018133,1.9576418872975432,34.61075301397415,0.02978437625630807,0.03275940533090244,0.9349197019247989,0.005263579616325055,0.006833492397273333,0.005803768905958347,0.013907498956103994
S9,stress,2322.2457142857143,79.50827711900502,6.285060639271888,60.02433928854999,39.28303021133978,16.0,3.6578432313464444,0.04409039509372071,3.5671989798155095,3.7674152335922813,0.1197318529920275,3,17.359406886931364,2.131706661256534,34.62969104512533,0.03108851059577541,0.03949123554620382,0.9350941270591854,0.00534748692823664,0.0067634883469538465,0.006598287655997279,0.013839047182695676
S9,stress,2352.2457142857143,77.43143407918657,6.793056056412249,67.69458997328876,48.18091143551945,25.0,3.7050899072762413,0.051680734413522805,3.6355615859113084,3.8899408621012856,0.061061281483227925,3,14.780325383719987,2.6590249694886534,34.65253899637858,0.03290385406113745,0.05266519453371929,0.9349420968447099,0.005116807455890339,0.007003350900018414,0.007505977017503089,0.01412049576837206
S9,stress,2382.2457142857143,75.84684727859556,6.298751329502648,65.42464300876536,50.73560636650958,33.80281690140845,3.7475507314585794,0.059126413920419445,3.652389460782322,3.9052493892673867,0.09794186984827735,3,13.372602085489135,4.106596824844413,34.67395907956078,0.031222952818111407,0.03612384426973475,0.9352400825516987,0.0053797926022088405,0.007994502184517107,0.0077400828714176174,0.015956562838788938
S9,stress,2412.2457142857143,75.09539493222368,7.643750485637108,79.77003477294271,59.38940006715117,39.705882352941174,3.8018804919606364,0.051612057940529185,3.7319617491361634,3.945434857665669,0.12963340805239396,4,11.538778537871918,4.49401164837723,34.691457523164296,0.03117938833173881,0.034634558490891455,0.9356342679400327,0.008266707346169714,0.015171404779082973,0.0073467565387755895,0.027643817403304374
S9,stress,2442.2457142857143,82.17094581780184,8.535435566544928,77.68348740050732,53.889531753885755,32.25806451612903,3.8377454912546494,0.03411565492083831,3.774641065057153,3.945434857665669,0.02411601544814746,4,11.126417293631452,4.637067966751124,34.68190572175526,0.03629068364088335,-0.06844291876594844,0.9353234340319165,0.009325583594706567,0.017156178371728725,0.013436243964601385,0.03221157015843591
S9,amusement,4058.2457142857143,82.08790719728104,5.402471137400543,45.67903625961608,25.22309679073559,5.194805194805195,3.169494674590304,0.014306805424273948,3.149241351677686,3.1977201977182728,0.032440636266157494,0,10.88562320192831,2.9688413098465687,34.848041165306455,0.039394715883332446,-0.08488758803666066,0.9237158823307533,0.007516528656247578,0.007962983154649233,0.016766211579970706,0.02111875411495343
S9,amusement,4088.2457142857143,82.10972538822372,4.628043117449581,38.26964864815278,21.377274345306816,3.79746835443038,3.2157799351009557,0.04324664979454434,3.1527416777394985,3.330274672532348,0.10599665772628594,1,14.314553129014497,2.9567333213930405,34.815442210606165,0.034386102685353324,-0.05346208372780472,0.9238765841469113,0.0034572327673704625,0.003222321558966108,0.004695177312106034,0.012676524824852651
S9,amusement,4118.245714285715,84.89432465810869,6.193371359717767,53.01071818078094,20.61462267406383,4.878048780487805,3.2391900541761167,0.028493759361658492,3.180342343401412,3.330274672532348,-0.06792929179983116,1,15.247380977077068,3.710890585945978,34.79990134684245,0.03068924360301945,-0.01856494891966103,0.9238083316525688,0.003488087172650233,0.0031693897879305584,0.0045868205487067555,0.012789090862973158
S9,amusement,4148.245714285715,84.38409112979879,6.256975802403072,53.48092708736064,20.315456431861016,4.878048780487805,3.186626178231709,0.04453110704428846,3.106511835105582,3.2604606551761584,-0.15254534362491123,0,14.674657994463407,3.979766438884123,34.806389194306874,0.0325700062276323,0.044793699198629584,0.9235539792613021,0.0035119785636872143,0.0038037214613365015,0.005467094290091753,0.016669385136162125
S9,amusement,4178.245714285715,83.89853067837089,3.051012750534981,25.489400424108155,9.814100845755158,0.0,3.1544846520337813,0.03265553330630335,3.0975958307292615,3.2355035751530417,0.0230104763315634,1,16.73681851012428,3.8297614916117917,34.846942117600214,0.04340139988258042,0.10634043785172653,0.9237616031710871,0.003494338980729939,0.003787963755503872,0.004968047617139871,0.016805147853128886
S9,amusement,4208.245714285715,85.71414750403811,3.417361840688234,27.818979651305895,10.784351402833009,0.0,3.161277614267406,0.03285387696260873,3.0975958307292615,3.2355035751530417,0.004428049225406772,2,15.86062787945923,3.85417560207377,34.86974531264532,0.03363243174659305,-0.01962131705597966,0.9235020966963008,0.0035408313767370894,0.0036832512944483973,0.005355073262482874,0.01647649098746959
S9,amusement,4238.245714285715,86.50455944496491,4.030158184646728,31.61784555620429,11.261534417405223,0.0,3.1396035736418173,0.03444178463398621,3.080165414467914,3.222874242528211,-0.10925017548210908,0,15.366121360999319,3.9441872121436043,34.86124850609189,0.03319533198241524,-0.027487820692777026,0.9230244340189163,0.0034770773542521813,0.003330210938112429,0.004878355572613303,0.014687882186540987
S9,amusement,4268.245714285715,87.88885698067578,3.8222383575690366,29.012171580221384,9.850568369379006,0.0,3.088146778332609,0.036230145166864756,3.03452499092452,3.1806442605158995,-0.12031459897190373,0,15.926384710670677,4.103105256070127,34.847839343843006,0.033642502440649445,-0.047355133980071386,0.9225556697421126,0.0036167251558413935,0.004847203196330765,0.005010800544879275,0.027537935864371383
S9,amusement,4298.245714285715,89.74586466476286,4.605816672762185,33.21810368139188,12.86886190302139,0.0,3.047955650747634,0.016732316826466934,3.022152165596332,3.0806698208543195,-0.03494708548869242,0,14.898522816530265,4.427337411173458,34.822570638020835,0.03323315103744623,-0.0480909079288734,0.9225848879562776,0.0037414995427929977,0.005022884738548453,0.004915533085297346,0.02835067904171842
S9,amusement,4328.245714285715,87.77992373578381,5.194739967602453,38.133920199774394,13.50025565539796,0.0,3.0288394665349236,0.017824954181685997,2.999633259734832,3.072582907356291,-0.03346990097559368,1,13.98100017924359,4.619197865526693,34.810703311011906,0.030364375967588838,0.004030690270114017,0.9229270867396889,0.003615427256737818,0.0029326924510995555,0.004573326800575098,0.01260984996124097
S9,amusement,4358.245714285715,87.1731148682107,3.422878813951109,26.765782328830827,11.213308847888182,0.0,3.007109411976945,0.01922980895677202,2.974521141707714,3.0511411393584877,-0.061787360140081196,0,15.81070180155956,4.27096546205045,34.81540137881324,0.0311913973561909,0.00183745934983568,0.9228145133436769,0.0035042033814562156,0.0030858817795850054,0.005144967381238318,0.012173477240847889
S10,baseline,92.85714285714286,89.64280933316533,5.756793834692953,42.609563812815956,21.504517852303774,4.597701149425287,0.7396296810851554,0.0032511928977602047,0.7337467917303961,0.7467539496447567,0.010680788929258857,0,15.547110211736832,3.308265586982935,33.92815500822521,0.03899715943779051,0.10675003032001239,0.9126518260601959,0.007935594015510668,0.009557655970746847,0.020911742238691598,0.024472511628130862
S10,baseline,122.85714285714286,95.33454903905889,4.99604166183365,32.54906191613179,12.39128719078285,0.0,0.7446503665243831,0.0029350516612378975,0.7380513785158046,0.7488624994089774,0.00909537336117038,0,15.441987499343453,3.2614192211288335,33.99617698596773,0.05437790103463759,0.16710366775029195,0.9159662421145738,0.008505937735675194,0.01571480103259192,0.025651015645670284,0.06023366473619326
S10,baseline,152.85714285714286,98.52379933195655,3.6251108228701234,23.126945050801847,8.317292928971296,0.0,0.7478921079065437,0.0013937618926811357,0.7446782877834408,0.753288858763929,0.0034869367855340254,0,16.89823507322568,2.7654965828880114,34.07621400669643,0.05139843551450601,0.15364848507024773,0.9186903985390542,0.0039051884065004665,0.005144114927007186,0.006161796471595615,0.014495499725845552
S10,baseline,182.85714285714286,101.66040529449954,3.0886002802484533,17.87539638492997,6.291221515007769,0.0,0.7495825072388536,0.0014935213490189247,0.7453654468167327,0.753288858763929,0.003914743056097783,0,18.21428571428572,1.9308994204191818,34.139463264828635,0.03831239114650201,0.0992100876266903,0.9186220249130551,0.004026481537297924,0.004253234760202203,0.007539094083290457,0.01151609074530621
S10,baseline,212.85714285714286,103.32866287831375,3.062235772423091,17.528440655861655,6.883553570616521,0.0,0.7520020053286723,0.0020194682218329135,0.7481779535901737,0.75671955236123,0.0060317654026541285,0,18.08098457798374,1.8716845895241856,34.19006689961751,0.039306104610848706,0.10236665726172633,0.9186681070994893,0.004285522700118277,0.004292687282750408,0.0063335702262296845,0.013307689734318687
S10,baseline,242.85714285714286,102.18552814697892,6.0244977828741515,36.11913394220152,25.807870867223045,4.395604395604396,0.7553795027799807,0.002232379341025288,0.7495862920499748,0.7605739717991781,0.0068145523379259595,0,18.826107527952786,2.362535071993337,34.23734464736212,0.037038390458526804,0.08897936279874182,0.9178565210329821,0.008286288850265784,0.011531011791406226,0.021583479591411894,0.03716088690410407
S10,baseline,272.85714285714283,97.50937782338825,6.114880641495411,38.36949644355487,23.844833125655388,3.4090909090909087,0.7577529961877711,0.0013715651505161845,0.753241781149827,0.7620704149649503,0.0026803303565149546,0,18.657886484791472,2.5764424966240904,34.273075313749764,0.03103444329863572,0.055703158475073705,0.9169402337529704,0.008237709504454094,0.011850490813053897,0.019228332424213138,0.03560647786335418
S10,baseline,302.85714285714283,96.3360205231572,3.865133973449671,25.708498667278864,12.810621678507228,0.0,0.7595096557012978,0.001796440787417451,0.7552106956914447,0.764572557160831,0.004310850199668243,0,17.667145048745482,2.3199619511569787,34.303322224934895,0.03244084305582832,0.06485180154531985,0.917006275912632,0.004160442750678508,0.0049219630178131525,0.006880559384295657,0.010938968611900628
S10,baseline,332.85714285714283,98.47261079920084,4.017481133117365,26.43525009265637,10.969189999799474,0.0,0.761969534200298,0.0020828328867413368,0.7575321445934472,0.7676686159184207,0.005546884779286875,0,17.99485861182519,2.1967475558233,34.320843675159274,0.02738396947313953,0.009766393538166421,0.9171709383573716,0.003543834822353506,0.004428406659941547,0.005997445306582298,0.01060186049029012
S10,baseline,362.85714285714283,102.32344263670618,4.4859600201661385,24.640149256051977,14.295710788162147,2.0,0.765531681477377,0.002843036713717451,0.758048922690905,0.7707815574987696,0.009227786815784707,0,16.050137572607763,2.4849281825814473,34.34221034676688,0.037199152316380706,0.07919470566131656,0.9188880216796033,0.0074289611494014265,0.009057949494548315,0.031056567724834186,0.019481953840204465
S10,baseline,392.85714285714283,104.49443262888252,3.9808507380374953,21.58186487256959,14.4566746811751,1.9417475728155338,0.769473761860193,0.002166325915993419,0.7635560348237825,0.7740876122841204,0.006640485672417079,0,15.553635353660043,2.2094515756830577,34.389093256632485,0.041344174035126045,0.10610293498083176,0.9202674986918601,0.00750014380164269,0.008869413087923352,0.021914309982354867,0.019762965211345792
S10,baseline,422.85714285714283,106.77908923293194,3.3541920400487775,17.380157577961597,7.421765589828308,0.0,0.7726931788965603,0.0020469421725918748,0.7677641607018016,0.7782746224487913,0.006145159600925667,0,17.8117048346056,1.6407784513462458,34.43089660935175,0.032218062442076895,0.05869589434911028,0.9197420430028388,0.007368441800414545,0.014023793216653882,0.016464141893114213,0.08715609146518194
S10,baseline,452.85714285714283,105.80456309716658,7.71341698157334,44.39468964650022,17.162469158357485,2.197802197802198,0.775932278371494,0.002110931676797581,0.7718825067533945,0.7806668539976951,0.005287903034116923,0,15.76238473085996,2.3871607512727824,34.43099258786156,0.03207697613631711,-0.04658940965227583,0.9182080001760138,0.008106691873839365,0.025531591693690646,0.04071404876011846,0.22359083940121152
S10,baseline,482.85714285714283,98.36786394989906,8.347572473611377,50.8507466410958,29.08929177224767,9.473684210526317,0.7779478081266679,0.0012756119119875491,0.7746595224559125,0.7806668539976951,0.0011153364645111806,0,14.918178358492955,2.699833372235914,34.38393039449056,0.04773823363513504,-0.12988489502074244,0.9164914530016071,0.006250555114788009,0.006423097287574604,0.014925991757245615,0.027718103214985503
S10,baseline,512.8571428571429,100.70971442070693,5.955898037930182,35.48258098540533,27.846862123270782,7.142857142857142,0.7786025307523613,0.0009588748531146038,0.7753672550671202,0.7804808142017348,0.0012039339794765371,0,15.96958174904943,2.3742609046809013,34.33664217776344,0.038395490392391776,-0.06988459221687565,0.9163280800569911,0.005529196072662566,0.005622976423348716,0.010640562247574275,0.026601789185617224
S10,baseline,542.8571428571429,104.23658647305379,6.166932056291641,34.646624242898056,26.887229471207966,5.05050505050505,0.7792866276681523,0.0009429487892196533,0.7771734222933135,0.7820923611776948,0.0014318026779287178,0,15.823891923894616,2.4574987985693273,34.333117433820455,0.03151791653990504,0.0297483151178944,0.9161329442815433,0.005907504143937658,0.005765153111624158,0.014453171802322452,0.02125138322281379
S10,baseline,572.8571428571429,102.640192414751,6.7732260616250715,38.91912111992424,28.391522686471767,5.376344086021505,0.7803798420887428,0.0012791506375835326,0.7771734222933135,0.7838355861023667,0.0030065871740683745,0,13.996769976159344,2.899164420186716,34.31374577985491,0.04551553622230725,-0.11942339959919224,0.9156133340386812,0.007468841974842589,0.0072915858277814325,0.023340708170015975,0.02426007658509948
S10,baseline,602.8571428571429,100.24905409302336,5.526227407251063,34.12477574615739,23.806469783427488,3.260869565217391,0.782036104668672,0.001573279463121662,0.7775839368486237,0.787015139728133,0.0036698644077496397,0,15.70015201734493,2.6623479705771476,34.30994194539388,0.044521433582231346,0.07832669441011351,0.9177857529754228,0.007442107516443852,0.008421103755368765,0.038581894280733504,0.03891011074660601
S10,baseline,632.8571428571429,103.29856530960166,6.269128549262122,36.47679317748684,25.862063220783806,6.122448979591836,0.7841064901471828,0.0016261087864462161,0.7775839368486237,0.7878291242955068,0.004227204811542704,0,17.08659922432264,2.1662404218312727,34.298314346313475,0.053694261545436356,-0.12685884187465143,0.9167027363093259,0.006931922347432103,0.007864810468974156,0.0476783069499018,0.04406448353177801
S10,baseline,662.8571428571429,103.85957867510484,7.24044939552307,40.335550882800014,30.55524429835487,12.871287128712872,0.7867588691621197,0.0017263310824220022,0.7828871702565815,0.7901138087237548,0.005238435204359257,0,18.022566070121414,2.0851762056934326,34.24299470374698,0.037391241307321146,-0.06374036928556598,0.9126374336426498,0.005326221762321016,0.005649969900048536,0.01598885718647272,0.0198825131418601
S10,baseline,692.8571428571429,103.33351256489074,7.78006959727842,44.07248588891373,26.91522204277049,10.891089108910892,0.7888600230896649,0.0013704793592277259,0.7845966092847629,0.7940318913473563,0.002541540935466042,0,19.099108203016446,2.6873840469201236,34.24758588009789,0.03704825713776123,0.08450616841999188,0.911540586106758,0.012493523576370655,0.013168844946292075,0.03110679893285769,0.11175912766887411
S10,baseline,722.8571428571429,100.87803586134929,7.111287716546167,41.572604303452394,23.021146830724415,4.040404040404041,0.7903229226029339,0.001681303604652462,0.7845966092847629,0.7945564863021992,0.0035487997719335584,0,17.644006227296313,2.8733443523632904,34.26562843104771,0.030617470491614816,0.002293007864107192,0.9119422262259419,0.012971082747157168,0.015108335655997684,0.051486390117128876,0.08604150260722665
S10,baseline,752.8571428571429,97.4401651491158,4.881991024143607,31.805758237875224,22.33232065079308,3.1578947368421053,0.7925256514452115,0.0017330600401998424,0.787729674450195,0.7964593792228603,0.004662796824623978,0,17.69911504424779,2.3211726810967397,34.2928476642427,0.04187705281236087,0.09872264773859192,0.9104781717033295,0.005863429567572793,0.010486882553433071,0.06023766147524646,0.04933706777613254
S10,baseline,782.8571428571429,96.73088068625525,5.870607528907565,39.39024601123209,29.758958879676513,6.976744186046512,0.79581078610604,0.0025911865079952657,0.7917809799542839,0.8031191487797348,0.007560798734684193,0,16.79958001049974,2.254941392888001,34.33459308151972,0.03157496716691816,0.04227368457279176,0.9093592686923808,0.006241241916461852,0.01001455137170778,0.04382908874389545,0.067986970357773
S10,baseline,812.8571428571429,99.38148405369589,5.497300566596818,34.10584530820356,26.992501903192114,8.13953488372093,0.7995720549893013,0.002632323342111974,0.7927043452339451,0.8052040316199901,0.007965233349095562,0,15.840289651010762,2.601531029655873,34.34766530936105,0.027436220189708163,-0.003085660539311337,0.9094999525700881,0.006542755509409188,0.008609686102008825,0.03719925423295458,0.04890533219345851
S10,baseline,842.8571428571429,99.74639867451482,4.907858550363679,29.782480097573377,25.87011416990041,10.204081632653061,0.8033268954103154,0.0024936245083375095,0.7976814864720441,0.8105142372507997,0.007772688272964632,0,17.57276221856123,2.3789694966732515,34.348968026297435,0.027018930256316985,-0.006830240088063976,0.9083035457115806,0.005274405140137749,0.005340197693369565,0.008837229633867362,0.017085110255055283
S10,baseline,872.8571428571429,97.00882805929758,4.252472006290458,26.806721259885837,26.602052043636235,8.421052631578947,0.8064355651730118,0.0017341111663499132,0.802230452501479,0.8105142372507997,0.004551931650354066,0,18.342967244701345,1.857203271381096,34.33950661722819,0.028612454007936855,-0.03476167236848629,0.9082671839566333,0.0048461770052114165,0.004875299312235953,0.006630908836436767,0.01381579234419325
S10,baseline,902.8571428571429,95.5953663601721,6.056846164121243,40.06514853810652,27.944599140406584,6.521739130434782,0.808906937887752,0.0018069020400813816,0.8051927928880237,0.8131052764726971,0.005039620645716114,0,18.047621454931498,2.0557027760210187,34.334020520891464,0.027620680585888624,0.012618746939479302,0.911540891855646,0.007193212358173171,0.006226624384157032,0.06773522022075204,0.1008582408499171
S10,baseline,932.8571428571429,91.81525487861138,6.773018760613467,47.594491022719914,26.307583895516306,4.49438202247191,0.8113586436043148,0.0016724239686997158,0.806498881062084,0.8153163269039312,0.0047996535803175285,0,18.626653854682537,2.1761015998572453,34.331186535789854,0.028257382534772443,-0.018030522102891782,0.9156254841354445,0.007080842135531729,0.007508198415206976,0.04857441626528583,0.07393398771916876
S10,baseline,962.8571428571429,91.41700873312475,5.386192140289017,38.35476741451468,22.951750433695658,3.3707865168539324,0.8134955191424216,0.0015267889149137683,0.8101596793723519,0.817421426585398,0.0042023254065939935,0,17.620683325903975,2.6627594494272215,34.32423893665132,0.029150320969063677,-0.015678097173666094,0.9193761687672087,0.00920204384381406,0.012890992092974717,0.03435017997571132,0.05038240140931522
S10,baseline,992.8571428571429,93.68258503330982,4.890759391594217,33.61447129836377,16.497963091180115,2.1739130434782608,0.8155481828448338,0.0015941486225258652,0.8101596793723519,0.8189600788769011,0.004467267499176809,0,17.697716678517818,2.6420258263224894,34.30600703430176,0.034499551345535694,-0.07162083962176553,0.9218432675075127,0.008831514141182871,0.009014426745842246,0.015314791175414493,0.02420397836692868
S10,baseline,1022.8571428571429,97.30926593667637,4.699469377063331,31.206375446064314,12.022177858965907,1.0526315789473684,0.8175187407895076,0.0013178930214424872,0.8138456370767012,0.8200929509527749,0.0035565913521826255,0,17.567708877967167,2.2557855168873933,34.31322109404064,0.038588514620183874,0.08303368776180836,0.9211416393330255,0.004806253911944662,0.004602161457168721,0.009168351483524375,0.013166405083699645
S10,baseline,1052.857142857143,101.51057334477822,2.6701831166270904,15.744372370752904,8.688486399734275,0.0,0.8189191209572257,0.0008820414719743684,0.8163991418354404,0.8215320059161371,0.0018383930760848344,0,16.536735175998107,2.4572746516960597,34.346920624505906,0.02965033331634581,0.03659142756595163,0.9208998397252227,0.0038915537500985088,0.0035786599684991655,0.004034024660536671,0.011184383317927064
S10,baseline,1082.857142857143,103.5168180282948,4.03689600608849,22.10811708105603,14.465628048143572,1.9801980198019802,0.8203283097784425,0.0017146161411379258,0.8130360579950848,0.8250675956183711,0.004003015275678203,0,17.440049828713796,2.842717700654395,34.35568579464867,0.02691872554229436,-0.0047412160038303,0.9193534583721527,0.013603376786285397,0.01461524293024867,0.05685730115074747,0.08158903799984465
S10,baseline,1112.857142857143,101.4451396829497,5.366987534390877,30.97116499624271,20.933679178138036,4.040404040404041,0.822667483499431,0.002059111179530585,0.8130360579950848,0.8266583485868682,0.0051044730157410265,0,17.409326424870464,2.978472679615732,34.34993458702451,0.02814281576162311,-0.02440980479871127,0.9147825493832007,0.013903250182088477,0.016338921113605433,0.062322109103138235,0.09291494527012514
S10,baseline,1142.857142857143,98.06674642537963,4.661253852106802,29.225908483879063,24.41281726892771,6.593406593406594,0.8250306494658417,0.001609860377810735,0.8213856688669422,0.8300807046067599,0.0037209625057521446,0,18.223728813559323,2.5167209094037193,34.33758035859608,0.02785480144220453,-0.02181382364499415,0.9119949903714653,0.004802550723957221,0.004919024050869174,0.011230844254126123,0.019213282387580702
S10,baseline,1172.857142857143,98.4409303728088,4.675081958947043,29.16224722690578,25.534431195876916,7.6923076923076925,0.8282295602528545,0.0026405959078750984,0.8228970758344725,0.8332640129391824,0.00837237322667256,0,18.332605848974246,2.31380735125929,34.33199304053897,0.027388776223520116,0.00495483530674634,0.9117269705929153,0.004600575503055485,0.0046348217334966635,0.010764678658417525,0.015540051084136529
S10,baseline,1202.857142857143,100.2055285577215,4.3157330152430555,25.92241947193954,22.66960234478402,4.081632653061225,0.8319462564427811,0.0019888013790441746,0.8256772625999641,0.8366308242674644,0.006064244273594394,0,19.21268647233729,2.3086855245750835,34.359579439435684,0.04386263375396982,0.11085444635497262,0.9117979266880402,0.004154054097319817,0.004206041684676111,0.010912818201067992,0.031956237070781546
S10,amusement,1595.857142857143,68.61748066281055,4.919545559034209,62.495771113092985,53.04717843314031,29.230769230769234,0.9018255217453871,0.003194865060478859,0.8966988594606099,0.9081136390651068,0.010786663629018667,0,17.89653098054943,2.1472646257713977,34.48542627752395,0.0316438288805898,-0.039523252037219896,0.9393114815339009,0.003766006120094172,0.004789903847682335,0.003682520489030698,0.006603246802401833
S10,amusement,1625.857142857143,72.5450363606924,5.4276055064232755,60.31857964186986,38.58819219887542,18.30985915492958,0.9081852831684227,0.00422804156716389,0.9010743465674066,0.9162838694622374,0.014238420897417154,0,18.166089965397923,2.0211209911119603,34.45966525268555,0.03488628767038273,-0.07184572440799065,0.9390341333879574,0.0034795173491180467,0.004704979565250492,0.003869190930012779,0.0061620248406710695
S10,amusement,1655.857142857143,76.46523278659689,4.739100759986904,49.55315614011595,36.81171064778607,17.56756756756757,0.9140545957845716,0.00299395529925566,0.9067735272726685,0.9185826199091583,0.008877446646349093,0,17.18274565956685,2.487380927179064,34.431638595581056,0.03067560600806089,-0.04482223995445251,0.9389848611437729,0.003600995470146019,0.004564695109699704,0.0036524445210790154,0.006237670409561078
S10,amusement,1685.857142857143,76.96138850587435,3.6771751082659665,38.08333147263277,32.21249427853713,14.864864864864865,0.9172720085335263,0.0012497676410042316,0.9140300972996479,0.9196106807444326,0.0032125601486783185,0,16.938472008670885,2.5303825794291623,34.4204914935884,0.027714937061732253,-0.0036438122400942632,0.9390643366374194,0.0034633865533067014,0.004797891219501163,0.0034845173283539767,0.006485964999177658
S10,amusement,1715.857142857143,79.2516165692301,5.449101650941778,51.91197690010969,30.67877742095547,9.090909090909092,0.9193288649038535,0.0014463682757114235,0.9147399453979227,0.9227391902021939,0.00441605366422931,0,17.827715355805246,2.3856049298733244,34.41501994178409,0.028137418334737853,-0.021960219220057548,0.9390974853751308,0.003360442316972378,0.005032727876637116,0.0035478932724597972,0.006640776456506802
S10,amusement,1745.857142857143,81.59212814068461,6.074941110245741,56.16434946847735,43.210514068651136,15.277777777777779,0.9222601417389664,0.0020983946204788024,0.9177599723047095,0.9267455084088955,0.0066645288968005135,0,19.04234150273293,2.6920369954723067,34.402536025274365,0.028001435905517583,-0.022705369094076864,0.9390299012814319,0.006984531157884685,0.010487767914290888,0.007537067788688436,0.014137205554245668
S10,amusement,1775.857142857143,78.06858244139788,6.587016278919313,64.53387482136822,45.39946157292079,26.38888888888889,0.9244306575797502,0.0009544828982785834,0.921948767761308,0.9267455084088955,0.0018128630845545355,0,18.07823775161413,2.622097200487974,34.3817679414295,0.031154063556728572,-0.04924057084793599,0.9394061164826297,0.007011677374727971,0.011362333393784669,0.007574433093244743,0.015350380371620306
S10,amusement,1805.857142857143,77.1530174632053,5.157561203638017,53.22958802406847,36.93863269036923,16.0,0.9254290793519084,0.00104611015897993,0.9228966354046167,0.9291925769255701,0.00272179016264651,0,16.27696680015502,2.2500338623219727,34.352492831275576,0.0319443202861917,-0.0579464432433253,0.93992951237035,0.0032922227816587677,0.005317036997490466,0.003457767034836102,0.0068814650386146625
S10,amusement,1835.857142857143,79.42355041516495,6.5227387376411565,62.67295652618805,38.960134603748315,19.17808219178082,0.9270470584923676,0.0016261904336760187,0.9240166270160663,0.9307664021619405,0.004522291845645513,0,14.858240258755748,2.6092777514067023,34.33756054760161,0.028093884063596992,0.0046506767820168465,0.9401932129345857,0.004141620745041079,0.006629876968576903,0.0055180433514484825,0.008704020369699268
S10,amusement,1865.857142857143,77.55453003383928,6.898893792285405,69.14798879028586,42.364934141193295,24.324324324324326,0.9297218612779234,0.0021239952613439587,0.9245603334336082,0.934002830033515,0.006591123281941511,0,15.641209799696753,2.786924091364194,34.354270577566965,0.032463579730626614,0.05969887364298649,0.940647547211071,0.00417315985941255,0.006715369271807607,0.004776644765521282,0.008806927970761266
S10,amusement,1895.857142857143,78.96808446388093,7.155747901747414,67.82475129081158,40.9556229409754,19.736842105263158,0.9330517947981886,0.0027967435352361163,0.9298483530734428,0.9410977600248411,0.007468338490794599,0,17.94962039318216,2.614746643507935,34.37579535929362,0.028895661046241923,0.02377795122549792,0.9405589607686895,0.004718237980212421,0.0082319240240547,0.006075214128364394,0.010639496560243437
S10,stress,3192.8557142857144,130.89643296640506,6.92015121617911,25.335570971710602,12.409853299955953,0.8403361344537815,1.613674875887362,0.025334747305446374,1.5700519759468345,1.663809037821944,-0.056543474079815206,1,11.961165048543688,4.120416571230549,34.75193161955334,0.04882103887326463,0.13296316107692877,0.9331824375120149,0.015412308999422935,0.02367480655255541,0.012057566293352197,0.03592406773903943
S10,stress,3222.8557142857144,122.86276400966076,8.975093491719704,37.44392783201691,17.230010003210335,2.7522935779816518,1.5882739542408524,0.020146644340125378,1.5384661976734115,1.6278137655660312,-0.05593822857081433,0,13.096692045838422,4.68477020086779,34.80745677548363,0.04126333385324075,0.0979390278263857,0.9337824446013542,0.017039833215089895,0.030029173971366094,0.017250128112590787,0.05938408906607975
S10,stress,3252.8557142857144,114.66869593230105,9.179812590624183,41.892556222727634,19.0590243631457,5.555555555555555,1.5985843736473853,0.04327118513122088,1.5384661976734115,1.7018319063278828,0.08237036128287871,0,12.394499203210769,4.392330015903079,34.88069733683268,0.06743414152867823,0.2036996403515142,0.9331988152114352,0.022977527760870083,0.03898719044256369,0.019339609067558487,0.08294011579204809
S10,stress,3282.8557142857144,110.89382476301103,8.43591532650038,40.01784262196102,21.635090457692243,3.669724770642202,1.7288821425937522,0.13837413853612593,1.547524443926791,1.9743068779802337,0.4496274347476144,1,9.873318532062164,4.230456273337859,35.02354605756487,0.11574086624565906,0.38067943385749103,0.9321275342542871,0.02115290761717582,0.032344574339200384,0.02558996526724709,0.06564203555625531
S10,stress,3312.8557142857144,112.29577982183062,7.053170101349833,34.49431735179555,16.923968864749423,0.9615384615384616,1.9093864169965753,0.10328185248807902,1.6652400653524584,2.026450291894853,0.30813121644343644,1,12.707319085733149,4.142064079163396,35.21829121980213,0.12344001038490147,0.40717166826450857,0.9310508528784803,0.01700282952544194,0.01861213242547738,0.023556755903375425,0.023691834302058984
S10,stress,3342.8557142857144,110.30039324545153,8.01586237554805,41.396018831510965,14.964717604601928,1.0309278350515463,1.9810448083742553,0.018904275748247826,1.9354668494438716,2.026450291894853,0.012888426638154572,1,14.172431246836512,3.1180867578727343,35.372594109671454,0.06957912104438663,0.20719365153339134,0.9299767825503129,0.014434636401166831,0.015638875708046878,0.015865477747297865,0.020069838730159162
S10,stress,3372.8557142857144,103.10648245428226,7.093551351758868,40.23813983299546,16.83011237384663,1.0309278350515463,2.0110137421503964,0.033552239531296386,1.9638165958894835,2.098525249587402,0.06667843264281365,1,14.859568909209667,2.559670610091123,35.46937772405715,0.06072959595015915,0.17154080709302189,0.9295173625624565,0.0077210615584434195,0.00957603204942213,0.006859338664799333,0.014168261833639421
S10,stress,3402.8557142857144,107.49596452221411,6.929459062199724,36.90149582713634,15.643572164901881,1.9230769230769231,2.0187886391572256,0.029821074026305284,1.9571885641693945,2.098525249587402,-0.08719154050932305,2,14.014373716632443,2.9012066454609573,35.54187868972052,0.04882495137661349,0.11525307036587389,0.9300819320495509,0.012954821151158155,0.014338598343575225,0.011285135468768921,0.02042969663480777
S10,stress,3432.8557142857144,107.83768717879724,8.130700511966984,43.96747018463919,20.035890329384635,4.081632653061225,1.9830948849539802,0.02678404293461203,1.9405645594348941,2.0375822592679196,-0.0539494028761192,0,11.995637949836425,3.19991808105296,35.57896324157715,0.03711311835624337,0.04016246425572336,0.9299290761937912,0.01342134794865326,0.015152312613544008,0.015013658191493697,0.02089016742217766
S10,stress,3462.8557142857144,98.84117187799919,8.692314533349482,52.8334388611707,30.478950527860846,6.451612903225806,2.012815717426932,0.0512064357458797,1.9405645594348941,2.1123356801697337,0.1628424501122543,1,12.628730361572575,3.088298484973538,35.598429824829104,0.0370406563352934,0.03893763250341958,0.928979876694085,0.008448931707949555,0.011682680686976189,0.013239192536775477,0.016169757398375097
S10,stress,3492.8557142857144,100.96411757258973,8.8830246715949,51.655965587963124,24.087648759711143,4.2105263157894735,2.051293316938929,0.024552123572097625,2.007266064680131,2.1123356801697337,-0.017852694297874606,1,11.726930057238588,3.515874935778358,35.613931724911644,0.03644543796482264,0.02662538678914632,0.9285913028003713,0.010598185120795215,0.012637311061246367,0.011015049955557767,0.01792497761087464
S10,stress,3522.8557142857144,102.40069806063225,8.981135532241387,51.354492226893704,23.822202138244055,4.2105263157894735,2.0504099497611117,0.019246175889604967,2.013558506770164,2.0986406748018926,0.00791279170339886,0,12.20220801859384,3.8283812055850435,35.62327654157366,0.03585495639017606,0.01771465869967825,0.9286303126799587,0.010075043452518114,0.013281822905810379,0.011376688959017587,0.01836617097172476
S10,stress,3552.8557142857144,108.87504750952004,8.879961263919588,45.73415747035966,17.04014287405808,1.0752688172043012,2.0588841255565677,0.018099400549374086,2.0219560991333356,2.1218014926099853,0.009381346584353493,2,18.229166666666668,3.77377102765846,35.63096523393904,0.03542837804054593,0.014180073713593462,0.9295416487157763,0.015796577941119203,0.019734916578407334,0.02538120048981945,0.027751524407660592
S10,stress,3582.8557142857144,116.29461956713847,7.524444632636352,33.98841727869639,10.585888750240542,0.0,2.0478617073729883,0.021372828714175528,2.0123474909803427,2.1218014926099853,-0.053675085420610696,1,17.296852075879645,3.6455723819134764,35.62969179716564,0.03590117825890962,-0.015154992707144375,0.9304540329207114,0.016670687285218394,0.020386325296420742,0.025778012685039344,0.028415078400349892
S10,stress,3612.8557142857144,117.11406735522166,7.889613444120885,35.47459525033422,20.092733084692327,3.9603960396039604,2.0025295550239366,0.036753375434063554,1.9243578393834564,2.057799167969868,-0.12278131749543471,0,13.704475289274868,3.428078581998022,35.61874958365304,0.03604615642340315,-0.02576216902679771,0.9307926959805567,0.009326484598761656,0.013224513046007443,0.007740715788567351,0.02035020437660781
S10,stress,3642.8557142857144,111.53561622915393,8.552598224664559,41.54498350132776,26.57554913105193,7.6923076923076925,1.933314615394041,0.04325225812604773,1.8638121440749416,2.0123382567199943,-0.14920313794003362,0,14.80356803947618,3.2674698436841068,35.602875888642814,0.03671573877461833,-0.038375006909392606,0.930878795023993,0.008296335244569318,0.012394502810680517,0.005743515631407433,0.01983745000346582
S10,stress,3672.8557142857144,110.43374783198755,7.467152157732221,36.89916318546142,25.303495331300812,5.769230769230769,1.862890456407814,0.037772756391907115,1.7944369431323095,1.9243412335077579,-0.1304841538778952,0,15.082337249268969,3.071382322179823,35.58737216622489,0.035949943861453094,-0.025297256574513725,0.9311788476817245,0.009357393164274832,0.013831979516058355,0.013588425575209152,0.020998546831649503
S10,stress,3702.8557142857144,113.14827978662376,8.437589529336977,39.71309396360088,25.496402655246754,6.521739130434782,1.7994926580894524,0.03547766609666059,1.7403770623752286,1.863805566994428,-0.12259431544368098,0,10.04224117318881,3.679178807242242,35.57988887677874,0.036043661811978364,-0.00014273649256185775,0.9324530787334455,0.010214556470266123,0.014656019890572948,0.01631712565772458,0.021773834193494802
S10,stress,3732.8557142857144,106.70789906430068,9.260153590835268,47.96017074790301,23.957745917255533,4.705882352941177,1.7454465548317988,0.027062269249771034,1.7049240536576404,1.7954934679571093,-0.09279686328572428,0,8.984197438434183,3.62914255392374,35.584195194789345,0.03616898268187041,0.02693972480076415,0.9334445298298137,0.00847742407681829,0.012454443734399787,0.007225772297286414,0.019414915220257494
S10,stress,3762.8557142857144,100.89698495418651,5.978188931590867,34.647847485270816,24.32769480846628,7.608695652173914,1.7030370324226127,0.021378779882491285,1.6669433058172192,1.7403740925832474,-0.07371342704775351,0,11.031729354906494,2.8024942789937306,35.58922145734515,0.03492868838913277,-0.004267941768173168,0.9334496688526133,0.007254475718426158,0.008928206085380691,0.0046999156336812835,0.01495393587079377
S10,stress,3792.8557142857144,102.65883283560815,5.690568509644961,32.97086404259146,19.502005377902307,5.154639175257731,1.66919752783854,0.017671650318070768,1.6362713552853148,1.706209494324855,-0.060813550851294196,0,11.714827624679234,2.8999835103781604,35.587344721476235,0.034951059214805257,-0.002871401557129918,0.9324445886804663,0.007592701571606143,0.011106939997633814,0.005289058295116703,0.018076074796264118
S10,stress,3822.8557142857144,105.89854217629745,6.400546065597507,34.7576066400814,17.529056023677267,3.061224489795918,1.6429080315429803,0.013763763562011765,1.6234497018240268,1.667631203898818,-0.04602006835377133,0,9.531374106433677,4.3578647108498005,35.58346859595889,0.03506284585582215,-0.013215880217848463,0.932523696809789,0.012131711759693535,0.026424393292171902,0.023799776005264252,0.05458968463518723
S10,stress,3852.8557142857144,101.90305247275734,9.89191529237239,58.388122067173704,28.685147838405438,5.952380952380952,1.6271666980293098,0.006369932860752751,1.616660860847157,1.6416028471578206,-0.01623337134092823,0,12.033004813201924,4.03458827361744,35.5754513331822,0.03547322942130991,-0.015278911890851765,0.9334661397746653,0.012145127891986924,0.027477429268266306,0.024631808959886873,0.05608104220233224
S11,baseline,85.62428571428572,71.8533181712516,5.748903557815719,65.87925217912645,58.51689845888804,45.714285714285715,6.528054424821202,0.08574749630591437,6.402532898689038,6.664742439678503,-0.2939039531313502,0,15.67414831796129,3.1216990163859517,33.73776890781947,0.04534120612936051,0.12631696828420474,0.9145348648130156,0.007246496841307444,0.010256925419266188,0.019325488010506948,0.03991867136717961
S11,baseline,115.62428571428572,71.07148850541166,5.489481633547728,66.32314277062038,56.92011452936549,37.68115942028986,6.411236186044597,0.04865811709350373,6.3329561874017966,6.5249558913724615,-0.16596489876449713,0,15.19497635475618,2.6787781934933377,33.812614727928526,0.05920752011455172,0.17851114116502304,0.9149066473785185,0.006660179260267046,0.007914099089834661,0.014553264995984066,0.013305049270466718
S11,baseline,145.62428571428572,75.04071931016395,6.479323578477333,69.01376773689408,49.635405401666205,28.57142857142857,6.326056726110338,0.0524257117251788,6.2301744320157475,6.403244389333065,-0.17922493511619547,0,13.98816386134809,2.3298713235228474,33.87509106445312,0.029542308785542367,0.057274908833130043,0.913011267526379,0.0062578548157119435,0.00845621832287337,0.02352267206749106,0.03741554900166952
S11,baseline,175.62428571428572,75.99112516600836,5.802068635271111,60.071003936432746,46.5550737853947,27.397260273972602,6.240719956582424,0.04806495171879786,6.175858095307685,6.339187027727715,-0.16268738488601767,0,14.14324569356301,2.077082533708149,33.91771901884533,0.04068093561342112,0.1143149253626121,0.9106802183167908,0.00443979603314365,0.005246332711571753,0.02149101340295823,0.014702682000007994
S11,baseline,205.62428571428572,73.94009111296813,5.2656161981024265,56.940773409094746,52.710812033352504,29.166666666666668,6.182555235944086,0.023496422464277158,6.128086831576468,6.230173059171477,-0.07687960338014942,0,14.170040485829958,2.1786461722724835,33.9751293422154,0.040440844216808665,0.11360120028408084,0.9099281502246337,0.0035561285334892562,0.0063202610250425294,0.013858824872150559,0.014749549576628287
S11,baseline,235.62428571428572,73.93734783189407,6.168991916745857,67.55979660279394,56.91945417024437,31.944444444444443,6.138251589635253,0.02978973715091609,6.087891004535647,6.18312716266134,-0.09895906563690357,0,14.811829311300317,2.2763127970555854,34.034289940243674,0.043304857110777646,0.12471133251555062,0.9101654897573277,0.004576765749082984,0.007344862398364626,0.02568619166170395,0.019170121293311658
S11,baseline,265.6242857142857,78.43526274514113,7.319778683969061,71.16482926541038,43.05921052280312,21.91780821917808,6.087747602705912,0.027820473906952827,6.042954181917807,6.130390346346953,-0.09321344739429113,0,15.859829318027339,2.247438635225587,34.065008975801014,0.028815028440064817,0.00043439760066425043,0.912974794679873,0.00579230851181648,0.008578340584317862,0.035401999562364145,0.03283116652820289
S11,baseline,295.6242857142857,79.9491125467681,5.836737833646165,53.11405383172523,29.955924363976173,8.974358974358974,6.0491776041143455,0.01980592436029781,6.0245122462483485,6.102982407928451,-0.06225716561425347,0,17.155548747798115,2.414467252227128,34.06298416791643,0.02646916391488503,-0.01464900953770716,0.9163338827348197,0.005517384986365359,0.009663284572888044,0.016357434191980404,0.032079050701154146
S11,baseline,325.6242857142857,78.65229076391306,3.5636681279675995,35.36457410286851,32.418627360623894,7.792207792207792,6.023880334920065,0.012634750132170618,5.9950248752771085,6.045271163414191,-0.0419556321420822,0,18.18969250757904,2.6184874986228963,34.074075459071565,0.030419838984419093,0.055359252448444404,0.9177128519928975,0.005431884708240028,0.009029621586968876,0.011795332899463544,0.02492832070323108
S11,baseline,355.6242857142857,76.45844849915412,4.668158688609448,49.78552093970792,41.897229345225185,21.62162162162162,5.998796322787385,0.016693860786842655,5.974324978980894,6.029224193678261,-0.05563727785849485,0,16.20037029417815,2.4835783208850404,34.12821951947893,0.05073789305628681,0.14938400248080427,0.9171446118481108,0.004720994814055294,0.010486775533371778,0.006913767692539508,0.033624240960649414
S11,baseline,385.6242857142857,75.80268950912946,4.316989305985466,46.842816237995095,43.850143443071396,24.324324324324326,5.977607266148499,0.009381635998556105,5.9627804127985256,6.006504599783405,-0.025604918649906896,0,14.970388243035755,2.2558875910540093,34.18421899850028,0.030378365687256978,0.05908824583353835,0.9163124424643573,0.003915525587418854,0.004514771426515155,0.005087891731121189,0.008410223426994398
S11,baseline,415.6242857142857,78.8376986772664,4.390439980834075,41.332354432380974,34.45690102279012,11.688311688311687,5.9792509083406555,0.009918900045860225,5.9627804127985256,6.004303396466589,0.02259748102052414,0,16.134402130765487,2.7911894879638384,34.19644210306804,0.02605734341711893,-0.0021077110394320236,0.9157777532911466,0.005306907940388455,0.0060220852879408785,0.017210940018749177,0.011034481435331171
S11,baseline,445.6242857142857,79.38941437721306,4.776716678339446,44.57379179035779,35.43676965412825,15.584415584415584,5.984309856047687,0.006550578547428399,5.9711128248255285,6.004303396466589,-0.011579490037112249,0,17.138047996735608,2.7705942546699336,34.21702964564732,0.03562667773439395,0.07720519035143676,0.9147245650910284,0.006293489077730143,0.008492691124132756,0.024295329826877373,0.01775171529575671
S11,baseline,475.6242857142857,76.50061810951995,4.391870631201217,45.84301519975763,41.017257732888424,26.027397260273972,5.9708653179113425,0.011260265459023653,5.95106816525935,5.991155003775705,-0.032610220074852765,0,17.99630433036073,2.199862304094833,34.25529403831845,0.03202600422043182,0.0624518726486589,0.9141434924272409,0.005491886615316937,0.007190578818360942,0.018418105863081395,0.016121008813885302
S11,baseline,505.6242857142857,74.7500149130285,3.870637747932034,43.163053060871825,40.678478434817045,23.28767123287671,5.959384481212071,0.004452110647197489,5.949281213091352,5.975757170530428,-0.007952894068108278,0,17.07794353096648,2.230805828094315,34.27860111200242,0.02834031785634916,0.0262294615545029,0.9141921790747919,0.004209480731201332,0.005409007665132107,0.007357717144176154,0.013818014950194126
S11,baseline,535.6242857142857,74.46267984983955,3.4814009616914796,38.16703240271213,41.15949839818292,26.38888888888889,5.954199227082498,0.007314146370859759,5.939587427691479,5.968372260738568,-0.008285832854931473,0,17.497721650826715,2.220927025059736,34.279495202927365,0.027636660285811354,-0.023709444366133866,0.9135614716561756,0.005502808103378988,0.006423361947959116,0.01916474188136745,0.020455578812903077
S11,baseline,565.6242857142857,73.05820518011468,4.373310161335676,49.30347557172568,48.78518475133219,33.80281690140845,5.96569942925498,0.019761481785002713,5.939587427691479,6.000391593728724,0.058535899341273165,0,17.54431767746652,2.341300879498784,34.286133148919966,0.03152120313565684,0.05399154760540079,0.911974903573588,0.005950323793921645,0.015457427851942797,0.028717306080950092,0.052903872126546
S11,baseline,595.6242857142857,71.64054031583788,4.4821740784600745,52.42319488020897,54.698217920986956,42.857142857142854,5.98561829978031,0.014438600592959079,5.951012192958731,6.014082567712685,0.02810100058491522,0,17.266630694519385,2.2738695727390055,34.31700967407227,0.033561480972245726,0.07001156840039345,0.9125788049506617,0.005317468772868707,0.010226399615890626,0.03709671789129041,0.028412847863006508
S11,baseline,625.6242857142857,72.49524766446115,5.263566014242697,60.18199803282317,53.9006212202608,37.142857142857146,5.9968113036806665,0.01144346615456918,5.9784671549606365,6.022945767313361,0.028830769490026168,0,18.01173979468761,2.1442988149284687,34.35675588117327,0.04091233050279815,0.0986630277306776,0.9150436666980564,0.005912154224757078,0.006627242184170778,0.03095026795264244,0.02510959972314613
S11,baseline,655.6242857142857,73.52611202083182,4.4958823653016715,50.111726394098895,49.25749345134723,36.61971830985916,6.0078737775443285,0.006445769395709566,5.9960639800422255,6.022945767313361,0.013113348728444323,0,18.431382109856887,2.117668566792327,34.420034180414106,0.05495145306556475,0.16460729528587087,0.9147507099671189,0.005621961682029639,0.007798812355336731,0.030459332626926724,0.014769401598362096
S11,baseline,685.6242857142857,73.05347344814069,3.602107703709173,41.40061982774462,47.44310218368659,39.436619718309856,6.025238657337476,0.015143571021415848,6.007049046765259,6.0525562738740755,0.03697893691154495,0,17.952074372879544,2.205633122398187,34.46932710120792,0.033103871093370554,0.030584206131576926,0.9135860067481626,0.006000794356411166,0.007070134018909115,0.03425777334343607,0.01582252261285043
S11,baseline,715.6242857142857,75.57745310913155,6.343074155946966,66.47321436236601,46.5511703625064,30.136986301369863,6.042949072046845,0.01179647160243288,6.012839333874347,6.071152357699157,0.005280132397646864,0,16.426783479349183,2.342184950632853,34.47738382393973,0.029182871019107964,-0.00939739630031102,0.9154846052668209,0.006854363977059695,0.010015409758348285,0.045293780097937664,0.027008177758129016
S11,baseline,745.6242857142857,77.36360004327355,6.368851164081748,64.92785681024108,41.24293384128649,22.666666666666664,6.035360449073482,0.014809935655758007,6.013370738713159,6.071152357699157,-0.04533846810407406,0,16.43956259020965,2.357962316519025,34.48368848964146,0.028681250154263878,0.028189676192164663,0.9165436825631628,0.005761255268623213,0.009462989583351646,0.025602149065639256,0.026327845699842364
S11,baseline,775.6242857142857,74.4642168249589,5.331264800184278,56.738302836957885,48.02389938698367,33.80281690140845,6.019248821136918,0.0051866485467037555,6.008845180350288,6.031111362820391,-0.012400561655034425,0,17.22546908643494,2.362008073460721,34.52479534912109,0.04587550927482827,0.12225934964388453,0.9158252159682623,0.0048850352295211966,0.006412689306430935,0.009095048774392938,0.016666127380682173
S11,baseline,805.6242857142857,72.72563750374776,3.9844383517644313,46.31942766728925,51.696449802789786,40.57971014492754,6.014751711133692,0.008641456615231455,5.997541295218116,6.038359889995327,0.005229609071338276,0,17.26751805123725,2.3177005674368676,34.58337498619443,0.039754516273644624,0.09756708078733305,0.9148595631113114,0.005369725889761896,0.006886015451312243,0.02102022172274712,0.020811350410339637
S11,baseline,835.6242857142857,73.32792864989275,4.0964145765718785,46.12957840589123,46.83915343932181,32.3943661971831,6.024517827073708,0.013652593831196966,5.997541295218116,6.043632632899191,0.03832367791820454,0,17.22635221738016,2.3379581622540533,34.60305086045038,0.029992951549348956,0.0004771182085029784,0.9147020737577665,0.006338706526203865,0.007713836636607061,0.01818312873857622,0.026182447987049037
S11,baseline,865.6242857142857,74.27457158410668,4.33157306229256,47.00693810696601,44.77235187103189,25.0,6.041961251819446,0.010102188152989642,6.025480381296914,6.08193358258235,0.021282898619346,0,16.99544764795144,2.950119567538656,34.61033321634928,0.03095936289379768,0.04220600464470568,0.9162274379359641,0.0063262331432894624,0.008352041797230857,0.025371655118173013,0.01944147386284932
S11,baseline,895.6242857142857,73.120784571341,4.7673061356785205,54.00494419827136,48.2546779161107,29.577464788732392,6.0542080272857035,0.009549600659306148,6.034646777140972,6.08193358258235,0.018977943066170302,0,17.071002159278546,2.9599598474807656,34.62640082586379,0.028978235164073635,0.01939386728501388,0.9184952700149723,0.0065146294152533275,0.007888345118444696,0.027833830244823596,0.018176047473367325
S11,baseline,925.6242857142857,71.38533695785142,5.048011859586524,59.480326196971426,53.65521398315022,42.028985507246375,6.058297419636283,0.005556130605806002,6.048125146153102,6.0723762235304735,-4.0229956584127214e-06,0,16.866199834349825,2.450072050538434,34.64200148664202,0.03161669202315687,0.04340526773817651,0.9189575498141743,0.006571914669955955,0.011120208317283078,0.013194031590768344,0.03876391894290907
S11,baseline,955.6242857142857,71.62355318905664,5.553121619632206,65.0421450528006,54.211292562977256,44.927536231884055,6.062646367143439,0.00815812960175505,6.048125146153102,6.087916310186636,0.017853477617899727,0,16.776094065956013,2.6513330690643113,34.656037799653554,0.029997053216994026,0.01670801537961064,0.917433581725843,0.0066856727488384775,0.009072096863039466,0.020742717992939533,0.025059710678585628
S11,baseline,985.6242857142857,74.4427268295134,5.704138991828062,63.11014121830456,46.87393233855912,31.944444444444443,6.083168052657027,0.021937585833957284,6.054653174216006,6.129145752042019,0.057833355095418294,0,18.01210898082745,2.6447765625821957,34.67200205630348,0.033269968567097324,0.035420731885244826,0.9169177017308006,0.007463115491404018,0.009338782234372931,0.034861810321092146,0.026521101956589264
S11,baseline,1015.6242857142857,78.85520977956087,5.634328660420903,54.30301528741424,40.74527247161627,15.789473684210526,6.108709726273368,0.019779220440990283,6.054653174216006,6.139874152581817,0.044748493313816126,0,17.293291129468077,2.6673325112026354,34.67299280221122,0.03314400537003355,-0.038084817622738985,0.917797956034715,0.007804965501515096,0.009444536269124414,0.035557559367501164,0.028044130800485744
S11,baseline,1045.6242857142856,76.44830641646331,6.968670614736465,71.28546597525066,44.083556488522134,17.391304347826086,6.119207469298316,0.00877955858097445,6.102380962796203,6.139874152581817,0.005831097707445369,0,16.767722134890338,2.6137171184284407,34.672381721859885,0.03210887746629212,0.04432356039259568,0.9185455132363318,0.005744945615181557,0.007656449310908915,0.018355781211977684,0.020054550559453186
S11,baseline,1075.6242857142856,71.01951597524643,4.779464504440631,58.76850667920585,59.85081463258439,37.3134328358209,6.118154511992031,0.010814071210367496,6.091950750660667,6.142840080303997,-0.0071501174941050825,0,17.235630562466337,2.2595742313299025,34.686536778041294,0.029535534643380493,0.010732881539616981,0.9169278030652961,0.005048380083411774,0.009072778089898086,0.028828080382035104,0.01818714101869948
S11,baseline,1105.6242857142856,71.76820140258683,4.606173754236494,55.61418062524958,56.25358465302033,45.588235294117645,6.111435935569547,0.011165241971362505,6.091950750660667,6.142840080303997,-0.02592241954177235,0,17.22944388893162,2.0148658771630785,34.69877388872419,0.031162735317120546,0.03570416307707547,0.9156252132490985,0.004689402480174884,0.007108008798818243,0.009835407309951088,0.017700988799228722
S11,baseline,1135.6242857142856,74.49046431804133,7.440066055696804,80.05021478493131,53.523523554565664,37.5,6.1140365276199615,0.013499593353468614,6.09648522621081,6.143327473674545,0.037069540276364304,0,16.561514195583598,2.8016259629075795,34.71017061433338,0.029583146996743966,0.007288504032832319,0.916850692611502,0.005979049702326187,0.007913104763234573,0.0278550049989654,0.016116859739476797
S11,baseline,1165.6242857142856,74.10153923317424,7.386174975408068,78.0565291371662,54.36819494077408,36.231884057971016,6.121307675571781,0.011675413673443656,6.09648522621081,6.143327473674545,0.00970291515634889,0,16.999316991728012,2.7640889342029165,34.71608454531715,0.030085495389183675,0.01589351517860342,0.9171218718112472,0.005994366819222021,0.008768979419051737,0.029103449497628102,0.016647759151509886
S11,baseline,1195.6242857142856,72.45863574343547,5.727652526973927,62.35153611749048,52.39148307920383,34.32835820895522,6.127873654544082,0.011874892891911397,6.104655240650099,6.156131420759308,0.022082575189843447,0,18.571502887166417,2.552327130733318,34.72378345525832,0.030092974879671105,0.01474653590820856,0.9182216481504982,0.0057413868711674336,0.007331127217369622,0.02737147061404898,0.01844095820287126
S11,stress,1907.6242857142856,133.783461539002,6.3701406526810365,22.340679979038537,4.780267624855778,0.0,6.492483667057461,0.022495196964293248,6.444456836216428,6.5613974490920075,0.057423422901123664,0,15.309126594700688,3.0975064664864975,34.56417825172061,0.029768819732391764,0.03659193312775891,0.9190646844725968,0.027547170882638958,0.03027475897090831,0.04143341979064083,0.04693252180149869
S11,stress,1937.6242857142856,128.51295165402198,4.408971668343491,16.22331164335431,5.642979131262718,0.0,6.521663413997512,0.024697015312407027,6.476209421924664,6.585666107175617,0.07019663111049375,0,12.441372500617131,3.090374462552297,34.571970449538455,0.027741410229742035,-0.004855035233359071,0.9189146621050086,0.025853005676465476,0.02840327135613816,0.036169745788861035,0.04207349839464836
S11,stress,1967.6242857142856,128.0657828400397,3.561257907251851,13.164834563135146,5.627170423149581,0.0,6.553973393038291,0.020200233585874507,6.516999057215977,6.616578118100975,0.04918253829537145,1,13.071217386793924,3.2076918105610215,34.57138711475191,0.027722434757882455,0.003411088434765261,0.9189352197555222,0.026201837383942394,0.028735287519439313,0.03590878121317097,0.041188362553135315
S11,stress,1997.6242857142856,126.50760215672932,5.218342640507898,19.220817275626537,8.94427190999916,0.8,6.601087850231869,0.039512099854378056,6.55042332696625,6.702327252757161,0.11567854899870329,1,13.0256118677797,3.20428605706681,34.576868166968936,0.028269471636227804,0.019377708954750897,0.9193943882676459,0.02575864297040883,0.028626718293196962,0.03983849531183915,0.043360011396146605
S11,stress,2027.6242857142856,126.79714140978166,5.411959853286949,21.252208336633473,6.742220543252142,0.0,6.671523392628596,0.04590669613244658,6.562464239767953,6.737344336703535,0.1502665588950783,0,14.944573696455453,2.7399883006782706,34.579404049827936,0.027890116767881643,-0.0010086754225874495,0.9193735255229933,0.024820065189978514,0.027172123367657983,0.03873452692534956,0.04422974182473476
S11,stress,2057.6242857142856,127.21682162249682,5.125799995129388,20.25760785805799,8.277553923887407,0.0,6.7267857153306805,0.022084324020846192,6.678893455489811,6.767868187654236,0.06481641316007616,0,15.338463545063254,2.6645995719590756,34.573869588942756,0.028646976350606153,-0.017844375443038293,0.9189575442353026,0.022978229462800877,0.02454172530193642,0.0354881982685419,0.04285000274580555
S11,stress,2087.6242857142856,125.62286557296788,4.732525890859757,19.078258524696437,8.362264951691037,0.0,6.759997163277244,0.021090173747261243,6.716920169417698,6.806095203941305,0.06281039449252702,0,14.185502727981296,3.193952110460904,34.57502813139416,0.029123370355826968,0.006978241934117502,0.9182106657008664,0.02404027927785878,0.026142568024275007,0.03563557310043193,0.047831233949301596
S11,stress,2117.6242857142856,123.04113521864633,4.827517857069287,19.836912324428212,7.4468941230293275,0.0,6.800654231094803,0.028805843024471343,6.754006197428875,6.876564487949147,0.09285857091546897,0,13.887829072872947,3.14003267817852,34.57607125999814,0.02814567089436859,-0.012753136274582315,0.9179292322270239,0.02358956518647429,0.025837882547758984,0.03627821959075228,0.045901875937317774
S11,stress,2147.6242857142856,118.65538269781814,6.186625216664993,26.995168135252285,8.27425421104507,0.0,6.841195513354563,0.026725862236946632,6.784556658783819,6.909955995276264,0.07990816729256886,1,14.644716196358745,2.7164411944356774,34.56797346133278,0.028179098633882103,-0.010150783711217868,0.9180833735727271,0.018120718111958364,0.02103568926283784,0.03318701144084141,0.047504602307473276
S11,stress,2177.6242857142856,118.66822689116694,7.12324227921446,30.6246802028582,9.399370179790301,0.0,6.881861181280961,0.029809151257018808,6.8249041660381735,6.932529978440725,0.08196458001397758,1,15.331264829348424,2.6193061340618553,34.56281155686151,0.0280351359034969,-0.0008404168480966693,0.9179021010039193,0.01572347415570239,0.018509374080716172,0.030546267677385504,0.04592800080082288
S11,stress,2207.6242857142856,117.99641358334515,6.8273414574274405,29.317213151517567,8.564241650358912,0.0,6.90177803067506,0.013310200915183883,6.876534837312961,6.935633900482508,-0.013336739874974336,0,17.940600030152268,2.4638324131613496,34.54976113237653,0.030384484397946162,-0.040528561086594785,0.9183047269897587,0.01235992695061499,0.014348981795103688,0.023045764280976308,0.03863345419903659
S11,stress,2237.6242857142856,117.41736004616142,6.64466262256369,29.44053546543183,9.00458327544965,0.8695652173913043,6.91451226510187,0.030228523730201042,6.876534837312961,6.982712539711385,0.07626593482510026,0,21.743069396629824,2.371111759521202,34.53698832847959,0.028000791180238238,-0.004422880095640071,0.9187638118500573,0.009002583429325835,0.01053217006229316,0.015458673630327246,0.02578531927587229
S11,stress,2267.6242857142856,123.54690343970923,7.442895110274533,30.818529883343498,8.557528411697321,0.8333333333333334,6.953348282932976,0.03526485724002498,6.8876790720727,7.039742635045895,0.10134420798904765,0,18.535825545171342,2.826811328930308,34.53240295264835,0.028318266720442412,-0.014780489056221004,0.918693384952056,0.013124870844686207,0.01504180487567193,0.018098957164187506,0.03878819863864121
S11,stress,2297.6242857142856,129.1715331672308,5.608943936304252,21.870990886261616,5.551679687858481,0.0,7.04149184365262,0.0802489724866692,6.951080604287367,7.191232988713994,0.2566252497039926,1,17.549815883628007,2.929936448947517,34.528646197364445,0.027926253652637206,-0.0009214068339178346,0.9180624685640493,0.012745061564172296,0.014096174540590794,0.012942877776080575,0.037574366227505554
S11,stress,2327.6242857142856,130.70255481559204,3.8296298736591394,13.794027994323315,4.5524245075922325,0.0,7.136692970724561,0.055697962160996733,7.00820443436941,7.272741195825657,0.12989077391368137,2,14.884945447181225,2.6588321006687208,34.53164332289923,0.027898929062887486,0.010623877206997789,0.917128320046975,0.012918434808147061,0.01375514448000858,0.012318393541292067,0.03818201355430267
S11,stress,2357.6242857142856,127.73129999766732,4.814982792399135,17.839090324273123,5.038626311013828,0.0,7.184158624153062,0.03555065884592407,7.136176736870896,7.272741195825657,0.05833207088207228,3,12.532552083333334,2.598263186608118,34.53398613121396,0.02766841601492815,-0.0001317015053906702,0.9169810940575032,0.013736394795443406,0.014535915395879503,0.012212649085439236,0.039227989399544354
S11,stress,2387.6242857142856,126.32330814249177,5.561225553855186,19.79815529462191,12.098237348422927,1.6,7.214222621064856,0.03232547610761982,7.136903986256105,7.317985355636668,0.04585653955322305,3,14.19177085228602,2.7141885422100924,34.53719069925944,0.028017890530012735,0.01178030079659999,0.9175442531774972,0.011495349156675385,0.011772166254088614,0.01153756998810214,0.02703857450222179
S11,stress,2417.6242857142856,124.68344141560631,4.60807398119057,17.85148936818453,6.913867199205489,0.0,7.267021867749148,0.05515315262758795,7.1888888378252656,7.41675780473888,0.13283227724325605,5,14.559861334653958,3.1824816380662684,34.549298738025485,0.029737627682812084,0.03384760738631542,0.9176601953405817,0.011435693712972518,0.012441945210912889,0.014784265091125917,0.03314187334148782
S11,stress,2447.6242857142856,121.57655164043119,4.801915951477435,20.41851108357003,6.983946606617328,0.0,7.3170241021698565,0.04024729899366705,7.217816455146529,7.430795639268299,0.015992057850267666,8,14.625774195955527,2.875294318742702,34.565739144461496,0.03072422682360074,0.04009418017948305,0.9174631738721454,0.012811461443347473,0.013936846365186977,0.014753441621989829,0.034877467524199804
S11,stress,2477.6242857142856,120.32848318452304,5.0409369420294805,21.720644779607444,8.086568970648365,0.0,7.373400908448867,0.06881914671915011,7.273373152363196,7.542345653254171,0.17839024669122988,4,16.453075158095025,2.8004737358670333,34.58091362798782,0.02988576682928781,0.03168354551663338,0.9172603931679291,0.010900035920507362,0.011369648887693748,0.01065750236657364,0.024951616123936666
S11,stress,2507.6242857142856,122.12753661364798,5.04517724321261,20.8166253981,7.94646201170064,0.0,7.517497871058828,0.11212678395284033,7.315034585514929,7.728236798827389,0.36673455900382257,1,15.768302493966212,2.8421243130070923,34.58744311886742,0.02773034726606466,-0.003196337538318239,0.9172277334873977,0.007125919402582561,0.007280891043766639,0.009898476276246496,0.018673454777226744
S11,amusement,4109.624285714286,73.01081852383972,5.919726649958067,66.56532081795872,51.86794074850187,28.35820895522388,6.363048019826453,0.010531364703483757,6.339858325839042,6.38393076176014,-0.03024689175867682,0,13.803215694205681,1.635677300838125,34.956043485369,0.030717556454787583,0.011052696020646534,0.9250586915555723,0.004755257779840543,0.006966294710815522,0.00474699104128254,0.01460114394698409
S11,amusement,4139.624285714286,74.65293934457966,7.328810990170871,78.6122502705864,55.510562679796465,32.35294117647059,6.347117038347084,0.010758242758915619,6.322960326004938,6.368791198592061,-0.028771029142515014,0,15.943600867678958,2.8545345564310893,34.96109513782319,0.0307482745994684,0.010954813803783022,0.9252036526207542,0.007811101251280363,0.009917274799472362,0.0061615175839619665,0.02056353738836579
S11,amusement,4169.624285714286,74.5308705560909,7.764355143278893,84.39016385732293,56.404866520746715,28.78787878787879,6.3250364551776865,0.016917545711111582,6.295014316910694,6.366728751695977,-0.047783099640569454,0,16.28087274338243,2.8581921508893466,34.96448863801502,0.030766708151634067,0.003932686406277605,0.9250893593808853,0.007208197542157192,0.009413792635143687,0.0060805441955989175,0.020165114753711338
S11,amusement,4199.624285714286,73.87476464435721,5.617568389700725,62.249367521027985,37.63607864607174,15.942028985507244,6.313233749652654,0.009229807234701097,6.295014316910694,6.359502226093151,0.00901573044482545,1,16.56198067768921,2.64007705747522,34.96585881187802,0.03079101982304322,0.0003760361120154873,0.9251519203401877,0.005836711696465803,0.00751410382587209,0.003707842026724017,0.01578837160676814
S11,amusement,4229.624285714286,79.42911569527513,7.088208157999621,66.90268845996023,36.06481600275859,16.43835616438356,6.313908707548546,0.012252041021065403,6.291590969232795,6.359502226093151,-0.008316050851818229,1,14.88387307818122,3.8289335372433904,34.97305337669736,0.031692240745468184,0.024316161958804105,0.9248033943521676,0.00871109749011821,0.010659847912996213,0.007109589786006697,0.022212017509942693
S11,amusement,4259.624285714286,80.2133525345879,8.153157626749618,77.53070445710264,47.11891035506717,28.78787878787879,6.31142348006636,0.01198297881392023,6.291590969232795,6.348533836703739,-0.0015698252193744261,0,13.525118076427654,3.5991420882678224,34.9915943712507,0.03313026377337859,0.04021278683172908,0.924547263359136,0.00823538814007957,0.01093188714638192,0.009229214396373676,0.02226872801761829
S11,amusement,4289.624285714286,76.34314339147946,7.43523592263678,77.40700950431494,51.46291201266828,40.298507462686565,6.3062861519413005,0.010468369133589596,6.2825576206905565,6.33753757478459,-0.015147701513459748,0,11.646667338912978,3.2625582524026298,35.00921667771112,0.03188220932897346,0.027399383304354086,0.9246116831448652,0.006109365589879835,0.009803282091005203,0.008679683954871804,0.021120126413654412
S11,amusement,4319.624285714286,78.18180314125719,7.776984358644256,75.74378441669568,43.49244825406477,26.865671641791046,6.306615218189786,0.015380429057303973,6.2825576206905565,6.368510418018583,0.009645985497414385,1,12.37842617152962,3.3557677813253646,35.02549188159761,0.033093596964431225,0.03702217042092241,0.924331467573051,0.00978545562271315,0.014469574918364574,0.014950145167471701,0.03464384466532394
S11,amusement,4349.624285714286,79.7153132387572,8.462030625012305,81.30864777615697,50.76275349956051,22.0,6.308039490997478,0.015455755362031545,6.28944262995813,6.368510418018583,-0.012991659034470865,1,11.343993085566119,3.4377576994959402,35.02928067307245,0.03220180951650977,-0.0153681644317384,0.9232930883507726,0.010676185299083409,0.01748406021740238,0.015466143434963478,0.0450890284617431
S11,amusement,4379.624285714286,71.7906252552833,8.352568219579322,99.13829919291487,77.47413049759605,47.05882352941176,6.307944219473606,0.010678473305624816,6.287386075251867,6.336177241791828,0.011547344811311616,0,13.192335881059575,3.283405003230046,35.03607478913807,0.034818923101186255,0.04783690808987144,0.9227003859499119,0.008376330809436495,0.01403549011741847,0.00806524245955833,0.03652103194831602
S11,amusement,4409.624285714286,76.43747450036376,8.344444120697705,88.84355268994258,64.69820322771795,42.10526315789473,6.317969053176542,0.011787311421805205,6.287386075251867,6.35175578826258,0.013732035808375863,1,13.004773577602888,2.7648121598547126,35.05843069821312,0.033838179668791296,0.03933623460237281,0.9232186120840176,0.010342014807371243,0.012314094030578343,0.00912535474553737,0.027901920610565543
S13,baseline,87.90571428571428,87.61741571243819,7.114445679966146,55.72173192395106,34.95499488622858,10.975609756097562,2.35745731217957,0.013876903487221943,2.3305695260875163,2.3921030054484156,-0.044891238766766775,0,14.344962185899,4.446375328702038,32.887045069376626,0.051323512112391986,0.16747528156601243,0.915317091898976,0.01314493987955418,0.026609162570015162,0.10845876345953322,0.11194689319642193
S13,baseline,117.90571428571428,87.0804017507801,6.561441557451969,52.329531226601496,26.394146473783525,6.41025641025641,2.340443782830499,0.010302011505526915,2.32588906098274,2.3778187672889777,-0.02840404506840534,0,15.436312086527352,3.50081789516563,32.97092426990327,0.05177758198072539,0.16836813602245604,0.9100336689654519,0.024782593698166912,0.02926159575538867,0.08274184782949687,0.11161087412690986
S13,baseline,147.90571428571428,87.53446029836977,6.304211403791017,50.29497426420424,29.299006702790102,9.210526315789473,2.327471877338782,0.009854084177491283,2.3124635576035235,2.369795740318444,-0.030722798370113952,0,14.394124847001224,3.8292130205701262,33.058021410260885,0.05578706550179706,0.1825618269920807,0.9042975220227506,0.02382666150044438,0.024505696823183782,0.034574313910693405,0.05848357532688329
S13,baseline,177.90571428571428,88.91296805755468,5.8577798121339795,46.70095963764464,26.71633260850265,7.6923076923076925,2.3244206073365428,0.007604867661864855,2.3124635576035235,2.34922584617682,0.014828695401153906,0,13.580062677212354,4.374362835624561,33.138464443388436,0.043076950687944635,0.13439458856988665,0.9107558456005984,0.012831517076632153,0.014605474611776982,0.10475328289077561,0.10664603310555744
S13,baseline,207.90571428571428,87.29614986935967,5.609118577673921,44.27914031585218,24.24061825015488,6.024096385542169,2.331864968356252,0.006623019097476919,2.3133568731421335,2.34922584617682,0.015220116721416065,0,16.87279405434876,3.6790693235974885,33.206161709013436,0.04156513184886277,0.12844364665909275,0.9225644143650018,0.011440347424932877,0.017815712776521272,0.08589745770413114,0.09184086445993032
S13,baseline,237.90571428571428,88.87313652095865,5.947764344510941,45.11753253295257,20.112281583990484,3.4482758620689653,2.3403613566964574,0.014243304146499972,2.3160550545317244,2.3841782286680138,0.02971357327459647,0,17.266187050359715,3.208061025472721,33.261253215244835,0.033063668821013886,0.09219055765838673,0.9252563699438108,0.01194240663154713,0.018445153275465094,0.08354913801477593,0.06509661246767288
S13,baseline,267.9057142857143,89.18587009899075,5.714317260535572,43.02216053891679,17.269646075718427,1.1494252873563218,2.35077124385598,0.014181905895018478,2.3160550545317244,2.3841782286680138,0.0291577245034443,0,16.562384983437614,3.7281361112346016,33.3021507866269,0.029511610609058218,0.07654879592830076,0.9287668044755046,0.012236482607963894,0.013355941973725015,0.10149849096624781,0.0506194398466445
S13,baseline,297.9057142857143,85.11114248443491,5.467407367504755,46.25618485756282,25.194650387795928,3.75,2.363863767241245,0.008697060543721052,2.3511020989084965,2.3768450553972387,0.027985514218984545,0,15.457006913593228,3.312877466076262,33.343482421875,0.032906659383512574,0.09103329239574932,0.9364254681786451,0.005200694119257386,0.017069119102437743,0.011577390268415413,0.043436570034147484
S13,baseline,327.9057142857143,87.07558628520935,5.864262340931445,48.312363065427704,23.56167293175311,3.7037037037037033,2.370641236370167,0.005036427726146163,2.359471297326031,2.3884025086481344,-0.004894385988108312,0,16.002612671456564,3.100288201131425,33.38383334277925,0.029546607121143348,0.0691745828798768,0.9284123344737107,0.01658256261817704,0.016935400474828215,0.16269219610077512,0.09709277042643606
S13,baseline,357.9057142857143,89.70880168551265,4.431174426486521,34.267395007029,20.57010577757635,4.761904761904762,2.3598630121412985,0.011527550612144775,2.341590882263923,2.3884025086481344,-0.036034775039899644,0,15.25224872897927,3.848856606784092,33.41377735828218,0.02583114041841186,0.04836375559810252,0.9121996961645475,0.014949641037298086,0.01649586095653848,0.1381026331701539,0.09290364305259347
S13,baseline,387.9057142857143,90.9311276388807,3.8781318407006014,28.722347297722933,20.81877442472104,5.88235294117647,2.343556696855989,0.008768223899101002,2.3300454946508373,2.3646147342963864,-0.02831777769725868,0,13.645224171539962,4.15671416990366,33.432982383364724,0.024150059109815394,0.0365964332690132,0.9052169688730225,0.007109494573747201,0.010417644490209965,0.03785957020795091,0.05073833427590002
S13,baseline,417.9057142857143,90.24519778746473,3.7524517360981657,28.038751896139246,16.22402305019349,2.272727272727273,2.3378836491943327,0.009181376715329157,2.327466497411663,2.384936520408,-0.0019608933622747267,1,13.70653947533576,3.6883391030944757,33.4475325092134,0.021938229687473217,0.026750833856250503,0.9070865040720235,0.012334947258931889,0.018482300237218748,0.08986555644387752,0.04328998117657239
S13,baseline,447.9057142857143,90.71049275625303,3.4567423992623705,25.85538887324745,13.988890668731049,0.0,2.334527984380158,0.00995229291577676,2.326857536474039,2.384936520408,-0.016937898008796665,1,15.604267289422006,3.537904929338944,33.47189587402344,0.029195404928986042,0.068137461575956,0.9072436952074907,0.013076111078188646,0.018916803777678737,0.0894847844504191,0.04939147988393247
S13,baseline,477.9057142857143,91.9448242886204,4.798139259516115,34.28367130891523,20.983609200495284,3.3707865168539324,2.334834214899118,0.010211207664527914,2.326857536474039,2.3657450497583223,0.023098903002077613,0,16.69139465875371,4.215584613509094,33.50264747474307,0.028101206197039715,0.04980243996520905,0.905797945964249,0.009857078898359057,0.022120775224708015,0.08401543005880455,0.13675936604755276
S13,baseline,507.9057142857143,89.7643651671962,5.5687744791815375,40.99951463337124,22.020075407006043,3.488372093023256,2.3525553261016325,0.015991242231478454,2.3286779330679015,2.3769837889723675,0.05109843018646998,0,16.659174445355262,4.371342769618057,33.49593597557431,0.030291483633129335,-0.06855517082636492,0.9121464782682903,0.011062938214413778,0.029528737094589332,0.12871439320019426,0.15313551114669025
S13,baseline,537.9057142857143,84.76977687089138,5.277138439049132,46.07831828329162,29.642666506282573,8.860759493670885,2.364803996438595,0.003917235173308086,2.357321372986765,2.3769837889723675,-0.0008090348606125552,0,14.935171508288198,4.092828495922697,33.47626615469796,0.023271761303105494,0.009194285339523033,0.9150203415199681,0.007923719499231138,0.009424846814755593,0.052941976905614245,0.05425459727881833
S13,baseline,567.9057142857143,83.76913186968629,5.513378805746305,48.59006291252775,31.80819936311946,9.210526315789473,2.360612136542605,0.004406272011789042,2.3525074090327407,2.371025348553988,-0.013402495224728342,0,11.64531691898187,3.1874482186768325,33.49741157095773,0.031303794323283014,0.07971627755539772,0.9129515070768394,0.00584308591964136,0.007238305237478183,0.01618850981864308,0.03682015410184459
S13,baseline,597.9057142857143,87.2098207884725,5.746004244333044,46.2027121231652,27.210249861781033,6.41025641025641,2.355571045975224,0.002630400504493952,2.348474450447187,2.36044734398994,-0.0056619348029785105,0,11.129144447020636,2.6154936586547497,33.533325351533435,0.02817652902043673,0.06468088856359831,0.9147612951443537,0.005962629903472917,0.006252032513659097,0.03207052514047255,0.028275159623303493
S13,baseline,627.9057142857143,86.54834375359732,6.012361009289125,49.02997601918424,28.50572803161226,7.5,2.3572159570959808,0.008650360431657548,2.346884774171292,2.377142119103745,0.01715397213984836,0,12.616401321718234,3.910133240474803,33.551357686360674,0.023359189229176038,0.015069187353748216,0.915834137556641,0.0055843282920080145,0.005890554236863214,0.023261887170395734,0.02897384561340084
S13,baseline,657.9057142857143,83.1359678272517,4.736709673682718,41.65809419437466,27.709667063644584,6.172839506172839,2.3633150629538884,0.008690879140973372,2.346884774171292,2.377142119103745,0.01569643395309704,0,12.842400305771434,3.7670219928329987,33.556055381411596,0.021542412242621836,0.0036010528117278724,0.9149933051422595,0.005376911784878752,0.005422505489875287,0.01958055438104092,0.025119345002109664
S13,baseline,687.9057142857143,85.07610071002789,5.463272290941503,45.754314527540906,23.614809087977363,2.4096385542168677,2.3625230019350765,0.004708841278595536,2.3515574877385745,2.375390607070591,-0.01410292176723326,0,12.31310466138962,3.0429581728199575,33.557066563197544,0.02176912050702831,0.0027299810641311846,0.9144075980547318,0.006306291663785062,0.006536951066725008,0.035359483076687674,0.03907768984095769
S13,baseline,717.9057142857143,89.22066147888792,6.362140811318213,46.8164593411191,25.55735731221881,5.747126436781609,2.350286674066996,0.010503852123979054,2.3276796334212193,2.3669393305536666,-0.03407864439305007,0,11.963952765692976,4.183132761564994,33.55329812985375,0.022084752479640153,0.0012779242882405412,0.9142460528322222,0.008113916199787208,0.00797577142961969,0.05169477627385177,0.05119822241335195
S13,baseline,747.9057142857143,87.3172521972455,7.047360114964774,53.33625011799447,28.078521352530974,8.235294117647058,2.329726419823757,0.01373879257074274,2.3140423013803773,2.355219711648942,-0.04552829173356485,0,10.09912100243127,4.1676557871783055,33.546378997802734,0.03191346787252858,0.007287368190282667,0.9139637312488289,0.008129017011327103,0.008596760722587977,0.04398415992937951,0.05444517509750084
S13,baseline,777.9057142857143,87.07717400872228,5.82471866814047,46.487665166510844,30.06795025692742,8.433734939759036,2.323669751788579,0.01404522043068385,2.3137930896152232,2.3738368241406542,0.027782089295411583,0,10.929246142236334,4.203676053936101,33.6063938373384,0.07433594758403389,0.23075203248084897,0.9159316253160299,0.010722288107162005,0.01698289902363913,0.07478217921761629,0.1330928003025712
S13,baseline,807.9057142857143,89.06483394701573,5.90805799384832,45.73380251546732,25.985545231202035,5.128205128205128,2.34436800915414,0.01986848865570616,2.3137930896152232,2.3831432553478322,0.05101420162461692,0,13.810489395517072,4.039889133783219,33.63157828703381,0.0649220885050604,-0.14494211627216882,0.92418927869783,0.015504471466778861,0.033225616646567806,0.12430690844523713,0.17229523814477607
S13,baseline,837.9057142857143,86.8186904535908,5.221777240193668,42.72348352304225,18.23108469015466,0.0,2.3463728396336445,0.014039220726795589,2.3274235243385912,2.3831432553478322,-0.04661206000225035,0,14.244128536302743,3.212850804682937,33.56797120230539,0.0569167974762321,-0.10293303362692134,0.9204931043719168,0.014995081315255192,0.03132478728582081,0.1299372281411454,0.14144239506419867
S13,baseline,867.9057142857143,85.52123773365344,3.3909261041633485,29.692948062109554,23.375545500085778,2.4390243902439024,2.330409500957182,0.004768751776889183,2.321937098989752,2.342966252157377,-0.013673518136789187,0,14.760347111459545,3.0676801354700998,33.551823910667785,0.031222763605752893,0.03749154183227057,0.9092583830333706,0.005011810844031783,0.007630085692588362,0.03430664104537905,0.05877934237027173
S13,baseline,897.9057142857143,86.86854005194007,3.915600547476845,30.36557279899839,14.691111956982809,0.0,2.326687192054795,0.003771955809957066,2.3132395303331994,2.337310574182465,-0.0012990102434538436,0,16.371290473468115,3.3261325069303274,33.5776791548956,0.034180199578026316,0.058001109127371775,0.9120038213542085,0.0092926557024675,0.02410476049830555,0.05992297494680773,0.1932519096138972
S13,baseline,927.9057142857143,88.2540811373978,5.003007625543013,39.50131988882376,23.97740691497548,5.063291139240507,2.324399194297991,0.004339494160959367,2.3132395303331994,2.337310574182465,-0.004598979975621216,0,15.091210613598674,3.8189664685174853,33.60510169619606,0.03193469093920236,0.04989143655634516,0.9181105983874981,0.008668774031143486,0.029914617886127468,0.06057410199246667,0.18634870993776495
S13,baseline,957.9057142857143,90.65678334596466,5.2557220884672775,40.29654327623683,23.88582431663636,4.878048780487805,2.326653463329477,0.007259740388180281,2.3172432967554126,2.3464934989644615,0.019185764784830233,0,14.400253191264904,4.1938079224098965,33.64922374761672,0.04366496610427978,0.10581776338400059,0.91761080858123,0.007146847026138158,0.029824385912133985,0.03949260661158375,0.21046427242835247
S13,baseline,987.9057142857143,89.49312309617314,5.455557901189983,41.7261934817265,19.223395295362984,4.938271604938271,2.3372020915546234,0.008849765175242951,2.3197768264639342,2.3492212676095474,0.0273487812661903,0,12.663952962460424,3.8535082438880908,33.69284971328009,0.03018874215658457,0.04576258564224038,0.9138286629414887,0.0069834987252425755,0.039110540114713155,0.05169050356856204,0.2473079387856783
S13,baseline,1017.9057142857143,85.88166066723169,5.329611417729875,45.67898510754842,26.190530302974402,7.5,2.3483250167482463,0.006060569308414228,2.3375031804844597,2.3606787202073094,0.019445072670401076,0,13.389654897585082,3.4881055569255555,33.696109868367515,0.0289497196241392,-0.009856392249290403,0.9118844567115341,0.006002092371229923,0.007713066754604855,0.018772546231336153,0.04948811178741316
S13,baseline,1047.9057142857143,90.92318511682893,6.299023502384184,46.0295618050398,17.35540986385737,1.1627906976744187,2.358978393996337,0.007811671727325961,2.341213720304639,2.383423432060701,0.02214996396076915,0,15.436312086527352,4.568543204071237,33.714975318545385,0.0368894453030477,0.06849049834507447,0.9255196172718667,0.021949051616743053,0.07934094898828425,0.0686881464626902,0.3070495566882198
S13,baseline,1077.9057142857143,91.5312966713451,6.055180072063757,43.59276814443981,18.346312026848242,1.2048192771084338,2.3702421130571665,0.009286997058117941,2.3427595239810257,2.4182822500127745,0.016326899134266576,0,16.605166051660518,4.437852576129975,33.76288361758277,0.035352264195970436,0.07937741859965361,0.9378343547233469,0.0328416953633841,0.07450076495095098,0.05972053538558445,0.18291017752976899
S13,baseline,1107.9057142857143,89.34382022288898,4.347868738796894,34.179430920354875,20.2541175294295,2.4691358024691357,2.3809967991394987,0.012138004446673635,2.3627568914741226,2.4431496774317067,0.023978048092778134,1,15.116697582989561,4.142831224975591,33.81510631452288,0.040574608551467176,0.11349053478241052,0.9344364278551205,0.030651002371227767,0.05299028686488196,0.10825056044163305,0.12428055281411342
S13,baseline,1137.9057142857143,89.363598704158,3.650020326859788,28.207223422310722,14.804219241224681,1.1494252873563218,2.3885437418943787,0.009321111622409907,2.369103322275072,2.4431496774317067,0.012873861106831657,1,12.887718311299768,3.6982676087375133,33.869631978352864,0.037232483281737706,0.09852011452569237,0.9246723878206096,0.0150125913575702,0.01858762169985579,0.1381991171231468,0.05096493523945397
S13,baseline,1167.9057142857143,87.95334813950006,3.3475670660101584,26.447936942091705,15.802380672898051,2.3255813953488373,2.388618951115144,0.0037316008219875265,2.3834818996839933,2.4009115534973917,-0.00783908229667789,0,18.496770405167354,2.4976348055075577,33.91007864525205,0.029104817984380058,0.05739227924083246,0.916764550616607,0.007965708987769765,0.011332673276499505,0.014013002843151115,0.024919271196357184
S13,baseline,1197.9057142857143,86.27484454295679,4.284368158806369,35.82659293656029,21.787583509437738,3.614457831325301,2.396078683834141,0.014265552689577235,2.3834818996839933,2.4529172441716858,0.03867394658647044,1,17.791081867216402,3.2656220763214368,33.932039757138206,0.02512427805271932,0.021488860568509054,0.9244413046135787,0.01459533454821813,0.01926192455027826,0.14994604828749228,0.050213065231278775
S13,amusement,1663.9071428571428,85.91407983552328,6.412342451948026,52.064906613457275,29.0619906946494,6.097560975609756,2.5695646462936974,0.018261760975202664,2.5306956949837214,2.590407640701431,0.05477099264746192,0,16.470588235294116,4.006147831368058,34.05821544828869,0.02744963932980471,0.04268550927568692,0.9230094008605745,0.022093432774911825,0.022981788613834157,0.03882258917350802,0.06394713481710965
S13,amusement,1693.9071428571428,91.38619482320757,7.535134984903529,55.23867524095163,31.85385953612119,10.0,2.614473505569969,0.03896091039222588,2.577171726491014,2.7135270516469387,0.12352988615346555,0,14.790220344099005,4.469365989232009,34.08465673028855,0.03013195612898838,0.060386731060786646,0.9237564221659453,0.01845629421895568,0.018736049392483734,0.034126454195080584,0.03270591747770975
S13,amusement,1723.9071428571428,91.4477980565299,6.989782039402159,50.84575583206868,30.997118665825546,9.876543209876543,2.709430091878712,0.07344081841705058,2.589062956425306,2.8330748637171173,0.25189765945208126,0,13.304120581791304,4.806857415742815,34.12132757786342,0.033792996695561656,0.07917017572417392,0.9237175042883217,0.025102161577836554,0.025847130987652452,0.035833504867443466,0.03904591913561819
S13,amusement,1753.9071428571428,87.98629838503604,5.02466924326216,38.921768779744255,25.285405685815654,3.5294117647058822,2.8119351138999,0.051584508867204136,2.7124187263861614,2.8733697660103754,0.16869381678113987,0,14.72531621672645,5.136744948252896,34.14882992844355,0.026847026618557084,0.028001767629339418,0.9256666672060639,0.023582873860428843,0.024923582357614812,0.03277161386666624,0.049431993780844743
S13,amusement,1783.9071428571428,88.77594274868608,5.062693145267674,39.63384740757786,20.881158521631537,3.488372093023256,2.8579349027954595,0.012673949478577714,2.8283678158574324,2.8741329745434023,0.028123340213780455,0,15.865021405187608,4.351663653003807,34.156084256853376,0.02525317709712586,0.0004705894989418098,0.9243212314307816,0.022431330621755185,0.02404399080674171,0.03965936054397258,0.07122553872163058
S13,amusement,1813.9071428571428,88.92082974844304,6.245049105446024,49.03918417068169,29.701990975733487,7.6923076923076925,2.85906963122215,0.007279169854027278,2.8417064174112716,2.8741329745434023,-0.020367658134018356,0,19.790057851888694,3.8202074889372115,34.1564424881708,0.025090868869890585,-0.0018312805618474787,0.9233674308519159,0.024046444588285715,0.02494902373875171,0.038329295761214924,0.059228633824233115
S13,amusement,1843.9071428571428,86.1791707497603,7.159970350178164,59.66331537732427,38.003831780565434,13.513513513513514,2.8453135229037154,0.010515509421552187,2.82782275450128,2.872206690582064,-0.03309853386841012,0,21.152829190904285,3.582659723098622,34.15645784868513,0.02506890987899551,-0.001656888146573838,0.9244199702919601,0.022169363141827415,0.02278318529467814,0.041553299294420094,0.05354537936428532
S13,amusement,1873.9071428571428,86.20463610955201,6.502788461918668,55.44388891197393,30.54738707553982,9.333333333333334,2.831632243694904,0.008464325496081799,2.815748900713406,2.8471491339969512,-0.02444789267144562,0,16.453247802561027,4.009226734136441,34.1636304074242,0.02755195604938629,0.029039544838340578,0.9253961023129426,0.018109414780137858,0.018914233210533166,0.04165504004140282,0.055162353385863665
S13,amusement,1903.9071428571428,88.90150644251557,6.133709318584192,48.6637646488218,26.990626691821298,6.329113924050633,2.8251422822235632,0.005792647473296682,2.815748900713406,2.8422585739835897,-0.0064103408787591016,0,16.616799782399053,4.759543088566124,34.17741881088983,0.02800386924157007,0.026162981020019585,0.925607226740532,0.015285448392909793,0.016428452064258935,0.03794533236184646,0.0569718101506264
S13,amusement,1933.9071428571428,88.18893060346439,6.51426038556175,51.82997235440685,30.003174435223947,6.666666666666667,2.820487095838291,0.005098915010635989,2.8033194779560615,2.8289488923541106,-0.011023647589279121,0,17.273288093769278,3.641127989014096,34.17943224371047,0.026324162174992984,-0.02031182105762111,0.9249389176002915,0.01742033290081774,0.018863000580711595,0.0386109896593334,0.06681302252816379
S13,amusement,1963.9071428571428,88.31245669203413,6.142546867087505,49.752880188017485,26.923423784862866,6.666666666666667,2.825106676167666,0.01631803631007432,2.8033194779560615,2.8671844837807208,0.03674553485267926,0,13.060716784575913,3.5170248812757925,34.176390277680895,0.025753205200793626,0.008736420327564194,0.9259355095855686,0.026987114894978542,0.028051164142422935,0.04039951814522296,0.06007498695538361
S13,stress,3260.907142857143,115.5692625408592,7.022338848358457,32.0337338105929,14.234243114748582,0.8771929824561403,3.367758425822024,0.04876320619457933,3.306575849350321,3.5107408037395462,0.15414908561748322,0,11.35012431088531,6.553777163861083,34.051485210600354,0.031973130034325704,0.06148628232252319,0.9278601087229477,0.03486256017006385,0.03652907399591561,0.08468123900116858,0.06691828437865992
S13,stress,3290.907142857143,117.877044845866,6.701433061016136,29.259986146253762,19.353371981221393,4.424778761061947,3.4717105260554346,0.08483290637136731,3.360194568937714,3.6556399149434684,0.28110257594851473,1,11.294876966518757,5.736169479829275,34.08981541006906,0.043600931583596556,0.10977760856091656,0.9282663994009803,0.031481483737814314,0.033922752524237744,0.08485266708721595,0.08432839569308015
S13,stress,3320.907142857143,119.89229219793468,6.376295993132823,27.33519414620721,17.837834172420266,3.508771929824561,3.6826888993143663,0.16063402056197792,3.4626329460145153,4.024492728295748,0.5352127943373916,2,10.1010101010101,4.871189082825732,34.18960592942011,0.0912848177075725,0.3008920388096298,0.9248487946510046,0.028468504515569856,0.03089140463051839,0.050555882463019466,0.08455168502107507
S13,stress,3350.907142857143,121.76793791833873,6.406321111431702,26.732058788394998,11.903809485711239,0.8333333333333334,4.019699260706937,0.25093320559658266,3.6230659392205014,4.544134309456315,0.8133604203513222,5,9.549554101508223,7.097030662553123,34.32704758925665,0.07669870134543505,0.2437206464697261,0.9260396476894133,0.024071306518962696,0.027429257552326617,0.03968750989705249,0.060468107266749845
S13,stress,3380.907142857143,118.82604381914992,8.22208159628104,35.80912030398277,12.261087702144957,0.0,4.416591811678099,0.25668255535763235,3.922982587276258,4.917685029555355,0.7757747877524457,6,11.132053245376369,7.851697710929025,34.45897901407878,0.0828191932047292,0.25273656858015797,0.9286134281557552,0.026803893534741777,0.03173189678187227,0.07160713275995555,0.09973800454968022
S13,stress,3410.907142857143,114.55328334124982,7.55729978993922,35.128902290346595,16.031624590570566,0.9090909090909091,4.822661318346676,0.25034051119432643,4.411566962601653,5.389526817203021,0.7311773305680467,8,10.405483524651084,7.9749568190975415,34.54852017793201,0.04019057758960394,0.07693813350183423,0.9286524922258527,0.034810221365230515,0.03736878295301752,0.08750615861678013,0.10323205892544966
S13,stress,3440.907142857143,112.2843466019395,7.368639203587305,36.25993777974983,18.627888145531504,3.8834951456310676,5.204525632788982,0.2367683371033564,4.656679715852137,5.645233540431927,0.7255417074756411,9,11.591323066732901,7.44579720731378,34.56789362589518,0.041241957439723594,0.004633276163926461,0.9293535281131283,0.03443247822345211,0.03612293475181537,0.07693736362859739,0.08211143537539986
S13,stress,3470.907142857143,110.01046718573433,7.061045455178178,36.74773011318481,17.203500981895615,2.0618556701030926,5.6433679820049765,0.36208361546571616,5.068226662611423,6.567938922034689,1.133470868478149,8,12.573281776225521,6.946862037959912,34.5236798647926,0.06312712290220951,-0.14252642629215134,0.9299114602976857,0.027847668325943927,0.030840108869817702,0.06549807545665319,0.0759695332520933
S13,stress,3500.907142857143,106.63758901965616,7.512053327569361,40.87513762761135,15.697579245510951,0.0,5.887532340960397,0.26182251784533206,5.479534741536398,6.567938922034689,0.09915947760000882,9,13.209970382407672,7.672041781102224,34.536216536748974,0.08427320933258421,0.2542371213872169,0.9275580854070644,0.02519797811757085,0.030264726630440088,0.0759903174426487,0.09212515639228852
S13,stress,3530.907142857143,102.21301721757908,6.800480271616483,38.68026164748136,14.882533249362064,1.0,5.898578879396051,0.1512909048627796,5.6547522387526055,6.4469044042987615,0.06854547160995396,6,11.3348086576348,5.043501515547252,34.64898666817801,0.08182507543624631,0.18453238112225398,0.9225911175087943,0.01712687195548852,0.020748405584836028,0.0823458349194073,0.06526631112131609
S13,stress,3560.907142857143,101.7243620971692,6.61475802009014,38.444629700973316,13.8843620740775,0.0,5.825872062790923,0.1648849221423533,5.504886630769389,6.0513570612469305,-0.35668057944936443,1,14.517029592406478,2.4246908336191915,34.62986441766648,0.0874532501415257,-0.2848708510473425,0.9177292331954653,0.007006692615981053,0.009404589808541952,0.02402196964707787,0.03485026694647349
S13,stress,3590.907142857143,116.32031999859849,10.986174498496698,49.77665005150215,9.037170240521107,0.0,5.496457991901879,0.2713979808723642,5.038041711258968,5.963153685785615,-0.9338696265259976,2,15.052518402117279,4.711244088390194,34.479381417410714,0.09877395128460757,-0.3239615185399971,0.9207650901659504,0.012428040932569558,0.017055857978328037,0.06371530934023598,0.06567928777890901
S13,stress,3620.907142857143,122.19604563402338,7.044344325687042,28.35732123516785,12.002692441712412,0.8333333333333334,5.088357585260462,0.21912015426179446,4.691668591641242,5.547810584277862,-0.7443872390350771,3,13.562605957859047,5.498894741675151,34.33738747151693,0.083941205961197,-0.2552746827059977,0.9246474455149645,0.014015520521770481,0.019233546499920977,0.04690113503217688,0.08175127613302233
S13,stress,3650.907142857143,118.57805726106001,6.957275101675282,31.3536152102575,11.713732117564732,0.0,4.770464439921815,0.1601305697942459,4.512223650302032,5.060681423427982,-0.5481498884848905,3,9.837601499063085,7.179337056358767,34.23893745567685,0.046230582877022,-0.12413602561382929,0.9256184999669336,0.02017484497021544,0.025063134897178384,0.03850355219036517,0.08141324868611677
S13,stress,3680.907142857143,113.56758158940046,9.02386859976302,44.14378341350116,14.966509671647355,1.098901098901099,4.5540131927830085,0.10080414521538433,4.387924032766896,4.780335385824486,-0.3394268447418031,2,10.896072225393038,7.35901143343032,34.206006458827424,0.030685737115182368,-0.007440242110578961,0.9264740716549208,0.01990514489761158,0.024851970378453183,0.03196359628670053,0.06364336433332123
S13,stress,3710.907142857143,104.94384700830979,8.349902799996453,45.55414883230909,22.128421197740675,4.2105263157894735,4.398114093684676,0.08726857291168734,4.267912684903187,4.561571123169769,-0.29894753254437034,0,11.754229741763133,4.547910504662778,34.2192538902646,0.029496618434882736,0.0460196903244245,0.9273964716102759,0.010511710287587739,0.015223295229761395,0.013917106264376328,0.03850849176028056
S13,stress,3740.907142857143,100.56341389252138,6.069031774210303,38.021792132341396,21.61771681450446,5.208333333333334,4.274719144912532,0.05420108769900998,4.186903070400719,4.387917126793678,-0.1856564478760994,0,10.396611474778593,5.328108048494223,34.24026129368373,0.02902889996183289,0.041457761421250496,0.9275875809254976,0.009565624769553062,0.014331192516929266,0.015904178431182373,0.04122988424179225
S13,stress,3770.907142857143,100.37853197217974,8.24249219462115,50.242996544932105,21.91870538016393,5.263157894736842,4.189263227102899,0.04703131245338948,4.107283639074399,4.280072399403326,-0.14407033351346674,1,10.23197899466746,6.255059094181989,34.25590683056059,0.02923142384241647,0.03737608364533347,0.9272334017798318,0.023151245348106288,0.026680328291727076,0.036454626463435634,0.09592221529460807
S13,stress,3800.907142857143,101.84109182725366,8.529614860580331,50.785552928556136,22.12569739603186,1.1111111111111112,4.165246291638519,0.027783637455851194,4.107283639074399,4.22907355585302,0.02778532792416154,2,12.218343383052996,5.0088092295746955,34.27126944042387,0.03016845896810511,0.04158318421000216,0.9247502870437941,0.023459713776954286,0.02610644487934306,0.04434233675097624,0.09153590027437816
S13,stress,3830.907142857143,98.58763174381379,7.266168963746937,45.47116753127315,27.08142733147775,4.597701149425287,4.165446242842624,0.02220404804359608,4.132858201351004,4.2232210255593605,-0.0459252796595597,1,12.575877181043634,6.0748004760831344,34.28641351027716,0.028779069771735645,0.026084056451606025,0.9226984695471784,0.019434513213823775,0.02159304204614326,0.017031469599295405,0.043304256039059796
S13,stress,3860.907142857143,96.47133547979683,6.860258968384922,45.85511886040171,29.20527085655925,10.0,4.142094701897625,0.018790375759460888,4.080063051446755,4.199876961148143,-0.02884631674133032,2,11.86897880539499,7.029803595306439,34.315430673508416,0.036135882924423025,0.07422844211348671,0.9243671989763792,0.023035596259009132,0.028903427702216013,0.02468686780788753,0.11905024569406827
S14,baseline,26.195714285714285,71.87234020777849,4.687199786159043,52.860784682359345,42.623854857526105,28.57142857142857,2.8128225933599067,0.016350172258319376,2.7856586491037976,2.899581939967944,-0.04896848738600316,1,17.03439325113563,4.3998564412512176,32.96836946977888,0.06623961248778865,0.22095697339143092,0.941243654672158,0.012292094712004042,0.03553743530217737,0.036408440549200206,0.0644389243305611
S14,baseline,56.19571428571429,68.99953152904466,3.516267045148921,43.149644442912255,41.508635230030904,28.35820895522388,2.792232603743731,0.01157611547163566,2.7751519306346952,2.816217367654209,-0.03854022999161555,0,17.10141239343428,2.427789467221275,33.06753563799177,0.05369080057923546,0.17481932562904612,0.9409142562070649,0.004500726815117591,0.005742050593396611,0.004472483980785744,0.008733171396200142
S14,baseline,86.19571428571429,69.78525995598457,4.356000021527557,50.49558288910801,36.72232851773844,17.647058823529413,2.7802976755637845,0.005470666315050819,2.7693284834761633,2.7949994159028706,-0.007903663922549643,0,16.535867083125545,3.1731564490454556,33.15020355805897,0.048862884440433546,0.1566173298090585,0.9398916914520518,0.0061755966633526985,0.01953525793082615,0.014331171310682402,0.029453788826421204
S14,baseline,116.19571428571429,69.99549606955406,5.57535677122602,64.85969652067652,33.67216590408017,10.76923076923077,2.783223613952972,0.0071559653998650215,2.7693284834761633,2.796482981289573,0.019498839020596886,0,13.922533595124563,3.488110952384134,33.22043883914039,0.040919292992771715,0.12535982395284803,0.9399016265627747,0.007927866156767225,0.023989194406501383,0.01611334187299649,0.03454030374773941
S14,baseline,146.19571428571427,73.17899485118325,7.175724897725012,79.13559449262885,34.71351463329231,10.144927536231885,2.7889636017417,0.0032865064162726676,2.7825322732261872,2.796588147757077,0.00223577124655641,0,14.222824246528953,3.229173525550036,33.273036472138905,0.031769696117337924,0.08655881916406669,0.9404804683368941,0.007620707713433523,0.018776496080836792,0.011269790181183088,0.024601829156124622
S14,baseline,176.19571428571427,73.36547250794085,5.529313218580466,60.441572263818124,32.722583362478325,8.450704225352112,2.7926138237728773,0.0048533714468632395,2.7831441922145306,2.8044101941767003,0.012381665285148813,0,13.416030026352916,3.121242121678672,33.3111862008231,0.027907927327998145,0.06855701876531273,0.9404301343948247,0.005956007960496211,0.014014590907397153,0.00901626142367149,0.018099341606310725
S14,baseline,206.19571428571427,70.7477940778091,3.238618000851033,39.213458212265415,28.284801784788986,5.88235294117647,2.7945954028472113,0.0031470134289051854,2.7895779666885008,2.8044101941767003,-0.0038458067559873177,0,12.923739678957897,2.7234839574810072,33.34774940418062,0.030148843618961002,0.07855112521730126,0.9408451394643962,0.005043396748797003,0.007051664110804157,0.005223095889859192,0.009711508779828097
S14,baseline,236.19571428571427,72.08507460809068,2.68994065506725,31.428416851563792,26.850194498483873,4.285714285714286,2.7918236587409546,0.002183372304831413,2.787412822128609,2.797947204812551,-0.004253294274494225,0,15.208066402985905,2.4753266531471407,33.3810615881057,0.02542278028546841,0.0541950529687354,0.9412160231621923,0.004892285132604516,0.006813431508263223,0.0039539048418468755,0.00947138419826206
S14,baseline,266.1957142857143,72.32061180926877,2.5930695175333023,30.03210677994008,31.120679530698368,11.267605633802818,2.7910758340199524,0.0026878374933917695,2.785960148216232,2.798194724242163,0.003156168880626051,0,17.718880285884456,2.4060534232052824,33.41150781395322,0.02837753932546158,0.06843592578522276,0.9412160078892746,0.004977194225295799,0.010620275611084508,0.004595193272507105,0.014338487231739822
S14,baseline,296.1957142857143,71.11592415230454,3.3514091981304857,39.517160797570476,33.798732713484426,14.492753623188406,2.798793824302936,0.008770147066273193,2.785960148216232,2.817232996194172,0.028916973291155532,0,18.048505358150027,2.434080007126871,33.45438934326172,0.03643425531890775,0.10345519386650624,0.9402450806874473,0.005024061645678753,0.014792510262121679,0.00559055778560722,0.01907452188094727
S14,baseline,326.1957142857143,73.99623916087866,6.004589621296929,62.88043387131483,31.79410623286776,11.267605633802818,2.8057700144295765,0.006094424661100738,2.7932526997111586,2.817232996194172,8.98062115593022e-05,0,16.452225268930604,2.820424320736176,33.503874027070545,0.03462372608429971,0.09310385537534167,0.9400037839358887,0.005513102778062084,0.008346386802248607,0.007777854441408395,0.012355906211304397
S14,baseline,356.1957142857143,75.02090529242211,5.615676778864196,57.87767133038376,29.347102858441634,9.58904109589041,2.803021448207725,0.005240217551879653,2.7932526997111586,2.8169976126609386,-0.01121309053290712,0,13.415672913117549,2.8072044798523157,33.53263769385928,0.022325979896921762,0.02282312240487966,0.940953015389538,0.005685008670839343,0.008371350721607275,0.00692468734621926,0.012611578871092684
S14,baseline,386.1957142857143,72.41307414472385,3.299464296944265,36.994215701274115,27.65257172546652,4.285714285714286,2.798007213148516,0.003371751970458226,2.791501812167141,2.80866804899954,-0.006559388534973425,0,17.969355830681604,2.118540446829063,33.54475167338053,0.022895153269569115,0.02881019315563892,0.9414165342000581,0.00482739642534848,0.0057165386770223715,0.0035282731239907284,0.00982762473813988
S14,baseline,416.1957142857143,72.35908388970685,2.225866654193179,25.447795764503,27.626216142255224,4.225352112676056,2.7977891609700474,0.003046086416786608,2.791501812167141,2.8052257327202073,0.0076588239712316805,0,19.247415856204487,1.9252671710486335,33.56614050946917,0.02684501642241117,0.0569803590043132,0.9415029286436988,0.004745532918220319,0.006087469174638324,0.0033714669933751214,0.009954858899754455
S14,baseline,446.1957142857143,75.54616977700162,5.6573576327978365,57.29896239606177,27.153154911321902,5.47945205479452,2.8060033792387546,0.009158615699575394,2.7936155920151102,2.830621094453769,0.022239937553020044,0,17.41428904610122,3.028815289358657,33.59059552219936,0.02460901825124547,0.04130855735636784,0.9407186817317772,0.007229086527731211,0.012708814042511599,0.009130078853220524,0.01755964917884864
S14,baseline,476.1957142857143,75.35686447737194,6.261786710035949,65.86730004295826,30.40312506927856,8.21917808219178,2.8164048320685544,0.008325277771819916,2.7936155920151102,2.830621094453769,0.017626273692443045,0,13.513875854672207,3.319906281827479,33.61227226911272,0.02468636377237497,0.040998126995539313,0.9390840219221848,0.007793353196812539,0.012590455976751382,0.010747914499459235,0.01734648933236972
S14,baseline,506.1957142857143,74.83540934118794,4.761463450910424,51.79152435678865,29.584769672744127,10.95890410958904,2.818594266809528,0.0036322580777486692,2.8093106714572973,2.827063401803343,-0.007602988886140021,0,13.43068805628098,2.7231493914507467,33.62560419936407,0.02174796319045971,0.007744619668757107,0.9383931264932472,0.006293083637977658,0.006430813845044252,0.009926585386150185,0.009988557964027518
S14,baseline,536.1957142857143,74.89848328152473,4.235249411410179,43.77161005539867,28.999725254885096,10.95890410958904,2.812474959821098,0.004652978993077326,2.8049394046681098,2.8219443974961336,-0.014226777128068746,0,15.638297872340422,2.622489696466253,33.62850503830683,0.021722295513529773,0.005720913873575882,0.9386748083983446,0.006097983778426071,0.0066386564113464,0.009428650262729342,0.010331895348069985
S14,baseline,566.1957142857143,72.43404853826982,2.8020564790012807,31.51040338778853,29.14775869144477,15.714285714285714,2.809838424704575,0.002898536137448326,2.8049394046681098,2.8234328246658102,0.0016364435500264755,0,12.870275791624106,3.083516632193236,33.64158496166411,0.026061490673956706,0.048838394606430836,0.939748473649844,0.006781884639048726,0.011389397533043352,0.00816481271740757,0.016157676096538773
S14,baseline,596.1957142857143,72.46135270400451,3.0718497826261184,34.70078944702242,31.679885737638873,17.142857142857142,2.809805014707158,0.003349871075076762,2.80305482684127,2.8234328246658102,-0.007254080520709949,0,13.943866996960951,2.9515095548511447,33.67463383847191,0.032649436946481696,0.08374972107493335,0.9410272891454281,0.00619061086236946,0.008442004012302507,0.006973913501115963,0.012409242181712203
S14,baseline,626.1957142857143,71.04515231967699,3.419497998879117,40.2779855291206,34.33398947808452,14.492753623188406,2.805858223657392,0.00397104347534129,2.7983012713317272,2.8191716200876855,-0.010565080259178518,0,17.59715093746727,2.1238707908633065,33.71744812011719,0.033546420066340614,0.08724285101411437,0.9412525662188043,0.004395644783589406,0.0049706443051947494,0.004648634634748322,0.008306313365818772
S14,baseline,656.1957142857143,69.69531009226648,3.2103894206142822,38.72098376922628,36.09793933855221,16.176470588235293,2.7996189134986795,0.004288765183692905,2.7915842044236405,2.810725556068845,-0.012414152245834774,0,17.850892544627232,2.0200693542646855,33.75553089178176,0.02952338759770646,0.06583742003471407,0.9411579270605142,0.004210396800916531,0.004344420599260424,0.003896760557425928,0.007642746664012008
S14,baseline,686.1957142857143,70.49776558118526,3.203376957869206,38.48250737145822,34.80583740778978,15.942028985507244,2.7946354817331356,0.0026356233062707303,2.787561939706291,2.8004804826320973,-0.0066274284079520605,0,18.5722006583796,2.069478992912136,33.784264202299575,0.026860363094090126,0.04928458615568021,0.9409007480319671,0.004312015114180912,0.005124283295257102,0.003976484178129311,0.008466222486182654
S14,baseline,716.1957142857143,72.19952361680454,3.213334305298305,37.03042073271043,32.881091538420954,10.0,2.791754252486449,0.00253483292545394,2.786572376895133,2.7999685194790196,-0.005592223262282492,0,17.305760861167627,2.312294748661411,33.80575397164481,0.025505574518844797,0.03703904813006488,0.9405479732498314,0.004613073982694229,0.004711505593190994,0.004626233237923116,0.008277676166347161
S14,baseline,746.1957142857143,74.90521860930886,4.877291971108912,49.25891407302113,32.17062292825299,8.333333333333332,2.7996781721860042,0.018573046209152917,2.786572376895133,2.8594757992032624,0.04187684873504066,1,15.619189289698772,4.759831920224692,33.816731974283854,0.02341144013589782,0.005581766942138966,0.9386422022650368,0.009566566006360968,0.05289683691033759,0.018284244178822212,0.15505859114749948
S14,baseline,776.1957142857143,75.14639508396918,6.085292481927487,61.284628243166466,35.57646878479279,15.714285714285714,2.80649537897553,0.01628546939073716,2.7900525598468793,2.8594757992032624,0.004496542899329928,1,12.106600980058175,4.913005350063425,33.79451587713332,0.035259999297338834,-0.08941938259437426,0.9376479357114932,0.009292728515425019,0.04926215122753645,0.019554787042684513,0.14855523121060837
S14,baseline,806.1957142857143,72.13043156590705,4.004698905889287,44.15138340474455,36.39354057959141,16.666666666666664,2.804004335773723,0.0020666781667116356,2.7995435239535205,2.81019590166203,-0.0014704221518662209,0,15.821195379206431,2.6887673238944765,33.757341012137275,0.028629842095650893,-0.054056231358186,0.9383951499591958,0.004377119058142361,0.005311628148627677,0.005803851798525457,0.00904856092260118
S14,baseline,836.1957142857143,73.54877110691999,3.49508373978673,39.08836413832549,31.6286843007261,9.859154929577464,2.8011025779075647,0.0038785778304222538,2.792855737948113,2.8077016366765677,-0.010837503411001054,0,18.499326355062703,2.6475765201869588,33.738470283145,0.02367953462623617,-0.023714621250779833,0.9380222752306727,0.005203931210638908,0.005822625779445186,0.006922156962139007,0.00966669962504933
S14,baseline,866.1957142857143,79.88943841644824,6.481383472539117,59.31895835764826,25.39329569488839,5.128205128205128,2.81374999536635,0.01861539130277068,2.792855737948113,2.8553445374103563,0.05442795673339013,0,16.44951565315021,3.513840202890739,33.73683442615327,0.02458245854326251,0.0169660279693896,0.9383277345471099,0.009054771611692814,0.0326304712375146,0.03284743170233689,0.04176261719837557
S14,baseline,896.1957142857143,79.36040957766173,7.1151290055819905,67.23304275328059,29.830335676683575,12.987012987012985,2.825670224764272,0.011165568148874467,2.8033567787705183,2.87484314036979,-0.002650772370018663,0,11.829774158856967,3.3818569101654012,33.75982921781994,0.031087556636814527,0.0739907309039589,0.9398719225674905,0.009601134761372115,0.015894281001608602,0.018505430080047312,0.023393646734059165
S14,baseline,926.1957142857143,76.53372595562502,4.660896916581354,48.20498934480151,31.869493943834016,17.56756756756757,2.8336822381269946,0.019403565241723927,2.8176273450128715,2.8966407797836835,0.017736403906661036,1,15.462778882261984,3.133493571039399,33.78539254978725,0.024543518176085678,0.02670156061346932,0.9404467517292388,0.012048616701103734,0.06002265143767793,0.028772963700510332,0.12831577639521083
S14,baseline,956.1957142857143,77.3729410055735,4.707027349196212,47.461925851810726,31.743872942471203,14.666666666666666,2.832817001577641,0.019680616917450204,2.8155904694623457,2.8966407797836835,-0.05379468239318782,0,17.200337863779467,3.2163651363697925,33.80012471807571,0.0254429877392579,0.03164124191633066,0.9410770151041387,0.011575996180409878,0.06071872142907669,0.027643539406803468,0.1295664246113
S14,baseline,986.1957142857143,74.23268441351063,4.262384477739952,44.20451257668803,35.40180760723118,16.666666666666664,2.820425077573167,0.002102914556498216,2.8155904694623457,2.8262466689123285,0.0013089669556610472,0,18.557896771699205,2.6831821580860087,33.82282450866699,0.028852965476381717,0.05905802765413379,0.9423749222453537,0.005251960035098499,0.005357973168050768,0.00693913980076665,0.007909551807133772
S14,baseline,1016.1957142857143,72.93294471780207,2.66729947460241,29.45598728738913,33.636543726604884,14.084507042253522,2.817416924260644,0.004132925232800938,2.8052797639709954,2.8252073182129736,-0.012040434197655998,0,18.51851851851852,2.5455234070086945,33.84843045043945,0.02669087000736435,0.04406520541312066,0.9426380047584545,0.004867005490792479,0.0048058424733568045,0.00563934629626484,0.007416670453392713
S14,baseline,1046.1957142857143,74.73287595740442,3.369526767135568,36.45967455649901,33.23284171881007,13.88888888888889,2.8138560050760804,0.006530483874246269,2.8031364294921737,2.8309403706426703,0.0030165584461208242,0,18.353812143334537,2.581822247723372,33.86911211722238,0.026318997808289123,0.03885127753297155,0.9423737535414075,0.004882086618165545,0.006639209633658587,0.0063609878402388935,0.009556326495878375
S14,baseline,1076.1957142857143,74.88739079985584,4.025737907454921,43.585532085304784,34.15940689422285,13.88888888888889,2.8212349399937064,0.009958382254737039,2.8031364294921737,2.8349316872213017,0.028388003439429536,0,16.759358555502903,2.9094432452308863,33.88842517671131,0.02664117392049111,0.039276681792507644,0.9420628621198847,0.004886203791396645,0.005814112842762057,0.00731207464080422,0.00894728074849386
S14,baseline,1106.1957142857143,75.38847537329656,4.9323827941212,50.62288118798892,33.28162932495934,13.513513513513514,2.8294153973029545,0.005256233543301859,2.8221302374408372,2.851010369908368,0.0046066062073316,0,15.641561864382503,3.8934335721881355,33.90872590927851,0.02710013539418062,0.04166610424172423,0.9419588440542449,0.006006883010344902,0.012079177494639612,0.013643038511155454,0.016687627697832996
S14,baseline,1136.1957142857143,73.96050138233738,5.875493393840226,62.04591914168536,40.16708420630133,19.718309859154928,2.8413075387296245,0.013091346822708768,2.8221302374408372,2.8597912119672313,0.0373279405784217,0,14.806234734218016,3.758959034621542,33.925971401396254,0.025360858599487206,0.027409371989063677,0.9416275636695387,0.005848662360849083,0.011884295170227686,0.013296228492700514,0.016300591472809732
S14,stress,1904.1957142857143,141.3954312919495,7.717257714160082,23.5037437091737,5.063102033567937,0.0,3.0311077509410262,0.00784564779854312,3.0108950111207604,3.0521864092941526,-0.017223642055938453,0,16.28718630546784,5.443024914429257,33.9876559920538,0.028325010211664673,-0.052544183392500214,0.925252521772049,0.02875867087132894,0.038802019592369466,0.03567168608152222,0.09276842655112379
S14,stress,1934.1957142857143,131.0919593233093,6.688033595222671,24.347891664846987,7.522575841214347,0.0,3.012761095456226,0.017970844852601073,2.9872953050720796,3.0521864092941526,-0.058958775660364275,0,15.790745763622205,5.751125708623454,33.97399310012091,0.024292865976498206,-0.003522796264056846,0.9231860780078333,0.02582597280114503,0.03104401812457758,0.03309266362067134,0.07353904871099508
S14,stress,1964.1957142857143,126.08772758650915,6.392288361575037,24.912683653987838,10.867266764401055,0.0,2.9906171252955485,0.008030792184337181,2.9791079865246326,3.0147681858554387,-0.021845839395599934,0,13.253392237298831,5.267027005123592,33.97701995994931,0.02420273090076753,0.01227248457321381,0.9232454507424218,0.023326553913432746,0.02505325338125379,0.025418844686727754,0.03890730741841193
S14,stress,1994.1957142857143,131.85299662457626,7.794183969720682,28.011677629051096,7.60734645698604,0.0,2.9830257846714194,0.004688661599177995,2.972477172067677,2.998012722619963,-0.004467824734891485,0,12.24230218877524,5.6628709725785855,33.99017541213263,0.02714244420925644,0.0393293458160075,0.9209494034197843,0.025368677241231662,0.027928756734532503,0.03840497297410486,0.0508116693359133
S14,stress,2024.1957142857143,135.61474775513503,5.362148285882682,18.33681376676564,5.415988109360195,0.0,2.973741915417088,0.012294273323833657,2.947412892009942,2.998012722619963,-0.03434297471771481,0,11.883632996373176,5.835109669465526,34.0144302687872,0.029576094517716374,0.05905602856167765,0.918606748656253,0.025224500177921726,0.028967235738169065,0.04954212765723305,0.051815194316664336
S14,stress,2054.195714285714,135.0511268650794,5.7872668962925236,19.66851281125749,5.646754558291295,0.0,2.9588902060497717,0.01327764984944247,2.9409555633712774,2.98807329356188,-0.025686569516824152,0,13.367609254498712,5.601314929593895,34.04242252240862,0.028883536579656158,0.054114213306801745,0.9205484758234914,0.02466562419041412,0.0274256416398042,0.04624102401251615,0.05730066104102069
S14,stress,2084.195714285714,137.01172230482214,5.047182124121907,16.057059540158495,9.030058145625565,0.7407407407407408,2.9540805987183565,0.009073396943502796,2.9409555633712774,2.98807329356188,0.007673780012839063,0,14.479302023389643,5.1325302181411,34.071618815104166,0.030518169419293383,0.062419558935619436,0.9240064206005586,0.021080643947244834,0.024785154938753926,0.02459059651739964,0.053020045483760915
S14,stress,2114.195714285714,132.4965154184716,6.046430452550057,21.149849036228844,6.344381561195268,0.0,2.958181478690888,0.01014954818872967,2.9421810252292757,2.9830437730048898,0.01051227353168023,0,12.968057036995452,5.425159283378897,34.09409485880534,0.026546839352604323,0.02905563600039164,0.9230421044027282,0.016847853686952487,0.02376222888201483,0.024737569460612063,0.06651068204904573
S14,stress,2144.195714285714,126.25885464163784,5.264530252292494,20.73551257778897,8.531653746270917,0.0,2.964155479926728,0.010100487854311616,2.9421810252292757,2.9830437730048898,0.019677867619476902,0,12.995719663761538,6.20011373856817,34.10427106076195,0.02509156031144556,0.014898914925604231,0.9188789550624744,0.020254135542163237,0.026039524433720058,0.04518950895869746,0.06490057945127528
S14,stress,2174.195714285714,122.24834629281395,6.143053129494416,24.871010934579832,13.81621996499103,1.7543859649122806,2.9674922913392727,0.010132936113685338,2.937698158951293,2.987940780312236,-0.010775457666444383,0,13.202357563850688,5.804541106939065,34.11525510442824,0.026200444010598036,0.030239882484972412,0.918907039890903,0.017977158205486204,0.024958345651865027,0.04160793404696682,0.0644587880680128
S14,stress,2204.195714285714,127.17457019612397,9.824595163365071,34.842583282565315,6.791351042288409,0.0,2.980692496545918,0.02876591878208475,2.937698158951293,3.0990037078209083,0.04607365776561058,3,15.64828614008942,6.865813980199333,34.13756164405459,0.030174748032109185,0.05786944074656769,0.9245741565649791,0.02905951838716928,0.04614007279200389,0.059783746341144466,0.22148804927613192
S14,stress,2234.195714285714,137.70103118532273,7.62782503741085,25.594088212079683,4.7506870672613655,0.0,2.984687821600426,0.02623657353925781,2.951144799876295,3.0990037078209083,-0.023243904300477822,3,19.621583742116325,6.9090371574811105,34.15972460428873,0.02733467117172202,0.033552280183208376,0.928404094070476,0.030267809592172464,0.06932484309257922,0.05868375699213,0.25771303170181836
S14,stress,2264.195714285714,139.04720890184504,4.452620848247716,14.40326120276979,5.499064914473412,0.0,2.9663147181279874,0.013129523887926218,2.9428985262662155,2.9959593235278983,-0.02544334311582226,0,14.832925835370824,5.277254547184943,34.182620471772694,0.03116754422799939,0.06049676209170595,0.9279064772318297,0.01692934637415847,0.07305226294491747,0.03989121299766702,0.16764542399651616
S14,stress,2294.195714285714,130.1020614432932,7.189786637189055,25.672212069239905,7.925631503449278,0.0,2.9500791192309617,0.01262181380630857,2.927464806817702,2.9865162186195335,-0.026639070921342472,0,15.744095964013493,4.293107485617085,34.20422596595401,0.02745293166633809,0.02938723973553913,0.9281919838778494,0.01678966742222601,0.05728627198644272,0.040016986036636455,0.13540681292357437
S14,stress,2324.195714285714,124.64700535659301,5.535981397972294,21.825409738829435,10.50255367273033,0.8130081300813009,2.935418658612932,0.0098639927174422,2.9227723941412247,2.9649750712249965,-0.02845671658175093,0,18.49309746432179,3.0824655638696568,34.22039725385393,0.02845386556853707,0.03991115877546257,0.9297204864292585,0.015226846564594526,0.012327240453153617,0.011040087006744921,0.031532255590979955
S14,stress,2354.195714285714,125.46364316411159,5.354345416224579,20.99312540537293,9.324626020807115,0.8064516129032258,2.9260909914929294,0.0059432630821067214,2.9128754131693233,2.957559939227947,-0.008363646824563664,0,19.319749979706142,3.755967917786085,34.246498143513996,0.03194971159654014,0.062413625281560456,0.9291095041018778,0.015009564883093386,0.025200418849145284,0.015426699736549107,0.06302670957764282
S14,stress,2384.195714285714,125.0821699271053,5.35361872648207,21.483010005053707,9.845749108635877,0.0,2.9365454789741765,0.015641475886669535,2.9128754131693233,2.976994273594908,0.034419973814055024,0,16.58213624077505,5.593265664857638,34.273619181315105,0.03011444374341258,0.04600788296532226,0.9316701539190785,0.01723011043194404,0.04091500330050098,0.018005815020341147,0.08112810886244998
S14,stress,2414.195714285714,120.27719414679073,6.556882449083788,27.804911878302526,12.485306359440527,0.8695652173913043,2.9429639375174537,0.010060127909935811,2.930220700961238,2.976994273594908,-0.02539732257715865,0,16.779026217228463,5.049914055956373,34.298344929286415,0.031104700499340734,0.054202803103045774,0.9340984616423451,0.015526847236921822,0.02215842796175836,0.0138116791105988,0.03868566064682854
S14,stress,2444.195714285714,115.4379669417443,5.8511775503167955,28.345648551920966,15.714285714285712,2.631578947368421,2.9345955981726024,0.003495389847660369,2.9284709998687637,2.9443661391183995,-0.007120441878522519,0,17.45532268598231,3.184557650796252,34.323381482078915,0.029755635988910237,0.045632287032255164,0.9335558707824975,0.01157772793724633,0.009751060787671588,0.008820330921251843,0.022711846928540676
S14,stress,2474.195714285714,111.47478602222904,6.127306880376517,31.131235330141745,17.675951499674724,1.9047619047619049,2.939542234842133,0.014750330779270725,2.911241562229164,3.0060248989736755,0.029547260630406188,1,15.041440703980353,4.1981818151987955,34.34034395635695,0.02746371603552046,0.020285396155908457,0.934425925382085,0.017127808941710843,0.03163957298577924,0.023078471698667967,0.05870204198819377
S14,stress,2504.195714285714,107.75692010410924,6.86490628016025,36.90561716639214,17.86625617792812,0.9523809523809524,2.949573610655383,0.013967100748928735,2.911241562229164,3.0060248989736755,0.022152779136051962,1,16.018713926110504,3.747704595634248,34.344250520978655,0.026844225376535715,-0.007151283021201188,0.9364021181573364,0.01732751286185793,0.03303496028157004,0.0212437279513113,0.06116699914110615
S14,amusement,4310.194285714286,84.19711278927139,4.655616466194089,39.340789893491014,21.32086754174659,3.6585365853658534,2.928237894297843,0.012015809917139058,2.9048020149518203,2.9437585250172282,0.03754838747843579,0,20.952581000892717,3.975335219892017,34.22241169956752,0.03628668318130271,0.0852614820403429,0.9154656376309909,0.003925278290005655,0.005123767630516419,0.011210355648959072,0.01735589156143454
S14,amusement,4340.194285714286,85.45017099414638,5.40959851431825,45.76763809952941,19.518421377032247,3.614457831325301,2.953890964964713,0.020219621481034667,2.9323227411703034,3.0158558276690477,0.059327028745908186,0,18.522842244532647,5.418982021258255,34.24614143734887,0.02699596231374964,0.006077097577979768,0.9157199057942415,0.008102727086468675,0.009788445273606871,0.016823278329258624,0.031743918802945165
S14,amusement,4370.194285714286,83.78507783546925,6.862491375128605,60.3903219035643,25.687817065259388,7.4074074074074066,2.977394332384404,0.014861297075470969,2.9323350035784137,3.0158558276690477,0.036841119380971864,0,12.76725098794204,6.080721809486318,34.241855514526364,0.027332271142393554,-0.020392000855074966,0.9158527843231518,0.008255099150312166,0.009775679732820631,0.0170522201369392,0.03172899236670936
S14,amusement,4400.194285714286,81.00961836252216,6.3240887598383475,56.81284167854867,27.321199575917497,6.329113924050633,2.989157917439525,0.006233585751751735,2.97896032879509,3.0106695264767813,0.017070268892389336,0,15.818017475143117,5.043460083610599,34.23306062607538,0.027197471654677386,-0.013787922518307993,0.9157143743404851,0.008185493830091036,0.009368732000764296,0.021511364886511772,0.02138533104915813
S14,amusement,4430.194285714286,81.78909048838757,6.078101912136784,53.208281061028345,25.25816073161908,5.063291139240507,3.0017723855957645,0.00999082585254267,2.985014361144573,3.0187933388646213,0.03100750585160286,0,20.37221413801026,4.329971129671113,34.20861691647484,0.035490929378210856,-0.08359815627543409,0.9171092346162041,0.008311524681528331,0.009641861154877496,0.023757629692026976,0.02685310569937206
S14,amusement,4460.194285714286,81.94976276751578,4.993387139736846,43.00862736778778,19.854807517454145,2.5316455696202533,3.0131214969791635,0.004881771784331889,3.003221055146466,3.0262321262912066,0.01249957300266911,0,20.785580329235255,3.6762210912524957,34.17421256946382,0.030053569456083926,-0.05254013195305944,0.9182398144313426,0.0038722425903073452,0.005074825577383104,0.009035593233784342,0.015475919549678373
S14,amusement,4490.194285714286,82.05029258196127,4.272479641278793,36.56428780690303,17.285861864777328,1.25,3.0182475069563077,0.004696052131059197,3.008890489414324,3.0286859190840385,0.011745945364423773,0,21.59716151591505,3.6821568798432227,34.15453598531087,0.026725695530222644,-0.028392184204866236,0.9179252743423131,0.0036054572969269425,0.004506796528511507,0.007025296062607383,0.01405009692963139
S14,amusement,4520.194285714286,84.60359667548235,5.072937133351703,41.42612785036865,17.42030220576701,1.2048192771084338,3.026515733735442,0.007627940869790196,3.009704168551865,3.0434593086213537,0.024086168573424542,0,20.425531914893618,3.603670574449582,34.14178480311802,0.026181067385258768,-0.023412403421554245,0.9174730867139764,0.003575008393019815,0.003961718793836097,0.005869236132966297,0.01341484276485062
S14,amusement,4550.194285714286,84.44958164238092,4.929598492682346,41.07930043602178,19.55261182473433,2.4390243902439024,3.032892991004366,0.004565448252115377,3.0230746584182944,3.0434593086213537,0.00491702611547138,0,20.333800484138106,3.6662360997560324,34.1332594669887,0.025550106610004186,-0.010771081371832388,0.9172944309232087,0.0036445260980743684,0.0041618438360896655,0.004978760693262726,0.01387276074690226
S14,amusement,4580.194285714286,82.48506749800151,3.8988295186339896,34.43078301274808,15.924727274760794,0.0,3.0386889965789075,0.007079128993262526,3.0265147020505263,3.0583179527381668,0.019199866764367624,0,20.91085372884021,3.8080328024854393,34.131633799235026,0.025348562704394707,0.003976334775587823,0.9173457283272326,0.0035870660726972773,0.005053937203598706,0.006637296945769528,0.016378008882248274
S14,amusement,4610.194285714286,85.37923366779582,6.94914609180708,54.65900098043074,18.949515071723063,2.4390243902439024,3.054706422429912,0.012730227959088111,3.0319913682412087,3.0766531883583434,0.03809375620206537,0,17.12450945415626,5.600735438129367,34.1335938306536,0.025572509325262727,0.007115494463088243,0.9171635405067419,0.01125549737631529,0.013170707478596715,0.020217527897226337,0.02893535947895727
S15,baseline,110.23,82.12682946028234,5.526973220916923,46.88625531950594,24.876736940690726,2.5,1.4440983530155804,0.011401787841433529,1.4218720858417584,1.4642257115128443,0.039083023870926895,0,15.747577295800646,4.401198421217676,33.5531315452939,0.028139587345477012,0.06651841246353574,0.9149263193280418,0.00781962286779621,0.008007638308608926,0.027933439522436293,0.02244068234899547
S15,baseline,140.23,82.0413895289657,6.758249227697302,60.58460678325504,28.523015040140983,10.126582278481013,1.4636865438037157,0.011164777647529586,1.4443903469510084,1.4829593066820868,0.03837867841946176,0,15.863594668968865,4.142849927831714,33.582616007486976,0.02496063064546297,0.0500014563473739,0.9162348977457601,0.008156723935401207,0.00843308079900433,0.02654763949321066,0.02144651578477924
S15,baseline,170.23,81.62884669782208,6.450378128824126,58.35898882242653,29.005854801542817,12.82051282051282,1.4810171832714383,0.009132915660364924,1.4633503403690238,1.49681491753132,0.031107584299417308,0,17.32315941431223,3.597220121023854,33.60825173005603,0.02517522687791864,0.049481352563556756,0.9156784505983284,0.008586147158431704,0.009778539931051978,0.03435528635504454,0.033614534184052386
S15,baseline,200.23,82.9450000183918,7.262929628579811,63.0676130000479,43.01066454035533,9.45945945945946,1.4985980072282705,0.01122558409077245,1.4797662781104914,1.5178508157957018,0.03827792079695244,0,11.019283746556471,4.591124498010734,33.640039541335334,0.029721350241941533,0.0702445630151861,0.9147693429297303,0.008498881304566283,0.009961898458490744,0.03966570186001902,0.03610626737700183
S15,baseline,230.23,84.4557756064725,6.466838546157791,54.42306512950496,29.972776763903205,4.0,1.5184808505655123,0.011205292472613142,1.4968277179052203,1.537274433416373,0.03852607930379589,0,12.783766645529488,4.097989606075054,33.67225787353516,0.02770046544659072,0.06075308453250202,0.9156760585476439,0.007807263318790365,0.008728187903502145,0.03372755922322225,0.028513892028287236
S15,baseline,260.23,86.03645016375496,6.4444248896392216,50.13458620783767,18.23068850708444,2.4096385542168677,1.5376742418426688,0.011292880725481798,1.5170357285036635,1.5582386382713442,0.03875240779159352,0,14.855237229043505,3.60465131264949,33.68910062299456,0.022436534139796797,0.01577098859138516,0.9187255407177233,0.008506104045859806,0.01134312172512479,0.03244192733766381,0.044367402121598135
S15,baseline,290.23,82.45064695018989,7.032305352708043,60.454191258325935,23.52626808952036,3.896103896103896,1.5575575792967389,0.01217884586900486,1.5345295074033323,1.5761908648811604,0.04183965957404754,0,13.258622050351196,3.869487036146523,33.704757031395324,0.025094995001686406,0.04014114094333416,0.9204776167082989,0.006340091088846339,0.009255065119753315,0.04382362043872807,0.039850830302332774
S15,baseline,320.23,81.64852867934455,5.357109727070865,48.33265562215464,23.633405288234574,3.79746835443038,1.574973637665676,0.008627021319147173,1.5577424210619173,1.5912093600414157,0.02950815998124603,0,16.4032598224282,3.1670991105056614,33.713267881847564,0.022183559084604378,-0.015907384846831997,0.9186296817058521,0.0068624316806246075,0.008868611789545415,0.04440333934167106,0.035703985626910566
S15,baseline,350.23,84.51611290519313,4.81561502801202,41.60774064561369,22.489125935144504,3.79746835443038,1.5907497198851839,0.01025339125613392,1.5724025252848253,1.6124845405190738,0.0352483405107038,0,16.715586289239344,2.7960777833329953,33.70900436474028,0.022051480800908057,-0.0027801014804408417,0.917625860276817,0.0063052705355315245,0.006983644552331851,0.030662388404644515,0.019546283469940386
S15,baseline,380.23,85.63075557044647,4.8468904919859686,42.21619968649922,25.316499956906103,5.333333333333334,1.609319676961752,0.012002063326079986,1.5912137439194798,1.6293976501209833,0.034076901738557784,0,16.368738308044062,2.8221508722933373,33.7083290209089,0.021556558424600733,0.002158265993859496,0.9151419008504672,0.009417625147957825,0.024300654713584655,0.058666261252486834,0.1239384746598463
S15,baseline,410.23,84.37584184559425,6.472765617701404,55.73076957242934,29.625753739612623,10.526315789473683,1.6220754983696735,0.008964389534669997,1.5912624345066135,1.6412398135985675,0.016613207291052905,0,16.2333479347574,5.394571995826303,33.69367605300177,0.026105548562930334,-0.04526645120617972,0.911088811044796,0.01196545633716647,0.06853562156273921,0.11794125593827537,0.27266736167781225
S15,baseline,440.23,82.48165070835205,7.9186092377049295,68.60962245463348,29.971570099149204,10.126582278481013,1.6576029214590167,0.03358034546139158,1.6017053810992086,1.7083118353585136,0.10170356156671995,0,12.616745862690477,5.4852561159223825,33.67276218741281,0.023062216783652393,-0.020087622702896143,0.9135065612850932,0.010310032758868827,0.06460603489590702,0.12008484997262002,0.28969881774144723
S15,baseline,470.23,82.28275686298588,6.4984088102544515,58.02052202765037,25.179626793147218,5.128205128205128,1.6828253429028,0.016006351020383454,1.6369499241878067,1.7083118353585136,-0.013915858164262922,1,14.085597090008513,3.2157097046498695,33.676485462007065,0.023966983629859027,0.0364125582810642,0.9167845502635882,0.008255519241515873,0.02964129466275955,0.038464287032955756,0.19119376118540624
S15,baseline,500.23,85.38618889068283,4.308758711570313,36.195688970642465,17.803977293228556,0.0,1.6885839503577906,0.018574837935970655,1.6375917456367393,1.70763563812627,0.05303471259843349,0,15.895844372114148,3.1203827080249718,33.69804506792341,0.025124841928517026,0.04187561394665792,0.9150131916795882,0.008016934008627179,0.03092875845252263,0.03719210655828571,0.1823921268500508
S15,baseline,530.23,84.9408770962045,4.54825276259488,38.94141542675275,18.85067431954228,2.4096385542168677,1.7114033248462075,0.011329429325697193,1.6942102165393553,1.7317826320610374,0.03838665362327176,0,16.58069270449521,2.4748222032730816,33.70859332057408,0.02281464137535044,0.006020797586505976,0.9146112150110589,0.007083905427048155,0.008126819942475303,0.034761751177948295,0.02551561600764933
S15,baseline,560.23,82.74893532982223,4.516905160356722,41.0183931581475,24.864428324784935,7.5,1.7306738198027067,0.01125144540771914,1.7023819903848094,1.7498064611263144,0.03839583824654084,0,17.135425963230233,2.6815425478627795,33.714739049275714,0.02448889281414525,0.030385145447789093,0.9161132896629546,0.006629284835382563,0.007918355171133363,0.03220263008425512,0.02619429976028735
S15,baseline,590.23,82.79641370666724,4.836527493419456,43.35049666466041,26.592394679202968,7.4074074074074066,1.7475650748707987,0.008748410828597144,1.7310679630613097,1.7653600509409626,0.030006630762104483,0,17.458493288016236,3.1755328999864334,33.732687709263395,0.02616579793459423,0.04825197503518429,0.9160390184561568,0.007383469875254869,0.009566531239725722,0.03270890739049705,0.028463921950735875
S15,baseline,620.23,81.81145804542149,4.212317854060419,39.00694745956646,21.41011109599521,3.75,1.767416339244356,0.014481620235688936,1.7479119727320063,1.794134268387165,0.04901291961472886,0,15.858460542639842,3.6502232271971513,33.7462243674142,0.02186982716721392,0.01061833509937013,0.9158497904562061,0.007360042708141268,0.009596784517847068,0.03186736460976575,0.028174805556839922
S15,baseline,650.23,83.90139942291641,4.907172342015173,42.897443534969945,22.4012683634363,6.097560975609756,1.7917867609829703,0.015011160283860242,1.7624737358747533,1.8271661074585122,0.0499316753122338,0,14.84865790976585,3.566264327701981,33.74654816182454,0.02444951376714151,-0.013379909532138131,0.9171921544861632,0.010962684162317543,0.0652692687946894,0.031013654793660354,0.24114303868477893
S15,baseline,680.23,83.86440788429896,5.958330990866464,53.22236893588321,26.60571264932085,8.0,1.8154528202552265,0.013697651837060386,1.7924357677125846,1.8359936534578305,0.04506345926844976,0,15.118336982931877,3.6419836186945815,33.613924494425454,0.15000696884072245,-0.4851481480278909,0.9247749761548489,0.014255154356414819,0.11267013026474411,0.032341782646740216,0.40655096746907554
S15,baseline,710.23,78.87105702484705,6.656679059087471,64.42467009545966,33.24409824355612,10.666666666666668,1.832600867162948,0.008517068842897473,1.8138900444799189,1.847658280669285,0.025422095255673245,0,12.336448598130842,3.718970994607025,33.34015704563686,0.16913974468539336,-0.5787715855182733,0.9324141203916481,0.008452955435475787,0.015475138146600138,0.013982258048938708,0.01978288247568597
S15,baseline,740.23,79.45232686688401,5.174200450310441,48.72013291363404,29.632212661407582,6.666666666666667,1.843766008987414,0.009778009955645978,1.8138900444799189,1.8623376264265739,0.027052884156883,0,14.651818059841673,2.821206389702579,33.151827537899926,0.07469405552330437,-0.18363275500844536,0.929765184570883,0.009251030180041803,0.01728341024448339,0.053033891105051835,0.019351330822793958
S15,baseline,770.23,81.72010262335789,5.9977101239791395,52.766863055659215,22.637963601474826,1.2658227848101267,1.8610101285354563,0.014011424316426418,1.832006242800674,1.8855169671051824,0.04530820249908753,0,15.455381784728608,4.130722455497054,33.13365078008743,0.03649085049042425,0.09982674535071993,0.9249266315870911,0.009564537807527517,0.02787309941783837,0.02058791364609301,0.034149927391027735
S15,baseline,800.23,84.43246715358102,6.425814510674175,55.945531135902876,22.307277518058793,0.0,1.8788900299709101,0.010300377633811095,1.8615884674730063,1.9033664840457492,0.03016079174512989,0,11.499602989896777,4.565091398868199,33.18809596688407,0.07048321425898255,0.13995235597613198,0.921256027825854,0.012222561082403669,0.08991975984128425,0.020779272215395102,0.28431686891603253
S15,baseline,830.23,85.19223242720578,5.539255774370237,47.77310989220778,23.00985142904222,2.4691358024691357,1.8991959572849224,0.01568060111094159,1.8689705588658776,1.9233355586180236,0.05166979531886894,0,15.5959896026736,3.6191035349015466,33.38900098964146,0.19138338799015647,0.635485444675698,0.9156343487997041,0.010927236639357775,0.1100007761455633,0.021113655088388278,0.37121871764455117
S15,baseline,860.23,84.60976931187143,4.9081918467977355,41.359241135080545,24.2097602998873,3.6585365853658534,1.9220782130857932,0.010549252600339452,1.9018805339460754,1.9414758652191015,0.03626866542171786,0,16.164207825529186,3.2918165373606754,33.62564772542318,0.08268524200336529,0.2627718422977683,0.9134483447566704,0.0041279480753039725,0.004686388150141025,0.016643298380082737,0.015693940898183035
S15,baseline,890.23,82.83427282709903,3.968610886476235,34.30710026073145,20.2837021134844,1.25,1.9390932200838997,0.00947215449665671,1.9231494769445348,1.9577271319087972,0.032622202120249535,0,16.017084890549917,2.8972143132368497,33.71103397551037,0.034736012135376845,0.09296429483023647,0.9145055694770597,0.0034977849323496054,0.004677800111040597,0.010801350070275802,0.014148044898705355
S15,baseline,920.23,83.60183810420166,3.7717620385723807,31.848880418849305,17.260052365665203,0.0,1.9548762565540982,0.009195555737654768,1.9391057370763058,1.9701885738200093,0.03163376519413297,0,16.127793564242378,2.7167202667129278,33.74817200578962,0.027647513519471187,0.05940438865081831,0.9140174410209544,0.003139333678831657,0.003477512019322646,0.009901306623219601,0.008768796694782385
S15,baseline,950.23,85.97011622989929,4.604710938226389,37.722628235918975,20.540556956366718,2.380952380952381,1.9710519982591317,0.010367901978170743,1.9550089207970278,1.9894743672597446,0.035060668414702706,0,15.334063526834612,3.726561905106485,33.775921883719306,0.025862798627393685,0.049596751938956365,0.9137632103992072,0.0041532697251074405,0.004480956125264134,0.012013829634279199,0.01804899390486129
S15,baseline,980.23,86.14047849988607,6.118252260690814,51.16561019258289,25.346179660477524,4.938271604938271,1.9841827036538595,0.008489903990512762,1.9691825428373886,2.0020703633573658,0.02404887639042257,0,14.251037506851462,3.6389948318142973,33.78236297244117,0.024047137960966792,-0.013208853016603692,0.9136900784525859,0.00993254385636833,0.01018581741212724,0.025477678718038736,0.026348018986097
S15,baseline,1010.23,84.22873995309479,6.159882035696389,51.81200192586798,26.2793106224772,3.7037037037037033,2.004218333757064,0.01724379531365847,1.9736526983356386,2.031856867327765,0.057643248319591396,0,15.109272416584224,4.7406135678930745,33.775250403994605,0.022889306614453604,-0.004885205017294529,0.9135156425110179,0.010101154569088956,0.01151450741080639,0.03240113058637998,0.03223230586936963
S15,baseline,1040.23,84.59596278737835,6.929435042489245,55.365463619058424,25.66633159221809,6.097560975609756,2.0304004867889254,0.013040822055209445,2.001615931875912,2.053464195914953,0.04460567038208482,0,11.898936307208901,5.730141729272739,33.76671829877581,0.023976115614182666,-0.03444052139930748,0.9161195440184019,0.005972360886734629,0.008979539310783524,0.04243434985427814,0.038460870692574596
S15,baseline,1070.23,84.57500843554851,7.1168966973946395,58.618404311103184,25.978127645734943,8.536585365853659,2.0522944642148904,0.01290814884105223,2.0306385588095757,2.078690995002596,0.04429737471203135,0,10.46077210460772,4.062171162896741,33.746344685145786,0.025692154220354712,-0.04231988423970255,0.9181083009586899,0.005033129577743257,0.006515208940539992,0.01785860252463912,0.030381996967752213
S15,baseline,1100.23,85.37438344695406,4.5098288204227,38.768647202648914,20.91525161656945,3.614457831325301,2.071096330858694,0.010015728348524787,2.053049761655719,2.0881864798982055,0.03376040157968292,0,13.708948478457367,2.514207392371852,33.731892791748045,0.02177717988464638,-0.0025814531336644944,0.9173704061392997,0.004729772871796613,0.005338763023564566,0.017226744541520338,0.018495011703558984
S15,baseline,1130.23,85.67090982757551,4.494392929287981,38.07034232674755,23.422441580865314,4.819277108433735,2.091203918711085,0.016461560207873083,2.0705181963784742,2.1267053860165093,0.05301458357529952,0,14.936368023979476,2.5942472044096547,33.73974297296433,0.025640860479510433,0.027511155476260797,0.9180344698336419,0.0056136847002531695,0.0062662769745168,0.021467113170210106,0.021057177870515264
S15,baseline,1160.23,85.7408701088036,7.46835536001622,62.395259001540644,30.607341568478258,8.536585365853659,2.1089344383807034,0.012271417357450905,2.087126138767405,2.1267053860165093,0.030024442084359216,0,16.920473773265652,3.832704049496878,33.737461895897276,0.031034392185469554,-0.021516063589479176,0.9180025887008777,0.012635551689214026,0.01310264638400041,0.04908526419376756,0.04017943169272572
S15,baseline,1190.23,84.35496356839154,7.976903753857199,67.24136574166076,33.06115988649359,8.974358974358974,2.1200695982264475,0.008620860683896068,2.09966685795,2.1371527128389416,0.020319134413625366,0,16.128206441042447,3.9489361050969194,33.76683865283784,0.050271529116591426,0.1518814294285258,0.9154393596543177,0.018866128428785083,0.019856066655466173,0.054524044746834706,0.05431618188575231
S15,baseline,1220.23,79.83596156503732,4.804618001350774,45.50129737594198,27.30904800821388,6.578947368421052,2.131178081024696,0.007815652414723597,2.1089854588084718,2.144143692955616,0.02012911599768564,0,16.934508380853632,2.5252155312735978,33.813096777053104,0.02437896678083151,0.028514788860120224,0.9140154658520218,0.014766446073931317,0.016284420785499677,0.019934439232029574,0.04965178003773356
S15,amusement,1611.23,76.31446625722604,5.702243370801936,58.47169208694241,40.01240844493441,14.864864864864865,2.389841359387824,0.007117416614523817,2.376380337427031,2.400929704464638,0.024349324564494058,0,16.096887934999234,1.714863479962151,33.94243493507022,0.02495572088039491,0.023747418171400924,0.9282750247003732,0.007585078669856132,0.013488599965009531,0.006956684274510961,0.028220938131099264
S15,amusement,1641.23,81.65744281386856,7.341542908783233,66.12266593723588,34.932393402736345,14.666666666666666,2.4021511996489577,0.007671510104611751,2.389347136629134,2.42563651656376,0.024779617248180077,0,15.748031496062994,2.4104806392004816,33.94160344441732,0.024820170212938714,-0.0175837688323998,0.9266739927703531,0.012022313080119267,0.01865821080596495,0.012539716535223374,0.037752726131543214
S15,amusement,1671.23,78.88396000539309,8.184192377598729,76.65398534575847,37.496092828260764,13.513513513513514,2.419520244633817,0.012412130560056146,2.4004236576366336,2.437141059108363,0.04143091373328702,0,12.817578393224993,2.6192221304829393,33.9471712937128,0.02699179207527898,0.04274402469930718,0.9266797270922917,0.0100280758097002,0.01884162355516313,0.009479425655006993,0.03834929955257315
S15,amusement,1701.23,74.76919730127314,3.208023387318641,36.109531598153424,25.94105272309595,8.21917808219178,2.436394986057719,0.007540493842204053,2.4248954994881955,2.4540520143504567,0.024929955418242254,0,15.146441359058244,1.8234632182161166,33.96285170055571,0.024073678341894264,0.015725957756274365,0.9283763712312589,0.0036131944253602493,0.007382731863097462,0.00531355887124587,0.015399240459609515
S15,amusement,1731.23,76.13169947662892,4.524998896193751,44.44523137810431,38.29901502529433,15.942028985507244,2.454863743365869,0.01527090257742892,2.431995257653959,2.4883150457039496,0.052364329912612056,0,17.32539252842447,2.627251444335824,33.96958951023647,0.023789714797570555,0.013771159004763184,0.9292372172867928,0.007970988441635253,0.011679811607451886,0.009321709526401512,0.02038437525446251
S15,amusement,1761.23,78.72138258407658,7.068566642208787,66.93929825556857,47.73564157514422,23.52941176470588,2.4796063641669353,0.014552152791881198,2.4534401899370764,2.5066137334043272,0.04958656973451355,0,17.206533020156225,3.3339297698289707,33.976677944365,0.024134163525394978,0.01676749558647864,0.9305273469507497,0.008441125572425207,0.020572218000685417,0.012001232306717418,0.035269894903930364
S15,amusement,1791.23,75.86701187637908,5.884228384896334,59.4879170484996,45.21929433879819,13.88888888888889,2.5017532669323383,0.012229583177499162,2.4812005416070924,2.5235945879883697,0.04181794783406672,0,13.808801213960544,2.520948806056702,33.98498269144694,0.02438333426613997,0.016065682412433214,0.9322330848978653,0.004493504776813188,0.007267158371154957,0.005715110803725529,0.01277663550344003
S15,amusement,1821.23,75.46828117359222,2.975442692993015,31.431921168949792,24.906310326927226,4.10958904109589,2.5223645033802686,0.012096716144258833,2.503514858151685,2.546416918121968,0.04156034043754615,0,16.020343293070564,1.50457818289661,33.98899872044154,0.023978419315975785,-0.001964851158826246,0.9331084703264858,0.0038482793174792348,0.005107991328789123,0.00416555400124745,0.008903421824959491
S15,amusement,1851.23,77.89888278363829,4.756500074538846,45.85317196604131,30.938629089197313,9.58904109589041,2.545700889915511,0.014833784918152718,2.520650833734998,2.5714261051375247,0.051055214163553186,0,14.071076978584133,2.6360925114112965,33.99019854373024,0.024024062834196058,0.007203488951110105,0.9335499366564985,0.004118599952718787,0.006740397540979801,0.0042069348791419795,0.011288208740746519
S15,amusement,1881.23,79.25567015651991,6.109358197241555,56.21373146866002,33.21625698195323,9.333333333333334,2.5691905319957087,0.012255244582435114,2.5464245071588607,2.5921805125683184,0.04212033622675036,0,10.187306292952433,2.705580955451456,33.99396656508673,0.023818152741995224,0.008327539923744302,0.9339868483877075,0.005650093010392483,0.008194267464127297,0.006205479353810394,0.012874716609865874
S15,amusement,1911.23,77.79480199078138,5.951491268530559,55.265737617752606,33.12493033452334,13.157894736842104,2.5893984581789864,0.011639739669257276,2.5687035305690986,2.612142454810054,0.03989490434263706,0,16.339445496278238,1.652993926095478,34.00018869163876,0.024440314241067858,0.018396647277943465,0.9342504307563918,0.00559550177499967,0.007946848733284658,0.006269075193542563,0.012344449738977636
S15,stress,3099.23,92.81068059789024,6.933749135663183,47.794902800257546,35.330522430046294,14.606741573033707,3.290813113017943,0.029550480166799335,3.249838029883328,3.378015841061621,0.06562261382855443,1,12.131715771230503,5.1742783453934,34.13043700081961,0.03245908141062117,0.07282062917296275,0.9110831002909568,0.02725072766744822,0.04091020838043372,0.056331768199750484,0.20657520194160775
S15,stress,3129.23,91.41380539277044,6.262444224850148,44.59918465965063,35.45488720200861,14.942528735632186,3.3000552964834142,0.013159706675631511,3.266971980228891,3.3312180916545295,-0.026974437175986465,0,10.685210312075986,5.707383879667483,34.164649921962194,0.0312818625026264,0.06439847423790226,0.9087546009985157,0.028714738007018334,0.03788944828622656,0.04139480233547956,0.22608154885292692
S15,stress,3159.23,88.88009622940625,6.099412515837229,45.077833683084094,35.279454714259565,17.24137931034483,3.301749981359859,0.013248016525850446,3.266971980228891,3.3261062666996755,0.039109529369915796,0,12.825139494212033,6.127680157800357,34.20982085600353,0.04278961145742588,0.11938532030113018,0.9047580798708312,0.02217386738991266,0.021770148746276228,0.035441148943989795,0.03822717680606816
S15,stress,3189.23,87.80303667681804,5.089293234218362,39.24205252701338,33.17232908887806,15.11627906976744,3.3214235327399346,0.012140745658442234,3.2987153733229815,3.344776032559755,0.03573034743924178,0,13.88782907287295,5.717724485613313,34.26007762581961,0.03649732343184672,0.0860145329159381,0.9040870176257154,0.021266366421685542,0.02132778720013711,0.03523622947317828,0.09873913460632462
S15,stress,3219.23,86.2349520685601,5.9198825099943235,49.459042802908996,33.42750303542988,13.750000000000002,3.355854231658141,0.03268067446878009,3.313777548765048,3.486589447263953,0.09701757070819336,2,11.034337808370333,5.521408421535212,34.31177101861863,0.04402255962087854,0.11997410641426348,0.9047495602314637,0.022415310650826692,0.024572012925580696,0.03850741776425162,0.11112185164791834
S15,stress,3249.23,86.56220666520274,6.338071346471341,52.01902720352019,38.8801415494273,16.049382716049383,3.37634658083069,0.021015931802621183,3.3371486180728267,3.486589447263953,0.0017989973034033319,2,8.799727627478196,4.899140452507921,34.348521677653,0.029922154822705927,0.03274494523292946,0.905804403621126,0.021922109932351733,0.024154884203735492,0.04253022827928372,0.09672439979206263
S15,stress,3279.23,87.99077980227653,5.9322149075830914,46.52965953275197,39.792076645300874,21.176470588235293,3.37470209183094,0.006230648858292663,3.356016322688076,3.385652743564555,0.006192141743560383,0,9.664892852006329,6.627246140056525,34.37389446876163,0.03401214445934214,0.07024227965731063,0.9050810106485168,0.021710784185920453,0.022660003634249446,0.036226057752197706,0.04118164332503597
S15,stress,3309.23,88.39801768591532,7.313911070042822,56.21955376368093,42.537717869123995,25.609756097560975,3.4002521062611293,0.04304574591819535,3.356016322688076,3.6988969610420743,0.056941675717385766,1,11.598132248832655,7.4327082639129065,34.39682003130232,0.027396456752082795,0.015751241160683802,0.9063693516301017,0.02261172558340912,0.023988346675934812,0.03470605219355971,0.07746961242049122
S15,stress,3339.23,85.46601378522014,7.338780767957395,60.67034093131339,37.69523592377332,18.29268292682927,3.4176192880335603,0.03690389110258134,3.3806552964764007,3.6988969610420743,-0.02611726270149863,1,13.273573521806586,6.119184412971067,34.41386418369838,0.03194766904809457,0.05526326446143703,0.9096767172812958,0.02180119126411361,0.023787062781166532,0.052035656802842556,0.09039889365555037
S15,stress,3369.23,84.9605719972757,6.608410959866381,55.3579136860648,37.834082918580314,13.157894736842104,3.4147380686818494,0.006593750275933461,3.3962921641851853,3.4308535601677357,0.011731056522924468,0,12.785388127853878,5.726197045543533,34.436312204996746,0.030238932377164355,0.03595630536483184,0.9083690483410525,0.02342648283076221,0.025874409520797406,0.06921071365512069,0.09209163163117487
S15,stress,3399.23,81.29066861819116,7.708244343615668,70.17126772911506,46.92758039999295,17.94871794871795,3.424776172798116,0.010130216532003782,3.396931561868403,3.442780535809303,0.03270407526284432,0,10.464942442816564,4.553277066775817,34.466741157895044,0.03600955693311079,0.0728333610334905,0.9133321703434873,0.02313754843233065,0.02745844632645229,0.08093397212424715,0.17221487325432802
S15,stress,3429.23,79.85381176815508,6.961658595755202,62.48589805144701,40.20456552621169,19.736842105263158,3.43874258314722,0.008025909501381868,3.4174247061030565,3.4525075572002204,0.026051922107402294,0,14.809590973201688,2.290863978411142,34.49758556692941,0.029715898150724465,0.03638916125523224,0.9222130733790787,0.012029251183939894,0.021093034601784178,0.02886962016673483,0.07755933807189214
S15,stress,3459.23,85.81019837712574,7.449030826844189,62.5719513497781,34.284988377913564,14.634146341463413,3.4478622917196513,0.004675192273846465,3.437786446666136,3.460278689839065,0.014107814677355326,0,16.2016201620162,2.868878197184053,34.51097234308152,0.02802908186716813,0.019142755461011456,0.9218736083944069,0.011932032874219796,0.01716300171594858,0.010680235174922406,0.039062582469196305
S15,stress,3489.23,89.86083963464752,6.399998972638443,48.581110901007385,34.89651998183682,14.117647058823529,3.4609323272324373,0.011849652173909136,3.443309351988912,3.48221727396806,0.03987838658172582,0,14.06760264604907,4.206579355866483,34.516474447341196,0.027709964094910413,0.004021903215860841,0.9235336127626483,0.012267339011244001,0.029457140968109606,0.007893619322443653,0.07813076647381133
S15,stress,3519.23,86.23700513906029,8.084257589914522,64.66987102247612,37.31807181467197,14.285714285714285,3.4816792136329506,0.015214398418304293,3.45170227822127,3.5279259616425764,0.04629251691899836,0,12.204464403645488,4.391543831174943,34.52352155122303,0.028511680595805687,0.021885672850766532,0.9248585143910426,0.014716764410492014,0.029320605248082356,0.01294892343726981,0.1485733721830258
S15,stress,3549.23,82.37412277394704,6.051793440464297,50.94823259140608,34.778086579374225,15.0,3.490901018253755,0.010803437661252246,3.4800370401030007,3.5279259616425764,0.00047033362197593346,0,12.892063846411427,4.010059567231241,34.53416584123884,0.028651527946741782,0.022178437969154075,0.9166387698570024,0.014787044948166114,0.03675851724119869,0.016895692227778814,0.2481793767374826
S15,stress,3579.23,82.38838163967941,5.416910850945461,46.22161440941704,33.71965756235447,13.750000000000002,3.4871945889417653,0.005493117254176021,3.4777807917301886,3.509035013344465,-0.011403671537961076,0,13.778136671040679,4.083275531921508,34.54529729280018,0.02906276755643469,0.029477786128717404,0.9102936773649126,0.007388013637973653,0.006833122339514143,0.005936307548114804,0.01779647453149848
S15,stress,3609.23,82.45659625793985,5.677349041348446,49.25497461523703,40.347660074276774,20.0,3.491804962296906,0.009548585634138523,3.4777807917301886,3.5196912007022454,0.028130188903956816,0,12.842251563585823,5.176597965672734,34.55474787902832,0.027931262411409464,0.011720546676267719,0.9106277420578955,0.009642843223437314,0.012895912276743582,0.008644437252031206,0.043563750372237885
S15,stress,3639.23,82.44673758246397,6.485743261614986,55.56149012282552,42.10258366205581,23.75,3.5143507216625203,0.0172942694162315,3.486436138521474,3.5441857491033026,0.057986817613536336,0,11.268512556342563,5.150281447672505,34.55687215023949,0.028007800844168127,0.0038828244427449535,0.9122747047205706,0.010628880597236488,0.03058865695645016,0.0081322406815831,0.11782850303810917
S15,stress,3669.23,80.96766477614207,6.806451498182016,60.35978174704595,40.89353328246979,24.050632911392405,3.5372269128256426,0.00913568926960517,3.519693319552479,3.552224132945036,0.028512300517015216,0,12.183544303797467,4.388077785542526,34.57140066746303,0.03242366648276527,0.0556726619785524,0.9133201125458086,0.009223369907701673,0.009336985547773933,0.005194852656031786,0.022153099424038526
S15,stress,3699.23,80.70514536019792,6.318603891170789,57.68264857328043,44.881657875349106,24.050632911392405,3.5504033826189545,0.007447002124107355,3.535416896258962,3.567320585145815,0.02284845391662037,0,13.445626477541373,4.625440482941884,34.5977216477167,0.031102739963680202,0.04510392297083059,0.9129252204991819,0.009044864522124772,0.008076813379368778,0.004658168795910013,0.018970169365367554
S16,baseline,98.37,67.03672972172653,6.756088932475356,89.22872064894776,68.89380004856166,41.269841269841265,0.9735551638853293,0.0029741689303167513,0.9649328074989039,0.9800169994104887,-0.006824321910065751,0,16.054607508532428,3.1545699846648776,33.452226342337475,0.05293894757956673,0.16852196167655764,0.919480450593723,0.006108783792749915,0.010977685505133662,0.03791640916658937,0.05945454429802364
S16,baseline,128.37,63.74532170523046,5.34529979242345,76.75962873778577,75.5851490313961,49.18032786885246,0.9678796316008885,0.004721405911666582,0.9593928594051211,0.9781006279323753,-0.015304154414171904,0,16.04850213980028,2.893075794276906,33.51891358366467,0.036107674721673186,0.10151188111761925,0.9178056350549006,0.005850779660939714,0.009907801234909924,0.04959428272614797,0.056234636024389086
S16,baseline,158.37,61.6821454551932,4.480848921545385,67.90891508704377,70.7216837668994,54.23728813559322,0.9608347431514114,0.003922463125061909,0.953089510816661,0.967710139293202,-0.012846097412968997,0,15.303148076175669,2.7389545102065007,33.573746112641835,0.04062244019769509,0.1203840817562046,0.9196661418533842,0.006759024622588565,0.009321382696833622,0.08762873024952783,0.05825051196005099
S16,baseline,188.37,62.83732059951553,6.471347591953623,92.04483721924996,65.67711903710895,50.0,0.9551772950027791,0.003490500934730888,0.9489095718963741,0.9641319213115628,-0.010290525605247765,0,14.980891719745223,3.353601595984399,33.6233955317906,0.030966643067978174,0.07806307843452899,0.9236316672302572,0.009375059412140545,0.010166692388622181,0.08192659185126872,0.06523634198896029
S16,baseline,218.37,64.72777939279227,7.138934525472104,99.52420539907595,65.96147843887049,44.06779661016949,0.9510086115306446,0.003428465675108798,0.941224362364309,0.956353001132065,-0.007509159637612048,0,16.296756169486265,3.3722046002599324,33.65240069870722,0.02555080257479114,0.04764039235649524,0.9247305968217329,0.009369247506926961,0.010050751904068912,0.06587591767757085,0.055818970099636496
S16,baseline,248.37,67.37883469978448,6.974421799481868,91.4187571218087,63.60054736205599,46.774193548387096,0.9479870654783416,0.004352269836258493,0.9381593992747854,0.956353001132065,-0.004527710779519273,0,17.300859893929253,3.104414222688127,33.68048559860956,0.02963634590338116,0.07004045340143243,0.9213264802270466,0.008782233297006838,0.00966418720295797,0.094131794007421,0.04000647948964027
S16,baseline,278.37,68.01281373755441,7.493862741981808,95.54503502724823,63.87812416268794,41.935483870967744,0.9565200132044103,0.01227985240428148,0.9381593992747854,0.9794718194695256,0.04090701062179715,0,15.149563290650041,3.098113149580811,33.72020425051735,0.034181149291987706,0.08990395744859346,0.9170239582055488,0.007073044605879925,0.0072798214803154035,0.06647652262617927,0.03174728312423768
S16,baseline,308.37,63.423297696025664,4.259725865068697,64.13680240010956,60.054221336654294,37.93103448275862,0.9694641346244742,0.007641293623303391,0.9532151208215638,0.9841870412470038,0.013351535031057696,0,15.427806785086451,2.7426336886251015,33.77075386338007,0.03933228700913899,0.11182701220851701,0.9173850268720085,0.004965867213230328,0.006420305099643247,0.033266188904131556,0.024382597556798682
S16,baseline,338.37,63.81164786620685,4.34239722228493,63.33076628704336,58.96849474393372,40.98360655737705,0.9716148565197703,0.003751698680177868,0.9646298683585524,0.9841870412470038,-0.0030893591130067453,0,16.315431679129844,2.622113350857054,33.814291339692616,0.028692326760920102,0.056682243162417094,0.9176937446030907,0.005100327575615913,0.006982822886214724,0.032721975159546134,0.026568559576750316
S16,baseline,368.37,63.79486195909082,5.150385324873187,74.63918958543935,58.03028708185299,44.26229508196721,0.9719632072370639,0.002730257418013092,0.9646298683585524,0.9757717024788097,0.00609595385581248,0,16.43449679136015,2.4383709784863323,33.81608233642578,0.027194701181796597,-0.046329316554510835,0.9164998643398766,0.004487959935164887,0.006657114544112155,0.014523848262816734,0.027947358914518935
S16,baseline,398.37,63.480772615952404,5.372621946933167,79.69077969931587,57.11433620033592,37.096774193548384,0.974595495435761,0.0022262798774330636,0.9695804778239967,0.9809129398655198,0.004076852523967479,0,15.379384301519632,2.6153959341876174,33.809829128447035,0.025627868053359627,0.02200251864102859,0.9181883153095336,0.005931454805115113,0.0069779178804340826,0.046862793369665014,0.025499480953901376
S16,baseline,428.37,64.48985180287636,4.364399217383931,64.20022640727787,58.931818092380865,41.66666666666667,0.9740158611054276,0.0027270268969389047,0.9689110353075271,0.9809129398655198,-0.006947500616511577,0,15.929203539823012,2.741807977435049,33.83293853905087,0.029234726595095007,0.06289102260417961,0.9188924235284449,0.005746473958203936,0.006565353372101924,0.04667240316650455,0.025224451663886927
S16,baseline,458.37,66.67576063307898,5.1665783244482055,68.00586007979467,55.304122073922734,40.625,0.9745316968098351,0.00447169701583188,0.9689110353075271,0.9882051506439793,0.01216506803299675,0,16.53258543065909,2.9451549665733685,33.864702933175224,0.029632308588943373,0.06088630711449249,0.9174528380648427,0.005875633301729974,0.008789562512879814,0.03394027996501799,0.04052209160461908
S16,baseline,488.37,67.92695842824108,6.050356663668661,76.47776415329734,51.64879588305564,38.46153846153847,0.9806149582592436,0.004988741899242264,0.9702207082984674,0.9882051506439793,0.013553731511838515,0,15.921152388172862,2.8665741781331042,33.872542524791896,0.026403888131953327,-0.020564049956929974,0.916127333264141,0.006313449420732885,0.009341024240743618,0.033752330096490375,0.04856770047185142
S16,baseline,518.37,71.67910821982201,6.30784098582556,75.67710966744241,42.574404955983546,26.865671641791046,0.9847304165633849,0.0018137796281787362,0.9806858373729793,0.9884813067377544,0.0027171625169319807,0,15.799231533976409,2.9045433233649947,33.84558303106399,0.03182692198121256,-0.07519822170128965,0.9151909810040312,0.006109947737378701,0.008156332600460387,0.02337994915638389,0.037844894971310127
S16,baseline,548.37,71.91890317379483,5.522201963917395,64.02143844179852,38.66315623621244,17.142857142857142,0.98548047712071,0.0016863146663718847,0.9806858373729793,0.9884813067377544,0.0011460200898821126,0,15.25687597301505,2.8639574452349676,33.831095960344584,0.026357836010843017,0.012055134704419585,0.9170957147524832,0.006066392616892239,0.008383003987209224,0.02154088507105353,0.03520466197433989
S16,baseline,578.37,70.03350716699006,5.399895191974223,65.93334024582397,47.589954482652224,20.0,0.9857511528418714,0.0015665558338663628,0.9797697974481143,0.9894188521458385,0.0006655654322277069,0,16.396429222080524,2.650823591639214,33.84576252092634,0.0266968066027953,0.041522948064640304,0.9169704068931152,0.008038014902251065,0.01122390804303374,0.024015606861063757,0.055251558964662814
S16,baseline,608.37,65.52671660385377,7.41551356079804,102.62738658394129,69.13852800300108,45.0,0.9847971117456028,0.0020131197887262873,0.9797697974481143,0.9894188521458385,-0.0038555941508522434,0,16.940948693126813,2.8494728282245307,33.86694616917202,0.026618468149996233,0.03420857770195306,0.9143794163627161,0.0076129008150661905,0.01037808417362575,0.01619956139255813,0.05102041058366942
S16,baseline,638.37,60.056999423472064,4.048424479795177,66.03944775984134,83.3871278398152,65.51724137931035,0.9824005410629293,0.0021296206298221662,0.9759308330731788,0.9864570590749724,-0.006035553776790365,0,16.87198714515265,2.7133676230364783,33.8708422815232,0.024903132104460216,-0.025122732977803736,0.9134018747805193,0.0038453972945332563,0.004444789855556853,0.004806202025727161,0.02174181187729621
S16,baseline,668.37,60.052094749230754,3.865331998880612,62.96988996585053,75.26635789342987,60.3448275862069,0.9788594074725506,0.0028563413808772656,0.9731151887585557,0.9854993521240979,-0.00903014102609032,0,15.756049197459742,2.6400675052108196,33.86258418201265,0.023647272112167644,-0.005436808089163017,0.9135499782363766,0.003794096067057186,0.004390516583908155,0.004699217498867137,0.019639179566625357
S16,baseline,698.37,64.28473774171911,6.394599883569638,89.855275424106,64.31422558494194,52.54237288135594,0.9741235941336079,0.0032459634978531907,0.9665975520628848,0.9808186030216118,-0.010102951009187825,0,16.065690824705463,2.82587097005998,33.86513176109677,0.02383823154452009,0.012821819032379842,0.9141677389514544,0.00444105074328104,0.005057732736571498,0.010267118503745343,0.02347580450433783
S16,baseline,728.37,69.97145182276182,6.171818687906941,77.3892456328939,54.155973922005515,34.84848484848485,0.9711271314260923,0.0036039102536860475,0.9644869352049361,0.979854018676372,-9.438563830722092e-05,0,15.203619909502262,3.712873978218179,33.870721174694246,0.024207669467871108,0.005638949329238343,0.9162257259211881,0.0063333957264931386,0.007974207675822088,0.02428635683777307,0.0380599222572413
S16,baseline,758.37,70.24876366486386,6.0242503655182125,73.64948282973018,44.73645650044365,27.941176470588236,0.9738492631185195,0.005140345287651879,0.9644869352049361,0.9824432831745242,0.010483763854731707,0,15.047599549595658,3.4917940658224014,33.885568604968846,0.03145179674850783,0.052649645686361275,0.9209403871366463,0.008562601202623582,0.008406284157734936,0.08783116349193062,0.05064985857709222
S16,baseline,788.37,66.35878980163234,6.544600697453004,87.57869264996019,51.60523930920804,32.25806451612903,0.9717282227536285,0.006709861324967009,0.9584347993857981,0.9824432831745242,-0.022039557953898913,0,16.51722510618216,2.52036908542029,33.926792085193455,0.040913830487857766,0.1132799260095504,0.9277259735978454,0.008341438441939977,0.007374922576985443,0.09347707639359468,0.05521523294899678
S16,baseline,818.37,62.44266011361675,4.425815887088496,66.83961372816293,54.608999781563995,33.33333333333333,0.9646861209534906,0.0036334031188182702,0.9584347993857981,0.9740676485302315,-0.008592495844921272,0,15.845639754230893,2.4474243794104806,33.96622890000116,0.027341077950029203,0.044883228215737016,0.9304358744122694,0.005758277348275901,0.006092744171482522,0.024873341321959636,0.026021659797157995
S16,baseline,848.37,64.49537776909554,5.083900183696879,70.48046575895386,53.1134029668615,35.483870967741936,0.964396134728405,0.0017868615293324924,0.9597079504624743,0.968679408899563,0.004007637243543546,0,15.94360086767896,2.4969715261125067,33.97933255949474,0.02411986531736317,0.009867595303451866,0.9225385474046759,0.008873127977713929,0.007399127246643009,0.09670883460424937,0.04149755281977586
S16,baseline,878.37,67.1779810718262,6.307150950296738,81.39761659045762,70.07515979812034,44.44444444444444,0.9667842389148938,0.001857260432624156,0.9637930789915148,0.9712294259354419,0.0024103338670935725,0,17.73180642777983,2.769819170242188,33.97511422002883,0.02607224838951724,-0.029346302253114027,0.9170683851343213,0.005957355709371207,0.008199775709006506,0.04441463605894213,0.0891103976291884
S16,baseline,908.37,63.624327808322526,5.929706530812932,84.64885390426315,82.91153610950109,49.09090909090909,0.9644508766170143,0.0038531539636167548,0.9573731221151031,0.9712294259354419,-0.012394661637847264,0,17.202099065659798,2.683947818808734,33.95465008980887,0.029216768005756653,-0.058320172900535754,0.9188521998236515,0.005225931037572651,0.005261833361891312,0.018969561122380005,0.03973510851391937
S16,baseline,938.37,62.713548566707324,6.009535972227612,89.9948308779056,77.08057146151174,56.896551724137936,0.9597806129422243,0.0020534193165596096,0.955745820302407,0.9650366696691197,-0.0051148854952631495,0,17.066233238520926,3.138987039589085,33.936329170590355,0.024573231819784356,-0.022056986980501517,0.9187900441001909,0.006151164407307575,0.006658326712057541,0.02438314852040568,0.05616305097897496
S16,baseline,968.37,68.16913644578787,5.9732825301315575,76.89895097278172,52.105335488743954,34.92063492063492,0.9617731370276419,0.0036103634946527954,0.955745820302407,0.9684621502505638,0.009654212140727777,0,16.28285647825076,2.969136496846084,33.92009701320103,0.02722918725060288,-0.04535742966921243,0.9186680822939521,0.0064758740797736004,0.007177071869698549,0.025095426662216258,0.06042617610155585
S16,baseline,998.37,67.71756738160815,6.029811457638474,79.24045908648668,58.500610497424965,32.8125,0.9648524896373011,0.0015209930306916619,0.9610952484484756,0.9684621502505638,-0.0004349767159422649,0,15.095889707581321,2.4045909382613826,33.9017927020845,0.025650737013427027,-0.030694144411034158,0.9192832433936323,0.005623197832175584,0.007406258471756893,0.018721622859347028,0.044835508459636526
S16,baseline,1028.37,65.49232452201154,5.91283706595909,82.32401004801386,68.02496133718586,42.3728813559322,0.9651684605278145,0.0012236726327906073,0.9610952484484756,0.9673956268545205,0.002430616059168529,0,15.673591242691876,2.6942408857955362,33.89072456287202,0.025329717802976374,-0.015544819927006289,0.9169013305883476,0.006770427691841689,0.007369619360071704,0.048164951144030126,0.07667636298506274
S16,baseline,1058.37,63.058658821582696,4.569187788347737,69.73032836856015,66.41692376038839,37.704918032786885,0.9651429433958987,0.0011879058111846433,0.9620266011884265,0.9676533182622203,-0.002532741565482008,0,15.368531102979611,2.550718831820999,33.91764662243071,0.042561541921004406,0.11694656209345547,0.9125048066744642,0.005552079268322434,0.005332752183959368,0.03851723465931498,0.05118451161580321
S16,baseline,1088.37,63.56721447686671,4.32306328711231,63.24577271413895,59.511119999164606,35.483870967741936,0.9630682046760766,0.002033851277353072,0.9576052783440576,0.9676533182622203,-0.00616215042599484,0,16.025641025641026,2.467992226927239,33.96710833958217,0.033176021776202255,0.0701545626489334,0.9123049763833584,0.004416007710399553,0.004624256024926181,0.018158079823355166,0.03480186467602862
S16,baseline,1118.37,67.68102570257679,6.794743465800214,86.96423701505677,51.36901313247199,28.57142857142857,0.9623930302092221,0.0023315742557318687,0.9576052783440576,0.9686490816458032,0.003587021517861989,0,16.656531739946594,2.8619948740109655,33.982843125116254,0.026013283361935268,-0.017073034834301393,0.9131872545300517,0.006194072088725916,0.006810064348236591,0.022069587691119105,0.04277733392254302
S16,baseline,1148.37,65.90528704089438,6.607930490110379,88.90432511944124,62.033732915007285,33.89830508474576,0.9657117004700047,0.003333492199257023,0.9590405168882601,0.9722878274377396,0.010656471440834167,0,16.138948662772822,2.7175209062916474,33.97954909043085,0.027703234177139137,-0.0015127287992785317,0.9136131060758157,0.006507469428995266,0.00724781995860204,0.030812261179421114,0.03847024213265178
S16,baseline,1178.37,64.71440920221406,5.693879432681245,79.68723730630629,68.2642408826061,51.61290322580645,0.9717635870536239,0.008784275637073234,0.9643038853436684,1.0056868214017862,0.018559295893700388,0,15.911903619326647,2.652781084502674,33.98613640122186,0.027309348400053373,0.03142657922481217,0.916140059505538,0.006529383494294683,0.009504674492027411,0.03440305440143586,0.055923002456194706
S16,baseline,1208.37,67.93739412683436,6.9719142972912245,88.29737509003512,53.052994961069295,42.62295081967213,0.9975004293189792,0.02417413042107836,0.9670242843199508,1.0305161363219424,0.07879590938813837,0,16.348349595183723,2.651694962364425,34.00024072556268,0.026551814857819492,0.025303184470320754,0.9185040292593621,0.006111594271792259,0.009533518054680305,0.027744703999719924,0.057544762878966364
S16,stress,1988.3685714285714,138.94092736190035,6.870721800786341,22.11550602488463,5.8571810065137715,0.0,2.6991295943405094,0.07474782846010555,2.5530655103502657,2.8982679108022777,0.23162105201941666,4,16.870010543756592,3.420837997146575,34.0522721303304,0.047092356559562065,0.13537452962726648,0.9178871506984502,0.023303878748374224,0.02427041717196886,0.03411074152001613,0.0467460752394088
S16,stress,2018.3685714285714,133.15009453616358,5.185426518948637,18.87965532243591,6.347176459714142,0.0,2.810053117321393,0.07486678298764915,2.696568918456144,2.971903650181576,0.22734548533627225,4,16.766020864381524,3.2141554194096713,34.1032563353039,0.031760249554030284,0.06581554257877784,0.9178806882378516,0.02046596608094296,0.02140104447588005,0.03257268815080537,0.045883769116703076
S16,stress,2048.3685714285716,130.34214174554515,5.914993605592185,22.30610297047385,8.662374656748431,0.0,2.9485730782299435,0.1063086662648385,2.7429020820293486,3.184575318790648,0.25803580537176535,7,18.716056259573875,3.0588975432070993,34.160522012619744,0.060774185148107465,0.1679366643021776,0.9185156276071338,0.022815163003027824,0.02333158555549676,0.04001887181640419,0.04590691499406586
S16,stress,2078.3685714285716,128.73940561404578,5.465456870761579,20.346054207177236,11.40090187897576,0.7936507936507936,3.01090265087098,0.06696581517068659,2.899103062312463,3.184575318790648,-0.06592612400640668,10,22.280576112039473,2.968755662026748,34.253107507614864,0.07117355896240199,0.21673851449194445,0.918253310244588,0.020891285731083557,0.021910408905239882,0.04026055470471007,0.04893775344517418
S16,stress,2108.3685714285716,126.99270079925974,3.5010211722348252,13.307779359453162,5.659739663732291,0.0,3.0427794623584736,0.07349312967065384,2.8999279465913927,3.2015431602496354,0.22819460421063323,9,20.605246849824415,3.090145500529013,34.309512887137274,0.028165531772485163,0.013991842405468457,0.9182027505874722,0.018438485585963095,0.019655374837902456,0.036583319361771366,0.04582901184201978
S16,stress,2138.3685714285716,123.53644433705334,4.823000345188106,20.08718775996116,7.478082170414691,0.0,3.1570383566276843,0.08475166370426129,3.0220468505877944,3.3422145543120445,0.2695154052913971,7,20.67743205986609,3.3010470308660516,34.30281889125279,0.028876797569078936,-0.04057340324755207,0.9186713403341218,0.018095343433480144,0.019072656606306283,0.033999591248344646,0.04206885815618444
S16,stress,2168.3685714285716,119.0137719003385,4.845837818978303,20.775142933625066,7.361726111304908,0.0,3.3300851676746928,0.1409052478188569,3.117578894009747,3.637275755469606,0.4736100941506623,4,21.29533263950044,2.9917375789013896,34.29828872535342,0.027802373573233313,0.01724712707052218,0.9180107318285928,0.013302584823776113,0.014709028123139697,0.02833752272939166,0.03909730375445289
S16,stress,2198.3685714285716,114.65420450103018,4.390892916109807,20.47874226526516,8.882534374243708,0.0,3.545103437801988,0.12857535451147825,3.2898480337625284,3.7634008665792495,0.4225670176733664,3,22.45074581275773,2.622390279230508,34.299932603381926,0.02841074109649805,-0.014894490981297623,0.9185443706636439,0.01141148743390807,0.012566458758507046,0.024650823617630924,0.03216230067554242
S16,stress,2228.3685714285716,115.38819608994359,5.567863080354299,25.553824365668515,10.521012798796685,0.0,3.7596082484430897,0.1299971113653749,3.5562420684167173,4.051378544329235,0.4261563371566462,5,21.50592693105302,2.9799380765448245,34.28352835736956,0.030649302548562542,-0.044453011123468965,0.9192476837680134,0.011726997834222467,0.012766831679250915,0.020516539422722208,0.03211269362024053
S16,stress,2258.3685714285716,114.87176500807658,5.529414008711428,25.473835735090486,9.713244534074333,0.0,3.9671288936475495,0.13306555997287328,3.718017206042812,4.428260858017046,0.3453381307757385,6,20.652521328645538,2.8718093582497044,34.2847927100772,0.03343906450689362,0.0634766959178069,0.9189597481844719,0.011379079119040784,0.012482008071860912,0.0165680171596441,0.03287521272220283
S16,stress,2288.3685714285716,118.19515842697434,9.351435995344476,39.243507301559966,8.062694171161253,0.0,4.086403248143433,0.08846690554028383,3.9500381358107006,4.428260858017046,0.10782902935471497,5,22.662611596193468,3.6836351589854903,34.316401261102584,0.0351278763073984,0.06812318016505384,0.9186992096593597,0.01203737470236591,0.013269475648925982,0.017059158164606267,0.03533567623003038
S16,stress,2318.3685714285716,137.3602781304681,10.025747828082007,33.09611824860038,3.34399823106071,0.0,4.176733908867914,0.08823821889339369,3.9868702196818817,4.3511716407811685,0.2791940321591651,2,23.95395862498055,4.074974089485419,34.32278337315151,0.03025244755144453,-0.04699394251836472,0.9185997006607447,0.013319272932042263,0.015022519195670716,0.01845592198231994,0.04463744556243808
S16,stress,2348.3685714285716,148.33368140496842,5.8387564554834706,16.316841686122316,6.526359159298752,0.6802721088435374,4.299242677816174,0.07402487409008117,4.143192973163045,4.449577028589351,0.24087950728545782,3,23.6468330134357,3.2143098969605104,34.28149448503767,0.04244011578828077,-0.11458699494146302,0.9184039662814388,0.014579912230583879,0.01664086994799523,0.016381640454353977,0.054369887295209696
S16,stress,2378.3685714285716,147.7378708288831,5.000713724752884,13.901144931831489,2.857142857142857,0.0,4.429491985351724,0.09295444802833973,4.29752034923284,4.645137827425825,0.30666246550089815,3,22.226702283151052,2.8913071145291527,34.229704192388624,0.0364092011044624,-0.08919134798501502,0.9185227875413775,0.015008487910411896,0.01694938208601432,0.020042178256902195,0.0555144588865929
S16,stress,2408.3685714285716,140.92639712263343,5.119951758157154,16.33850326313991,4.867952423628233,0.0,4.550751009050299,0.07129192295497172,4.406463082817372,4.733847278309643,0.2117398470424333,5,21.939561731135896,2.705582857152768,34.18800556219192,0.033900431289651235,-0.07861270637102379,0.9189614721874286,0.01366503650893406,0.015382349136724593,0.01927008921386549,0.04939344543129315
S16,stress,2438.3685714285716,135.93919173021865,5.445434312305382,18.030628179076956,4.7540802809478535,0.0,4.626448206281123,0.04692229761390951,4.558526559196336,4.733847278309643,0.12203071052982299,7,20.386266094420602,2.98284108538667,34.150949271792456,0.03200693734426394,-0.06918266898125848,0.9193964754546725,0.01259706329274663,0.014184764511893785,0.014503260856536141,0.043122938750140845
S16,stress,2468.3685714285716,131.2793557579037,5.4659316460046865,19.92251899719408,5.632143008717124,0.0,4.681825937238847,0.0449026196922589,4.6026826545743535,4.832614765828046,0.09401362832355005,6,15.684126667994427,3.873791414902847,34.11862164451962,0.03011566403423101,-0.05935516805109461,0.9192173462888901,0.011932270612479966,0.013538040078538689,0.0124445818924793,0.03945649365781671
S16,stress,2498.3685714285716,128.1536664562166,4.5697874296202015,17.506370618860387,5.345224838248489,0.0,4.731872497022419,0.05571234198911561,4.639268477568032,4.88072507614923,0.1080994273766523,5,19.456454601605927,3.8383669277097234,34.09727946762811,0.02575305829625821,-0.02450734312100281,0.9189724061337184,0.011589038109685245,0.01325910583610434,0.012507230414547762,0.03925271447012774
S16,stress,2528.3685714285716,125.59783178734837,4.3595105599193555,17.046934914418706,5.287487538822564,0.0,4.758926413393565,0.06120962192335698,4.639273806295067,5.032762747164846,0.060106968869757686,5,23.435122248148524,2.84002160075657,34.0950546954927,0.02489661685123364,0.01272466420752679,0.9192373993391141,0.011820406108399885,0.013278623923136893,0.013220735736566673,0.0373209314651122
S16,stress,2558.3685714285716,122.97513223473699,4.857267017179065,20.526387920639316,6.840008354213775,0.0,4.831385958953704,0.1016112465054255,4.691046301457266,5.124655568640232,0.15390003959693027,5,22.8390905795225,2.268184494239355,34.10374956112816,0.02554441326561454,0.022847377515049602,0.919667518035188,0.013396852043693187,0.014463340823808532,0.013606942343605606,0.036241330511853645
S16,stress,2588.3685714285716,121.51332736842677,4.920719033852179,20.860846439449645,7.759128922285868,0.0,4.914648783028078,0.09510395878479219,4.771005072295889,5.228536170403623,0.005091497657626356,6,21.768187893832348,2.677138179947046,34.114004921322774,0.02577898828718639,0.02263703032212877,0.9199912208973057,0.013040547320116098,0.013945528324733458,0.014425470823056969,0.03443094456987584
S16,amusement,4320.37,79.1279963310894,6.607967835315258,62.88615594541768,36.61983098331906,17.80821917808219,2.020933187399846,0.01947950730463164,1.99537020240868,2.076166340325809,0.06041875083575859,0,18.59278162595698,2.2405602488934337,34.331552286783854,0.052680371971640556,0.15250478246048482,0.9210268504972366,0.008358177759494063,0.010093766017323995,0.014245367951328065,0.028023509743510974
S16,amusement,4350.37,81.33496108822023,6.23511103729863,58.367914157842335,33.180444771395535,14.102564102564102,2.059576586309511,0.02932866507533487,2.017843371580694,2.122842325906927,0.08544913375605781,0,18.14577615126563,2.0436004262950784,34.380854386102584,0.02951240746831711,0.04097137744583448,0.9212064435041442,0.00502573572592939,0.006885808656336415,0.009570820444755565,0.02620259908787387
S16,amusement,4380.37,85.42430441447468,4.67441422607217,40.183767684734484,25.903076800934326,5.0,2.1120441650755604,0.038640854790240944,2.0336319204243343,2.1838637998735493,0.1190854751687901,0,16.008537886872997,2.9916470253223855,34.389210493541896,0.02704621390955941,-0.0014084650415806914,0.9215440341763711,0.005169377875501468,0.007599309071985035,0.009341588565415565,0.027622735558315722
S16,amusement,4410.37,86.59697167478774,5.43711192521593,42.569786351097754,22.834278530229778,1.1904761904761905,2.1656673623324343,0.030435738779957606,2.104632795011002,2.2106063587465457,0.0965138696708182,0,13.750724053693302,4.291605183645673,34.39409348769415,0.027665230760756897,0.023594589320859703,0.9212003331410815,0.007767587996242799,0.009260454929555951,0.014996795902843594,0.02409179603231379
S16,amusement,4440.37,88.51123550361983,5.138191121188787,39.99604677715838,18.175003521068476,0.0,2.1937680558635604,0.009304924432148006,2.175098715564245,2.219900939605938,0.014044990366877643,0,16.194956427855324,3.972800075798173,34.40169561040969,0.026589553618155348,0.005007502382685114,0.91975002271162,0.008071795268928489,0.009762235983291899,0.014082084440936643,0.0281618559120954
S16,amusement,4470.37,89.78351184116772,3.629786307269359,27.255367942604604,15.878714705699872,0.0,2.190838851256658,0.009887716642657684,2.1725855435763797,2.219900939605938,-0.02631469993053486,0,16.80252037805671,4.106376075560739,34.4025609021868,0.026641229692755588,-0.0001246465519381173,0.9203279248793776,0.007773932582216036,0.009001984937621344,0.02032964252467956,0.026183358245322665
S16,amusement,4500.37,88.21935163496691,5.151185774856686,39.60816464056584,18.062276910070885,0.0,2.1790396919681667,0.0065517567756655315,2.1652112641669623,2.1938356933495125,-0.014568187967086203,0,15.27947405347816,3.952057631824214,34.40567441958473,0.02707710856810023,0.012446887297412113,0.9215172935566247,0.0070851592841868405,0.00802043532817217,0.013643328281416834,0.02009274017611452
S16,amusement,4530.37,87.23819174858903,6.238311963431758,49.18057157923349,19.41441060563614,2.380952380952381,2.1686284573749424,0.00851595387477498,2.1510607055514184,2.188168764994964,-0.025614443167639223,0,16.247582205029012,2.56332740680316,34.40608200218564,0.02709109158028812,-0.008079174739640623,0.9213814758254266,0.003952313568057619,0.005506738039561896,0.006420909370919211,0.018918378179288067
S16,amusement,4560.37,88.06515117048575,6.11174270787578,48.25290617436453,20.71703835665968,2.3529411764705883,2.1590381453518104,0.011245479651557573,2.1383627590093073,2.191113121532366,-0.008731388976599384,0,17.65840629173468,2.7952260977509154,34.39768539065406,0.027476707458550888,-0.022572212247626632,0.9213636113352943,0.004110621812887752,0.005926204329662885,0.006550109681303885,0.02084477394788624
S16,amusement,4590.37,84.70166014274277,5.939461404375349,48.86658768158845,22.979449024131707,1.2048192771084338,2.1630755230170586,0.013563390019584516,2.1383627590093073,2.2015828158606503,0.029580015386888585,0,17.326732673267326,2.4051209045823048,34.388132160005114,0.027218173161290837,-0.015926697509169665,0.9211319627738812,0.0039286136093623246,0.0056875247470571785,0.005730133671363066,0.020096644787414665
S16,amusement,4620.37,87.7429089225037,8.381234760701751,66.09208714163518,18.165571700281806,0.0,2.1727889790667145,0.007796775128167521,2.1604968054893803,2.2015828158606503,0.006144652624999612,0,16.5693545841881,2.7558727844360686,34.37584195600237,0.02855958068184544,-0.034125238944592254,0.9205239494239374,0.006871181283049435,0.00821828847861236,0.01992599529703262,0.022117771755391074
S17,baseline,92.23428571428572,79.0214948261315,8.625622476111626,84.74692959682784,71.71854885794046,41.509433962264154,5.45827515599561,0.09066522639240017,5.336553044989994,5.647707874809878,-0.2958116193397526,1,14.86650485436893,4.169828119306921,32.730611153012234,0.11808157566168885,0.3861723899412343,0.964819295477749,0.0211491929508834,0.1335412448296781,0.10008067480182949,0.15875296765560734
S17,baseline,122.23428571428572,65.05169033021944,7.0926637270223205,99.04427237609127,106.8125233528605,66.66666666666666,5.350255157278666,0.03585625867432023,5.309691653448537,5.436120602363362,-0.1137931280762809,0,17.297768733192818,2.4860746349166565,32.883755343482605,0.05980401855068296,0.19021523583543257,0.9698303566013362,0.004266203309794301,0.006709129641499128,0.005794732295545338,0.005738278107951
S17,baseline,152.2342857142857,68.3440153144683,7.190698755004194,92.38843697224966,77.54166845829933,47.368421052631575,5.316236637697,0.006757233275010842,5.302060923556989,5.336545698277763,-0.014903785711493167,0,18.347680842862648,2.415656939306333,32.93857695951916,0.02406880709004633,0.040152085469123515,0.9689332304227164,0.005318858029420158,0.009040025391054328,0.017172372354022573,0.007159400829812742
S17,baseline,182.2342857142857,68.77072268806747,6.596122787964497,84.09964694962957,83.15620396317459,50.0,5.317844575632279,0.008266772837699811,5.302060923556989,5.338840406306295,0.022866758498357235,0,16.267720195212643,2.4288465981047334,32.97802804202125,0.03946957161735285,0.10717648607432802,0.9687325751311862,0.005883450363830761,0.008334204566579469,0.01111169827196809,0.0075784356276245015
S17,baseline,212.2342857142857,63.73180889709209,5.899749550230373,86.77506234101102,90.5593931083937,67.21311475409836,5.3172878841944975,0.009423805323117086,5.2966645138879205,5.338840406306295,-0.023592373494344215,0,16.505784393191366,2.246857818439601,33.03720747375488,0.040456011799811877,0.12377203673047024,0.9696924147920848,0.004840808368800345,0.006740907678410413,0.004110961943093066,0.00625569856371283
S17,baseline,242.2342857142857,62.636076110333576,5.245791069705961,78.6361207790433,91.04556045347324,65.57377049180327,5.3051748197079736,0.007743066079913491,5.29196619348558,5.325625915727658,-0.024067035272325843,0,17.25820535209821,2.138812836554284,33.090265697660904,0.03285415767409855,0.09537333710646936,0.9701863480375738,0.003633106404748613,0.004561877877398628,0.003369645244137926,0.004475259831496672
S17,baseline,272.2342857142857,62.0203084463413,4.642498447822162,71.9398219897918,88.96093310576065,61.66666666666667,5.295470667634241,0.006288951008580804,5.284244011182669,5.30816729525318,-0.01927214919576187,0,17.589320769532783,1.9216535255039013,33.133257359095985,0.028885779868360866,0.07810640821489288,0.9703594705498534,0.0036151390043582176,0.004729198737245765,0.0031072520611153827,0.004458027439899182
S17,baseline,302.2342857142857,63.254565583426285,4.952879087968663,73.80084050305197,82.1557522250246,55.932203389830505,5.290632311071364,0.0038300323871959907,5.283410444642683,5.3007783556865755,-0.00296408631287544,0,18.30018453967603,2.062173682244761,33.17031308710008,0.027778351630834145,0.07177957085130882,0.9706232501779618,0.003909687816646855,0.00537870727962517,0.005122137754473674,0.004874198782261514
S17,baseline,332.2342857142857,63.43443760135713,5.869749094697869,87.25293584604633,104.3047670307982,63.1578947368421,5.297786088059056,0.008754094563671638,5.283410444642683,5.320223710092503,0.02568508035981227,0,17.856668349586798,3.3925377187823647,33.20913903154646,0.029719308949462883,0.07441223111460943,0.9705393743553747,0.0049804381916020105,0.019645205417805445,0.01141526752045593,0.011715227175257487
S17,baseline,362.2342857142857,62.595315257962085,5.683939965150882,86.77810425099783,115.6267347068823,58.490566037735846,5.309992438527858,0.007384704051490438,5.294124274797051,5.331676077528353,0.02090194192270155,0,13.167176110980487,3.4488576138585225,33.25860042898996,0.03702125368259075,0.10289562690398246,0.969927319779119,0.004782914097706134,0.01623642386119608,0.009589883588457544,0.01012153641255811
S17,baseline,392.2342857142857,67.74136745909409,5.8155871459159,77.46572766060032,74.00197643986817,38.333333333333336,5.316418821549987,0.005515489785625021,5.306340781164805,5.331676077528353,0.006154533221369264,0,15.418502202643174,2.304867883329929,33.30735596357073,0.03177237139298907,0.08515969560404761,0.9703486166471151,0.003936641145502509,0.011121671400608052,0.004481233705046156,0.007009107286433235
S17,baseline,422.2342857142857,67.35441205236519,5.912760186978807,80.12714837711509,66.09896960890917,44.61538461538462,5.3201681622786525,0.0058380100157468745,5.30766476932928,5.331570093523291,0.0033811145819586104,0,17.64444224781298,2.1613587507958716,33.34515272231329,0.02749818724987029,0.06819810106154824,0.9713102803742429,0.004023369031582116,0.008673734912020987,0.005356307316693228,0.005994063748841055
S17,baseline,452.2342857142857,65.04977064327002,5.025101509133193,72.09353034633698,74.4132844455471,54.09836065573771,5.32273998628488,0.006103521304750755,5.30766476932928,5.336089620372196,0.005435500570104861,0,17.65054879857609,2.251532907124849,33.373089495704285,0.023992528089970818,0.04094292993633335,0.9717552769239158,0.004013146254912656,0.0071949797171329795,0.005814175669289441,0.005477740991871209
S17,baseline,482.2342857142857,67.25859817337361,6.212829969880111,81.02219367499939,90.14708313994113,55.00000000000001,5.326417103027371,0.007445543298302818,5.312534787215343,5.344580468215327,0.00942678074829727,0,15.399523348086843,2.771570597987799,33.39856252688453,0.026296073895890608,0.053905915970368846,0.9718709520630986,0.00404629759317247,0.00966308256929883,0.007069935189071581,0.006379653899963871
S17,baseline,512.2342857142858,66.93285555682162,7.013609608535923,92.24704314866736,100.01020356106936,58.620689655172406,5.332948496756959,0.007598129397003128,5.314589594691873,5.349816291188574,0.011036900074261941,0,14.968687948678784,2.7388872749282336,33.426298468453545,0.024969537177853707,0.04961624679715536,0.972040111538626,0.004070413251692987,0.008656973797811189,0.006027567302780582,0.006058832776428378
S17,baseline,542.2342857142858,66.78732460954659,5.780469443373645,77.9914163537745,84.16376682020798,55.73770491803278,5.344076986346199,0.010423325261088577,5.324425782257903,5.371773074232081,0.03409053506400322,0,18.252466895035532,2.213544487964391,33.44286116609119,0.029342594751443067,-0.001847361833477112,0.9721617434715211,0.004606037780833511,0.008981790654983397,0.010524992121753209,0.006412304167180623
S17,baseline,572.2342857142858,69.55585775620966,5.109915156284521,65.39457099883363,63.05042106746129,42.42424242424242,5.358995999243892,0.009591944466889329,5.333027379969407,5.37712507822973,0.028997955830262736,0,19.73787269594277,2.0592227167769397,33.345672755650114,0.10846944229549957,-0.32228972211518253,0.9729061464095093,0.005186471426969038,0.01634121154116144,0.015292853962717474,0.009553150445300246
S17,baseline,602.2342857142858,70.17063343014841,4.536337715936082,56.46059532659768,54.45985999376252,35.294117647058826,5.375142096268216,0.010215437207210538,5.3537792369177595,5.396352858550796,0.03129001690733943,0,19.122780391561694,2.1451161865815784,33.292511459350585,0.059881684784926836,0.1532997278632345,0.9741671628941053,0.004460190865287212,0.016695343893694106,0.009666901628286659,0.009384771979905877
S17,baseline,632.2342857142858,67.5568380155919,5.663123281813109,74.3922783426407,69.38388678026038,42.857142857142854,5.384224795463043,0.00409210365889449,5.375617707300159,5.396352858550796,0.0021266829025691583,0,18.62333394193902,2.1510885691701467,33.357002105712894,0.02950785907694682,0.07357618331188735,0.9746525841712632,0.003618446142125733,0.004524595370767019,0.0035010958586561836,0.004239107362343825
S17,baseline,662.2342857142858,66.44355876551872,6.01868743088952,81.06303106182789,87.46344509225123,46.42857142857143,5.390019018352611,0.011171636856780975,5.376483175942693,5.42178662620207,0.025944354300865172,0,17.588400031407858,3.202710634958053,33.38667693655832,0.025233933656812393,0.054974305537088465,0.9748002277560157,0.0037399151111025567,0.0120050394333483,0.005532235764660439,0.007122931520048569
S17,baseline,692.2342857142858,65.41793630688247,6.3916137417940995,91.95834701547861,95.18376426466772,44.642857142857146,5.4179026177165035,0.02660885700721163,5.383798791370546,5.467340411831127,0.08826913140703385,0,13.622074746769123,3.1142077275623183,33.41921782502674,0.029656908906036082,0.07658148154015243,0.9751319410820329,0.0037659866216865276,0.013352991001966364,0.005193245590894796,0.007698985447180712
S17,baseline,722.2342857142858,62.97163072278288,5.761092737268602,86.2362940570756,79.06558233033864,49.152542372881356,5.447516347853113,0.014625886865562683,5.410280014267976,5.4723082861124785,0.0365946801947969,0,17.891627854140634,1.7790891555086497,33.4541272437686,0.027148304251205662,0.06196673534711126,0.9760258885441296,0.003701206889401062,0.0067536517565896835,0.005904780801003534,0.004972850447408043
S17,baseline,752.2342857142858,62.120495143665345,5.250841199285788,80.28485284517798,88.77875445830749,57.6271186440678,5.459005044622034,0.007527659042633959,5.442842024341511,5.474314561181206,0.01655004270503228,0,18.027571580063626,1.8052140053011287,33.48484457397461,0.027350016174253502,0.05985730306628729,0.9765278515175475,0.003673797855651341,0.004555286217349481,0.005381282822889086,0.004332049399901007
S17,baseline,782.2342857142858,61.58009933139026,5.600508921362805,87.74122175014763,90.60715995108959,58.92857142857143,5.464490988182421,0.004257122634387835,5.453712796489563,5.474817964647049,0.005318811409739028,0,18.12366737739872,2.187541535557691,33.50246530151367,0.023352976682428337,0.01705400102926283,0.9772418973654574,0.004314583415516712,0.0104044250464624,0.01929695342694092,0.006803068441169883
S17,baseline,812.2342857142858,59.07537389945855,4.428145228676742,74.44384797847131,85.14163101115803,57.692307692307686,5.471279379789727,0.006903951467735599,5.45889673081241,5.484484461696356,0.018827836483675826,0,18.821668643732703,2.2492829467152355,33.518625726609,0.026493218823187385,0.0506762339051319,0.9784615618924136,0.004216037807578032,0.008125528407131988,0.009732725942813958,0.005817372859416163
S17,baseline,842.2342857142858,59.43362895114074,3.5482815762809548,60.123296512855035,76.44070786028749,52.27272727272727,5.490266027701554,0.025204350513409045,5.463932383887934,5.567477314969719,0.06607107381222004,0,16.420361247947454,4.295811400059294,33.54109989347912,0.02308757850019732,0.034652241733360276,0.9787268090422341,0.009126369074902689,0.03456738291914289,0.016047959567471032,0.02158574982784147
S17,baseline,872.2342857142858,67.66402861654639,7.814491431248537,98.69720115098738,77.58847108611594,47.61904761904761,5.5157112574894445,0.024790673530635417,5.471477729824116,5.567477314969719,0.062059028320789314,1,14.906076507719218,4.464325021799366,33.56554960777646,0.028227516002195883,0.05508063646800884,0.9800224076869704,0.009570088764342155,0.04737385686784204,0.020455487590500577,0.026187152607052618
S17,baseline,902.2342857142858,59.74511252374917,6.336799478085777,102.86601748015714,114.32247308005745,54.90196078431373,5.535296375298346,0.013274684580608246,5.513053374728726,5.566621207407706,0.025729648451164534,0,18.603106054314424,2.239385802684683,33.60019780186244,0.031708059490621145,0.07307712024753381,0.9812660648038648,0.00436209957480682,0.01129831789756386,0.008952111345857414,0.006490140454202002
S17,baseline,932.2342857142858,59.45623148079552,5.817429883552505,97.31853200406266,114.36840000757485,62.264150943396224,5.535146264491543,0.01301181642804833,5.51521627544474,5.566621207407706,-0.03301819106884423,0,17.48451891554353,2.0278474097089982,33.63537045506069,0.029454530549434556,0.06865821731883043,0.9812853692518495,0.0037895784022582346,0.006490322379167026,0.003394667831913511,0.004661670301162581
S17,baseline,962.2342857142858,66.71990107269103,6.259946633233306,84.46650975292675,92.3298494902024,64.40677966101694,5.527061483263221,0.007072174433340365,5.512827288006576,5.544511710003559,-0.006636251633365515,0,18.18320727328291,2.1928704656339257,33.64654623994373,0.022625217670750583,-0.014368467389140873,0.9818603168913664,0.0045288890500098464,0.005696786998640913,0.007797678322597431,0.0050829087024687886
S17,baseline,992.2342857142858,68.993092452547,6.09398407663766,75.60416467496337,70.9272657919213,49.2063492063492,5.521963300742358,0.0073148220616108045,5.5079378799910055,5.544068947007364,-0.015444084032690252,0,19.392937859972292,2.1018270030884723,33.64880619158063,0.023524193865955174,0.026304681057916248,0.9824831537965528,0.00451684431182119,0.00565812917806602,0.0061993116226288815,0.0050459239138335756
S17,baseline,1022.2342857142858,67.92711930789135,6.3221760309023045,80.10232887630289,79.82473394943919,50.0,5.518675571721762,0.004908101417868285,5.5079378799910055,5.529493464419956,0.0022779866014214583,0,19.018867924528305,2.020135507232098,33.667479153587706,0.024969839731203963,0.04415406090705046,0.9829424539582501,0.0038740913978405813,0.005253330592376005,0.003594295220455753,0.004417919821871124
S17,baseline,1052.2342857142858,70.5777258656601,6.940776050462332,83.66005552958163,78.58061884313967,46.15384615384615,5.518916012740771,0.004706337178148572,5.509108822793576,5.529493464419956,-0.004552249242083272,0,19.107314360814843,2.0463584625040294,33.68801613217308,0.024506952808725266,0.03910500211881197,0.9828719778129058,0.0038684572542330284,0.007383426437379845,0.007306845434423947,0.004727471340633309
S17,baseline,1082.2342857142858,70.14882855293884,6.485586304652516,79.85932565892793,89.42417834942283,50.0,5.524995860388086,0.008261795709550017,5.510693663575468,5.54083858793345,0.025008969141358462,0,18.355227640813386,2.775728238433005,33.709083480108355,0.025474878777771583,0.04689420187886689,0.9825382651161523,0.004006698067764475,0.0077262897809541545,0.005965459479232987,0.004932471958822756
S17,baseline,1112.2342857142858,64.2033996169603,6.058761433546846,88.58193809425367,79.74631790031995,48.214285714285715,5.534821256012714,0.005521999762317809,5.526075407638259,5.602167405620953,0.007107003141906145,0,17.402563770555485,2.9204131509955538,33.729911113194056,0.023849074534654784,0.033058644527315044,0.9819690315674284,0.005163317617622659,0.027571169786156403,0.0069719402513401234,0.01596811846495595
S17,baseline,1142.2342857142858,78.75980516575333,11.032918835219347,113.00022323050688,66.18784558958002,21.428571428571427,5.569087895840522,0.059382743541143646,5.526075407638259,5.764137464705228,0.04188186684115291,1,15.003827507017098,3.788426981298713,33.67804014878046,0.07386836109655247,-0.2032122576989722,0.9685053347294845,0.022175785370965567,0.21753107828430293,0.07791819144868374,0.19641839439352077
S17,baseline,1172.2342857142858,93.13622352639224,8.138143430758555,58.661526226003325,32.70090593750601,11.320754716981133,5.584693539693967,0.05506595199193808,5.533683248714398,5.764137464705228,-0.10922448703377051,2,10.393466963622867,5.365868974437422,33.60383627827962,0.04473318603668292,-0.06818396090892423,0.9598710596432741,0.019813305040302057,0.1579699912521255,0.11628774467496211,0.16858263037249943
S17,baseline,1202.2342857142858,75.50798047020326,8.558442553600482,90.11238605495275,65.3108429166321,50.98039215686274,5.579964348384959,0.024826224265863846,5.533683248714398,5.66455011608549,0.026467231607379637,2,11.901695089906745,4.58134809695655,33.60098158409482,0.026562359011354807,0.025357739304120497,0.9645787298199485,0.0115549878015174,0.08678654007184682,0.058724423146051016,0.0735908254130301
S17,amusement,1740.2342857142858,69.81529854039712,6.8309561229921325,78.77232941662503,49.33108279760643,25.0,5.740560352574626,0.017939768374523466,5.711114278025664,5.7928152217985955,0.05562304551136467,0,16.153431963282994,2.793019274180417,33.59481416175479,0.02801495139885824,-0.025984130834496355,0.9214805166996489,0.019287885080901568,0.018279631770253844,0.014698471106638947,0.02664735482524098
S17,amusement,1770.2342857142858,92.0758994869733,8.452713014905887,60.32067791125585,36.51705495906067,14.285714285714285,5.794282596543525,0.05932616341910891,5.734108585795358,5.938580643483646,0.18114701258076163,0,16.255667367024216,2.384738870947586,33.55392054021926,0.05516525777379397,-0.1602365367030382,0.9210076595973885,0.025934543644625087,0.02724831065457519,0.0364463210804921,0.04344838407149706
S17,amusement,1800.2342857142858,86.83988678992905,8.43894245257444,68.7267319694389,48.14557393390239,24.242424242424242,5.915270214649079,0.0947054930860437,5.772438569600607,6.052573529351799,0.32007793398806955,0,13.99138991389914,2.345983379624788,33.51085087803432,0.04346752531747413,-0.03307421521492539,0.9207321426701454,0.020297816997906993,0.022820443672533705,0.03551817306465963,0.039651400322864114
S17,amusement,1830.2342857142858,75.34241484506003,9.301374609916182,99.39141015875713,54.55577983945163,37.096774193548384,6.01988338980917,0.04157401951357618,5.919679305337309,6.06549584424283,0.11615402257249105,0,14.893617021276595,2.8789212042560393,33.51884843372164,0.03199607615914626,0.06690434176740395,0.921606079222783,0.010560087857438399,0.011244874248492836,0.015183757062616389,0.02578446663443999
S17,amusement,1860.2342857142858,68.64689347371974,7.001947559175871,85.53523032000683,65.09778940677212,40.32258064516129,6.04299256769858,0.012746086612475843,6.01906565631751,6.069285456617162,-0.018392942237902013,0,17.420609202851587,3.3204703204041084,33.53467613147554,0.020607167576818866,0.0021318169836177987,0.9226472473569899,0.0038269659377373776,0.005003834825510212,0.009513248533757124,0.014555073800391694
S17,amusement,1890.2342857142858,71.0586322998968,6.221147349398814,73.17153322106928,53.78807733043785,29.411764705882355,6.018956366218691,0.026051800629561767,5.980936014434156,6.069285456617162,-0.08748273464935413,0,18.26787770244339,3.584126064618402,33.534617212931316,0.020950583691426432,-0.00543434247697028,0.922592670355057,0.0036552804083824267,0.004591000875635712,0.008345481306976139,0.012597810012455494
S17,amusement,1920.2342857142858,75.30087183323141,6.462132813601078,67.59896607481042,41.84553444316929,22.22222222222222,5.9783810547759435,0.026433892475833075,5.909504817720555,6.037317953733313,-0.08552581209920539,0,17.734283798216637,3.5007423161482416,33.53486045038132,0.021519524694941814,0.005178071978393671,0.9230141932795998,0.01000279577610295,0.011200443543390625,0.014447719641436457,0.020705941616139253
S17,amusement,1950.2342857142858,74.70791194046126,6.782155068875311,72.7705478646215,43.86448415884476,26.38888888888889,5.936786520289008,0.028276137271718252,5.902640433243285,5.9883275673897325,-0.0864559424111279,0,18.409653465346537,3.048893632157549,33.528498589651925,0.022571412453594956,-0.019698844315480808,0.9233740097714777,0.01235351424785958,0.013784508141917236,0.020966219749673397,0.02208707147436847
S17,amusement,1980.2342857142858,74.23245525501291,7.263185992055708,77.63001088708509,50.54801717986896,36.0655737704918,5.927040032410142,0.016217235724732354,5.902640433243285,5.980183538531325,0.03811204374684614,1,16.186634464684875,3.9794663149227745,33.511931015741254,0.023043300634412428,-0.02723297748508125,0.9232674266742695,0.008516081492151373,0.010821359822204495,0.020419915288052183,0.02262768840485529
S17,amusement,2010.2342857142858,76.01638992637706,7.552222833277042,78.00833401798792,46.01700123661149,27.86885245901639,5.93989359803622,0.009537508217634256,5.925060573596285,5.980183538531325,0.002124596743314276,1,15.39702324217318,3.9028822404092405,33.50218895685105,0.02134874339508671,5.705670206549257e-05,0.9237389424120811,0.004555871892551623,0.0057763627663979565,0.011957206843800364,0.015851905239958324
S17,amusement,2040.2342857142858,73.319714714421,6.650227069527336,74.92594116616675,43.385182406878656,22.857142857142858,5.9466141578916965,0.012931198329529868,5.927332685272195,5.990040573147464,0.0345901436809445,0,18.467268447870055,2.8071194964850408,33.50114785112653,0.021246937130945758,-0.0011034004961448386,0.9240230923010408,0.007949034486550488,0.008968848577448828,0.01507283500204896,0.01489655658751203
S17,stress,3512.2342857142858,119.88848785644424,9.622714114530096,41.80317773727543,14.568627181693676,0.9345794392523363,7.132113451652773,0.03606880328493157,7.056409127494496,7.187449133161248,-0.118951201809473,0,14.491920179423778,3.3056845860662243,33.95175873020717,0.07675391389984548,0.23784558637663925,0.9368060920481402,0.014888892020186386,0.03262227614737054,0.01529277205666173,0.0449650991553843
S17,stress,3542.2342857142858,107.91014784263824,7.100702216296188,38.480607681100054,29.00082342468761,10.309278350515463,7.0858640251358755,0.026907237574398547,7.048235413773423,7.140511784339442,-0.07166447335778436,0,15.05993238397705,2.528429543044653,34.034369575137184,0.03621541376590186,0.08533221893275608,0.937835320073767,0.013469324411911093,0.027228571905566837,0.014029730004458776,0.033155210660471016
S17,stress,3572.2342857142858,107.55297247176875,8.711179281619591,46.182115696862006,31.1357373012312,10.227272727272728,7.0771569091228335,0.02904459348570161,7.048235413773423,7.21023767928155,0.05585536186472818,0,13.744839391803444,2.6782567032379325,34.08815875898089,0.04196992229781369,0.10958806023381908,0.9380572043606673,0.014416740953175482,0.025257798896006673,0.012412961583070784,0.029247669425549436
S17,stress,3602.2342857142858,112.25418542028794,8.206160636595014,39.97702364351766,32.92920410506754,7.291666666666667,7.128745784982151,0.051189832629399114,7.0575352354529635,7.21023767928155,0.14665873038055635,1,15.459851711626442,2.5282507623694066,34.158311199369884,0.05529126661920814,0.1598496081164715,0.9380478670967142,0.014246125940947913,0.025046866297461345,0.013709862662320937,0.029930404680211607
S17,stress,3632.2342857142858,111.88450891444742,7.342849586755713,37.69269938796749,19.233836751685196,3.125,7.186477423811858,0.026605200630421696,7.14605639843335,7.242863446906533,0.050329309937220276,1,14.43947848623489,2.6884191980175083,34.213292577107744,0.04541758570284471,0.06413013660541156,0.9391176554473617,0.012259019282704647,0.033286793455374046,0.011977642533129206,0.03978523812901115
S17,stress,3662.2342857142858,108.51725372596884,9.385515841366482,50.01291065953759,28.275535496718867,8.421052631578947,7.197346701637673,0.022086122746702422,7.151107109208114,7.242863446906533,0.0003273874720085576,2,13.859099158554693,2.712834336427423,34.21949436805362,0.03836936618946224,-0.02751431814039434,0.9410859893053624,0.014088945641177445,0.029899831690404253,0.012294283548337032,0.03295822415583662
S17,stress,3692.2342857142858,106.01127496623772,7.772215078113441,42.499965724929226,27.120291371621224,9.0,7.215223699397818,0.028756705552716706,7.179669482346636,7.282510373027097,0.08587985781334413,0,14.662671282692813,2.1339844684775433,34.261562068394255,0.06322132066911688,0.19424425359936384,0.9410764778569414,0.016206878764322585,0.02740589980274326,0.014245103945045329,0.02681083630450569
S17,stress,3722.2342857142858,100.95774863484047,7.183515324573366,43.58897088986394,29.151560400373207,9.67741935483871,7.279230121704831,0.06134697201232985,7.19398686909711,7.520116085030887,0.17733647651315604,0,16.503379263372977,2.5784363458276087,34.33575599452428,0.042213508709725414,0.06825256109881035,0.9408521611991375,0.014675093255629013,0.02550434158438337,0.014595687422090255,0.025941496144061164
S17,stress,3752.2342857142858,103.38243719327367,7.607834284098377,44.542196130584436,24.225743942373395,5.319148936170213,7.380809705879535,0.07380955567868952,7.276717474948624,7.520116085030887,0.19318173744048492,1,18.70236005972182,2.9175538145160385,34.31972707839239,0.05395810064461014,-0.11219633845945905,0.9404373217255072,0.013140108095481898,0.022362461356837744,0.012457857268978733,0.0238559587660487
S17,stress,3782.2342857142858,107.64330977369278,5.455257473120863,29.407482670599528,15.076987152652745,1.9230769230769231,7.441785293668038,0.018317527561233952,7.409875435304084,7.490771554729051,-0.0051116099323580974,1,17.13804799673561,2.6748653350115594,34.305277016775946,0.04197734513687769,0.09217796537232555,0.9400733835661087,0.015561642300749497,0.0252146830778068,0.01137226643704465,0.024268021257884947
S17,stress,3812.2342857142858,102.30795483027661,8.726084614744016,51.976528674410815,24.66190680980207,7.954545454545454,7.441290128089166,0.01587253744978079,7.403332332409939,7.484233801054125,-0.00783008250125421,1,16.879332864462974,2.958437416705318,34.335902718680245,0.03470448699895442,0.0068171397316908865,0.9415871830330195,0.013340590448698132,0.024634220939894595,0.010864038163917275,0.024473286179622956
S17,stress,3842.2342857142858,96.3891899367679,9.718887242429116,63.10844397963407,39.73140250646153,17.72151898734177,7.435487829888244,0.029564955385804448,7.368930145042653,7.4775060945851335,0.005960469136646221,0,19.732205778717407,3.3830682661224865,34.28626596941267,0.0725019121302326,-0.22389991608601037,0.9422141640341374,0.007511696021272747,0.014277344195811576,0.005529837948909601,0.016326680714471905
S17,stress,3872.2342857142858,114.86706852425534,9.264323808703109,44.14118196404774,15.046310699875235,1.1363636363636365,7.422314409034827,0.041481059295296864,7.335658991100734,7.4775060945851335,-0.036052984486062596,1,18.826107527952782,3.5582311141612766,34.22852576482864,0.05050104248405216,-0.010907424519648856,0.9419419530514543,0.008146529373337584,0.014697811819322082,0.006705306806088779,0.017067302919636828
S17,stress,3902.2342857142858,130.91733052266662,8.884336502037002,32.478156840629126,4.307852426504054,0.0,7.384856744403984,0.04188284879038647,7.33078459317112,7.462968636203677,-0.11457497189788525,0,16.485133941713276,3.496871337657197,34.25199707539876,0.04745443333974058,0.11600768840299344,0.9426626002414198,0.011085106054096749,0.01822328882161662,0.010537663079923619,0.02034886033419574
S17,stress,3932.2342857142858,134.28527402726672,5.980935160161887,20.674140961886877,4.721180023715105,0.0,7.35764920985453,0.012838766100995654,7.3286208802700195,7.417344476414265,0.010407189127626356,1,15.25687597301505,3.585748420600927,34.29279472932362,0.03428972539814623,0.05902575616205004,0.943502304193724,0.012904765742966723,0.025422423017891098,0.011142622545247907,0.02694568067324387
S17,stress,3962.2342857142858,125.45566392776573,9.656132493478708,39.432906495843945,15.264114690309153,2.083333333333333,7.340999931788704,0.027728474528168748,7.284928640419218,7.417344476414265,-0.06931788940569107,1,14.660866763331725,3.452891914242954,34.330233856927784,0.0384852275005886,0.07588082241907841,0.9446558276053801,0.010563942945932334,0.026510809462956485,0.009054401311140034,0.027255208781786264
S17,stress,3992.2342857142858,117.90392556336013,8.930454844964661,40.39505652517721,21.59514438559387,5.813953488372093,7.304206935826386,0.029312122957060868,7.260228193513764,7.368670215024583,-0.08355465397313698,1,14.097234773179109,3.4582181595895327,34.35137998962402,0.03324721221178753,0.023842075165629254,0.944832550891824,0.009074105548458122,0.020605710169054433,0.013989788547312573,0.02356250775327499
S17,stress,4022.2342857142858,124.979947365903,5.827741446272916,23.458155077407284,8.299532022457614,0.0,7.277368472541341,0.016276377374013856,7.2573424698798785,7.354757120809082,-0.030421443993073147,2,15.955714750895474,3.747564212270505,34.38397000848679,0.04629494254945541,0.12806140787823148,0.9435130529409474,0.009480136339878289,0.021178647642728282,0.0122539713674615,0.023876259224517055
S17,stress,4052.2342857142858,130.05567275216222,3.4609475907613465,12.461773894854556,4.060291786036451,0.0,7.266931692447088,0.0170934886519213,7.24455094096956,7.33683610949501,-0.02469573971624231,2,17.067100116828364,4.085539486265971,34.429750986008415,0.0361781646396929,0.070589382373144,0.9425135382602647,0.008349660592430051,0.017215553383781328,0.007506999211101559,0.01732465744195328
S17,stress,4082.2342857142858,133.15683352313675,3.753312447373657,12.635984713037194,4.116998984164682,0.0,7.267321918002469,0.01702612637835266,7.239408148080332,7.33683610949501,-0.0015925206271460138,0,16.761560155377,4.194485380208636,34.478948165893556,0.04923775364355783,0.13043680435450591,0.9424425172516447,0.009021020053463783,0.017176051406080525,0.0064820503020778875,0.0175852464645914
S17,stress,4112.234285714286,132.14071374666332,6.3336952973665746,23.13111549979783,6.672957554646426,0.0,7.279629264492435,0.02212881702335032,7.239408148080332,7.3782835216078695,0.04478347411930201,1,14.923479099515243,3.7941371758506266,34.528020425705684,0.03369908694387084,0.048460451730135384,0.9424185882656331,0.008919217573239066,0.01683950219677133,0.007280634521588658,0.017372532470673042
S17,stress,4142.234285714286,125.75614017903071,7.714949303260016,29.636476255480524,10.608797474310258,0.8695652173913043,7.308496318896997,0.0335843902573076,7.267160661057487,7.41196757500416,0.06327206305810197,2,13.919694072657744,3.8539346044350995,34.537439845493864,0.03472553827954198,0.013881426216861288,0.9419805214735409,0.00876525955956557,0.015765503684712828,0.0080608956510911,0.016190660115966544
S17,stress,4172.234285714286,120.87809193163747,6.9433755033116515,29.756763579304884,19.774134786701165,5.88235294117647,7.333640768678298,0.023182001701026415,7.295995499239265,7.41196757500416,0.009059860234752574,2,13.809150459040438,3.817985601736082,34.55039890034993,0.03746422418846739,0.06457700646230131,0.9419089859100944,0.008508802702832536,0.015269781149716328,0.006778593255269696,0.015837725352914816
